date,cash,total_value,market_value,unit_net_value,units,static_unit_net_value
2018-01-18,3482.873,9998400.813,9994917.94,0.99984,10000000.0,1.0
2018-01-19,3482.873,10026417.609,10022934.736,1.002642,10000000.0,1.0
2018-01-22,3482.873,10150104.184,10146621.311,1.01501,10000000.0,1.003
2018-01-23,3482.873,10278157.632,10274674.759,1.027816,10000000.0,1.015
2018-01-24,3482.873,10273767.266,10270284.393,1.027377,10000000.0,1.028
2018-01-25,3482.873,10206152.685,10202669.812,1.020615,10000000.0,1.027
2018-01-26,3482.873,10261268.67,10257785.797,1.026127,10000000.0,1.021
2018-01-29,3482.873,10053583.665,10050100.792,1.005358,10000000.0,1.026
2018-01-30,3482.873,9920885.261,9917402.388,0.992089,10000000.0,1.005
2018-01-31,3482.873,10036937.546,10033454.673,1.003694,10000000.0,0.992
2018-02-01,3482.873,10043410.259,10039927.386,1.004341,10000000.0,1.004
2018-02-02,3482.873,10085531.121,10082048.248,1.008553,10000000.0,1.004
2018-02-05,3482.873,10116827.533,10113344.66,1.011683,10000000.0,1.009
2018-02-06,3482.873,9868837.675,9865354.802,0.986884,10000000.0,1.012
2018-02-07,3482.873,9581418.102,9577935.229,0.958142,10000000.0,0.987
2018-02-08,9426370.713,9426370.713,0.0,0.942637,10000000.0,0.958
2018-02-09,9426370.713,9426370.713,0.0,0.942637,10000000.0,0.943
2018-02-12,9426370.713,9426370.713,0.0,0.942637,10000000.0,0.943
2018-02-13,9426370.713,9426370.713,0.0,0.942637,10000000.0,0.943
2018-02-14,9426370.713,9426370.713,0.0,0.942637,10000000.0,0.943
2018-02-22,9426370.713,9426370.713,0.0,0.942637,10000000.0,0.943
2018-02-23,9426370.713,9426370.713,0.0,0.942637,10000000.0,0.943
2018-02-26,9426370.713,9426370.713,0.0,0.942637,10000000.0,0.943
2018-02-27,9426370.713,9426370.713,0.0,0.942637,10000000.0,0.943
2018-02-28,9426370.713,9426370.713,0.0,0.942637,10000000.0,0.943
2018-03-01,9426370.713,9426370.713,0.0,0.942637,10000000.0,0.943
2018-03-02,9426370.713,9426370.713,0.0,0.942637,10000000.0,0.943
2018-03-05,9426370.713,9426370.713,0.0,0.942637,10000000.0,0.943
2018-03-06,9426370.713,9426370.713,0.0,0.942637,10000000.0,0.943
2018-03-07,424.584,9424862.803,9424438.218,0.942486,10000000.0,0.943
2018-03-08,424.584,9466841.411,9466416.826,0.946684,10000000.0,0.942
2018-03-09,424.584,9800652.641,9800228.057,0.980065,10000000.0,0.947
2018-03-12,424.584,9937661.695,9937237.111,0.993766,10000000.0,0.98
2018-03-13,424.584,9886292.802,9885868.218,0.988629,10000000.0,0.994
2018-03-14,424.584,9720590.799,9720166.215,0.972059,10000000.0,0.989
2018-03-15,424.584,9759767.314,9759342.729,0.975977,10000000.0,0.972
2018-03-16,424.584,9615185.006,9614760.422,0.961519,10000000.0,0.976
2018-03-19,424.584,9729198.737,9728774.152,0.97292,10000000.0,0.962
2018-03-20,424.584,9843755.676,9843331.092,0.984376,10000000.0,0.973
2018-03-21,424.584,9660534.784,9660110.199,0.966053,10000000.0,0.984
2018-03-22,424.584,9593570.669,9593146.084,0.959357,10000000.0,0.966
2018-03-23,424.584,9112088.916,9111664.331,0.911209,10000000.0,0.959
2018-03-26,424.584,9400261.079,9399836.495,0.940026,10000000.0,0.911
2018-03-27,424.584,9738558.404,9738133.819,0.973856,10000000.0,0.94
2018-03-28,424.584,9688202.023,9687777.438,0.96882,10000000.0,0.974
2018-03-29,424.584,9725330.813,9724906.229,0.972533,10000000.0,0.969
2018-03-30,424.584,10033067.479,10032642.894,1.003307,10000000.0,0.973
2018-04-02,424.584,10031868.618,10031444.033,1.003187,10000000.0,1.003
2018-04-03,424.584,9885194.242,9884769.658,0.988519,10000000.0,1.003
2018-04-04,424.584,9696958.828,9696534.243,0.969696,10000000.0,0.989
2018-04-09,424.584,9722511.299,9722086.715,0.972251,10000000.0,0.97
2018-04-10,424.584,9690135.192,9689710.608,0.969014,10000000.0,0.972
2018-04-11,9683863.529,9683863.529,0.0,0.968386,10000000.0,0.969
2018-04-12,9683863.529,9683863.529,0.0,0.968386,10000000.0,0.968
2018-04-13,9683863.529,9683863.529,0.0,0.968386,10000000.0,0.968
2018-04-16,9683863.529,9683863.529,0.0,0.968386,10000000.0,0.968
2018-04-17,9683863.529,9683863.529,0.0,0.968386,10000000.0,0.968
2018-04-18,9683863.529,9683863.529,0.0,0.968386,10000000.0,0.968
2018-04-19,9683863.529,9683863.529,0.0,0.968386,10000000.0,0.968
2018-04-20,9683863.529,9683863.529,0.0,0.968386,10000000.0,0.968
2018-04-23,9683863.529,9683863.529,0.0,0.968386,10000000.0,0.968
2018-04-24,9683863.529,9683863.529,0.0,0.968386,10000000.0,0.968
2018-04-25,1253.104,9682314.559,9681061.454,0.968231,10000000.0,0.968
2018-04-26,1253.104,9479423.233,9478170.128,0.947942,10000000.0,0.968
2018-04-27,9607291.144,9607291.144,0.0,0.960729,10000000.0,0.948
2018-05-02,9607291.144,9607291.144,0.0,0.960729,10000000.0,0.961
2018-05-03,9607291.144,9607291.144,0.0,0.960729,10000000.0,0.961
2018-05-04,9607291.144,9607291.144,0.0,0.960729,10000000.0,0.961
2018-05-07,9607291.144,9607291.144,0.0,0.960729,10000000.0,0.961
2018-05-08,9607291.144,9607291.144,0.0,0.960729,10000000.0,0.961
2018-05-09,88.924,9605754.238,9605665.314,0.960575,10000000.0,0.961
2018-05-10,88.924,9655186.073,9655097.149,0.965519,10000000.0,0.961
2018-05-11,88.924,9496908.651,9496819.727,0.949691,10000000.0,0.966
2018-05-14,9475727.13,9475727.13,0.0,0.947573,10000000.0,0.95
2018-05-15,2836.81,9474211.71,9471374.9,0.947421,10000000.0,0.948
2018-05-16,2836.81,9374677.814,9371841.004,0.937468,10000000.0,0.947
2018-05-17,2836.81,9306431.45,9303594.64,0.930643,10000000.0,0.937
2018-05-18,2836.81,9423680.461,9420843.651,0.942368,10000000.0,0.931
2018-05-21,2836.81,9446695.207,9443858.397,0.94467,10000000.0,0.942
2018-05-22,2836.81,9387332.829,9384496.02,0.938733,10000000.0,0.945
2018-05-23,533.603,9248859.836,9248326.233,0.924886,10000000.0,0.939
2018-05-24,533.603,9210931.631,9210398.028,0.921093,10000000.0,0.925
2018-05-25,533.603,9041323.091,9040789.488,0.904132,10000000.0,0.921
2018-05-28,9001629.331,9001629.331,0.0,0.900163,10000000.0,0.904
2018-05-29,671.954,9000189.408,8999517.454,0.900019,10000000.0,0.9
2018-05-30,671.954,8823936.636,8823264.682,0.882394,10000000.0,0.9
2018-05-31,9030040.064,9030040.064,0.0,0.903004,10000000.0,0.882
2018-06-01,892.628,9028595.632,9027703.003,0.90286,10000000.0,0.903
2018-06-04,892.628,9181805.617,9180912.989,0.918181,10000000.0,0.903
2018-06-05,892.628,9254193.121,9253300.493,0.925419,10000000.0,0.918
2018-06-06,9221228.35,9221228.35,0.0,0.922123,10000000.0,0.925
2018-06-07,9221228.35,9221228.35,0.0,0.922123,10000000.0,0.922
2018-06-08,9221228.35,9221228.35,0.0,0.922123,10000000.0,0.922
2018-06-11,9221228.35,9221228.35,0.0,0.922123,10000000.0,0.922
2018-06-12,9221228.35,9221228.35,0.0,0.922123,10000000.0,0.922
2018-06-13,9221228.35,9221228.35,0.0,0.922123,10000000.0,0.922
2018-06-14,9221228.35,9221228.35,0.0,0.922123,10000000.0,0.922
2018-06-15,9221228.35,9221228.35,0.0,0.922123,10000000.0,0.922
2018-06-19,9221228.35,9221228.35,0.0,0.922123,10000000.0,0.922
2018-06-20,9221228.35,9221228.35,0.0,0.922123,10000000.0,0.922
2018-06-21,9221228.35,9221228.35,0.0,0.922123,10000000.0,0.922
2018-06-22,9221228.35,9221228.35,0.0,0.922123,10000000.0,0.922
2018-06-25,9221228.35,9221228.35,0.0,0.922123,10000000.0,0.922
2018-06-26,9221228.35,9221228.35,0.0,0.922123,10000000.0,0.922
2018-06-27,9221228.35,9221228.35,0.0,0.922123,10000000.0,0.922
2018-06-28,9221228.35,9221228.35,0.0,0.922123,10000000.0,0.922
2018-06-29,9221228.35,9221228.35,0.0,0.922123,10000000.0,0.922
2018-07-02,9221228.35,9221228.35,0.0,0.922123,10000000.0,0.922
2018-07-03,9221228.35,9221228.35,0.0,0.922123,10000000.0,0.922
2018-07-04,9221228.35,9221228.35,0.0,0.922123,10000000.0,0.922
2018-07-05,9221228.35,9221228.35,0.0,0.922123,10000000.0,0.922
2018-07-06,9221228.35,9221228.35,0.0,0.922123,10000000.0,0.922
2018-07-09,9221228.35,9221228.35,0.0,0.922123,10000000.0,0.922
2018-07-10,9221228.35,9221228.35,0.0,0.922123,10000000.0,0.922
2018-07-11,9221228.35,9221228.35,0.0,0.922123,10000000.0,0.922
2018-07-12,9221228.35,9221228.35,0.0,0.922123,10000000.0,0.922
2018-07-13,9221228.35,9221228.35,0.0,0.922123,10000000.0,0.922
2018-07-16,9221228.35,9221228.35,0.0,0.922123,10000000.0,0.922
2018-07-17,9221228.35,9221228.35,0.0,0.922123,10000000.0,0.922
2018-07-18,145.783,9219753.213,9219607.429,0.921975,10000000.0,0.922
2018-07-19,145.783,9117568.745,9117422.962,0.911757,10000000.0,0.922
2018-07-20,145.783,9229293.442,9229147.659,0.922929,10000000.0,0.912
2018-07-23,145.783,9294806.685,9294660.902,0.929481,10000000.0,0.923
2018-07-24,145.783,9344327.23,9344181.446,0.934433,10000000.0,0.929
2018-07-25,145.783,9359870.957,9359725.174,0.935987,10000000.0,0.934
2018-07-26,145.783,9209610.913,9209465.13,0.920961,10000000.0,0.936
2018-07-27,145.783,9143395.255,9143249.472,0.91434,10000000.0,0.921
2018-07-30,2575.3,8940265.223,8937689.923,0.894027,10000000.0,0.914
2018-07-31,2575.3,8947264.029,8944688.729,0.894726,10000000.0,0.894
2018-08-01,2575.3,8757549.228,8754973.928,0.875755,10000000.0,0.895
2018-08-02,2575.3,8569307.368,8566732.068,0.856931,10000000.0,0.876
2018-08-03,2575.3,8441671.744,8439096.444,0.844167,10000000.0,0.857
2018-08-06,8386845.812,8386845.812,0.0,0.838685,10000000.0,0.844
2018-08-07,8386845.812,8386845.812,0.0,0.838685,10000000.0,0.839
2018-08-08,8386845.812,8386845.812,0.0,0.838685,10000000.0,0.839
2018-08-09,8386845.812,8386845.812,0.0,0.838685,10000000.0,0.839
2018-08-10,8386845.812,8386845.812,0.0,0.838685,10000000.0,0.839
2018-08-13,8386845.812,8386845.812,0.0,0.838685,10000000.0,0.839
2018-08-14,8386845.812,8386845.812,0.0,0.838685,10000000.0,0.839
2018-08-15,8386845.812,8386845.812,0.0,0.838685,10000000.0,0.839
2018-08-16,8386845.812,8386845.812,0.0,0.838685,10000000.0,0.839
2018-08-17,8386845.812,8386845.812,0.0,0.838685,10000000.0,0.839
2018-08-20,8386845.812,8386845.812,0.0,0.838685,10000000.0,0.839
2018-08-21,8386845.812,8386845.812,0.0,0.838685,10000000.0,0.839
2018-08-22,8386845.812,8386845.812,0.0,0.838685,10000000.0,0.839
2018-08-23,8386845.812,8386845.812,0.0,0.838685,10000000.0,0.839
2018-08-24,8386845.812,8386845.812,0.0,0.838685,10000000.0,0.839
2018-08-27,8386845.812,8386845.812,0.0,0.838685,10000000.0,0.839
2018-08-28,8386845.812,8386845.812,0.0,0.838685,10000000.0,0.839
2018-08-29,8386845.812,8386845.812,0.0,0.838685,10000000.0,0.839
2018-08-30,8386845.812,8386845.812,0.0,0.838685,10000000.0,0.839
2018-08-31,393.784,8385504.195,8385110.411,0.83855,10000000.0,0.839
2018-09-03,393.784,8346041.333,8345647.549,0.834604,10000000.0,0.839
2018-09-04,393.784,8457328.983,8456935.2,0.845733,10000000.0,0.835
2018-09-05,8275170.879,8275170.879,0.0,0.827517,10000000.0,0.846
2018-09-06,8275170.879,8275170.879,0.0,0.827517,10000000.0,0.828
2018-09-07,8275170.879,8275170.879,0.0,0.827517,10000000.0,0.828
2018-09-10,8275170.879,8275170.879,0.0,0.827517,10000000.0,0.828
2018-09-11,8275170.879,8275170.879,0.0,0.827517,10000000.0,0.828
2018-09-12,8275170.879,8275170.879,0.0,0.827517,10000000.0,0.828
2018-09-13,8275170.879,8275170.879,0.0,0.827517,10000000.0,0.828
2018-09-14,8275170.879,8275170.879,0.0,0.827517,10000000.0,0.828
2018-09-17,1253.865,8273847.264,8272593.399,0.827385,10000000.0,0.828
2018-09-18,8444168.057,8444168.057,0.0,0.844417,10000000.0,0.827
2018-09-19,8444168.057,8444168.057,0.0,0.844417,10000000.0,0.844
2018-09-20,1187.299,8442817.397,8441630.098,0.844282,10000000.0,0.844
2018-09-21,1187.299,8724920.427,8723733.128,0.872492,10000000.0,0.844
2018-09-25,1187.299,8635011.377,8633824.078,0.863501,10000000.0,0.872
2018-09-26,8737454.582,8737454.582,0.0,0.873745,10000000.0,0.864
2018-09-27,32.148,8736056.818,8736024.67,0.873606,10000000.0,0.874
2018-09-28,32.148,8829653.573,8829621.425,0.882965,10000000.0,0.874
2018-10-08,32.148,8432277.553,8432245.405,0.843228,10000000.0,0.883
2018-10-09,8434172.767,8434172.767,0.0,0.843417,10000000.0,0.843
2018-10-10,8434172.767,8434172.767,0.0,0.843417,10000000.0,0.843
2018-10-11,8434172.767,8434172.767,0.0,0.843417,10000000.0,0.843
2018-10-12,8434172.767,8434172.767,0.0,0.843417,10000000.0,0.843
2018-10-15,8434172.767,8434172.767,0.0,0.843417,10000000.0,0.843
2018-10-16,8434172.767,8434172.767,0.0,0.843417,10000000.0,0.843
2018-10-17,8434172.767,8434172.767,0.0,0.843417,10000000.0,0.843
2018-10-18,8434172.767,8434172.767,0.0,0.843417,10000000.0,0.843
2018-10-19,8434172.767,8434172.767,0.0,0.843417,10000000.0,0.843
2018-10-22,8434172.767,8434172.767,0.0,0.843417,10000000.0,0.843
2018-10-23,743.698,8432823.634,8432079.936,0.843282,10000000.0,0.843
2018-10-24,743.698,8461083.86,8460340.161,0.846108,10000000.0,0.843
2018-10-25,8481230.617,8481230.617,0.0,0.848123,10000000.0,0.846
2018-10-26,8481230.617,8481230.617,0.0,0.848123,10000000.0,0.848
2018-10-29,8481230.617,8481230.617,0.0,0.848123,10000000.0,0.848
2018-10-30,8481230.617,8481230.617,0.0,0.848123,10000000.0,0.848
2018-10-31,8481230.617,8481230.617,0.0,0.848123,10000000.0,0.848
2018-11-01,8481230.617,8481230.617,0.0,0.848123,10000000.0,0.848
2018-11-02,8481230.617,8481230.617,0.0,0.848123,10000000.0,0.848
2018-11-05,8481230.617,8481230.617,0.0,0.848123,10000000.0,0.848
2018-11-06,8481230.617,8481230.617,0.0,0.848123,10000000.0,0.848
2018-11-07,8481230.617,8481230.617,0.0,0.848123,10000000.0,0.848
2018-11-08,8481230.617,8481230.617,0.0,0.848123,10000000.0,0.848
2018-11-09,528.493,8479873.921,8479345.428,0.847987,10000000.0,0.848
2018-11-12,528.493,8774476.88,8773948.387,0.877448,10000000.0,0.848
2018-11-13,528.493,8923600.402,8923071.909,0.89236,10000000.0,0.877
2018-11-14,528.493,8883073.177,8882544.684,0.888307,10000000.0,0.892
2018-11-15,528.493,9008167.532,9007639.039,0.900817,10000000.0,0.888
2018-11-16,528.493,8995571.882,8995043.389,0.899557,10000000.0,0.901
2018-11-19,528.493,8938632.493,8938104.0,0.893863,10000000.0,0.9
2018-11-20,528.493,8688221.356,8687692.863,0.868822,10000000.0,0.894
2018-11-21,528.493,8737540.537,8737012.044,0.873754,10000000.0,0.869
2018-11-22,528.493,8679179.41,8678650.917,0.867918,10000000.0,0.874
2018-11-23,528.493,8389543.56,8389015.067,0.838954,10000000.0,0.868
2018-11-26,528.493,8362740.145,8362211.652,0.836274,10000000.0,0.839
2018-11-27,528.493,8432452.741,8431924.248,0.843245,10000000.0,0.836
2018-11-28,528.493,8596871.805,8596343.312,0.859687,10000000.0,0.843
2018-11-29,528.493,8415039.976,8414511.483,0.841504,10000000.0,0.86
2018-11-30,528.493,8521908.778,8521380.285,0.852191,10000000.0,0.842
2018-12-03,8798729.455,8798729.455,0.0,0.879873,10000000.0,0.852
2018-12-04,874.693,8797322.023,8796447.33,0.879732,10000000.0,0.88
2018-12-05,874.693,8816546.877,8815672.184,0.881655,10000000.0,0.88
2018-12-06,874.693,8586828.597,8585953.904,0.858683,10000000.0,0.882
2018-12-07,874.693,8556573.999,8555699.306,0.855657,10000000.0,0.859
2018-12-10,874.693,8466163.657,8465288.964,0.846616,10000000.0,0.856
2018-12-11,8536451.527,8536451.527,0.0,0.853645,10000000.0,0.847
2018-12-12,8536451.527,8536451.527,0.0,0.853645,10000000.0,0.854
2018-12-13,8536451.527,8536451.527,0.0,0.853645,10000000.0,0.854
2018-12-14,8536451.527,8536451.527,0.0,0.853645,10000000.0,0.854
2018-12-17,8536451.527,8536451.527,0.0,0.853645,10000000.0,0.854
2018-12-18,8536451.527,8536451.527,0.0,0.853645,10000000.0,0.854
2018-12-19,8536451.527,8536451.527,0.0,0.853645,10000000.0,0.854
2018-12-20,8536451.527,8536451.527,0.0,0.853645,10000000.0,0.854
2018-12-21,8536451.527,8536451.527,0.0,0.853645,10000000.0,0.854
2018-12-24,8536451.527,8536451.527,0.0,0.853645,10000000.0,0.854
2018-12-25,8536451.527,8536451.527,0.0,0.853645,10000000.0,0.854
2018-12-26,8536451.527,8536451.527,0.0,0.853645,10000000.0,0.854
2018-12-27,8536451.527,8536451.527,0.0,0.853645,10000000.0,0.854
2018-12-28,8536451.527,8536451.527,0.0,0.853645,10000000.0,0.854
2019-01-02,8536451.527,8536451.527,0.0,0.853645,10000000.0,0.854
2019-01-03,8536451.527,8536451.527,0.0,0.853645,10000000.0,0.854
2019-01-04,8536451.527,8536451.527,0.0,0.853645,10000000.0,0.854
2019-01-07,8536451.527,8536451.527,0.0,0.853645,10000000.0,0.854
2019-01-08,8536451.527,8536451.527,0.0,0.853645,10000000.0,0.854
2019-01-09,8536451.527,8536451.527,0.0,0.853645,10000000.0,0.854
2019-01-10,8536451.527,8536451.527,0.0,0.853645,10000000.0,0.854
2019-01-11,8536451.527,8536451.527,0.0,0.853645,10000000.0,0.854
2019-01-14,8536451.527,8536451.527,0.0,0.853645,10000000.0,0.854
2019-01-15,8536451.527,8536451.527,0.0,0.853645,10000000.0,0.854
2019-01-16,8536451.527,8536451.527,0.0,0.853645,10000000.0,0.854
2019-01-17,8536451.527,8536451.527,0.0,0.853645,10000000.0,0.854
2019-01-18,8536451.527,8536451.527,0.0,0.853645,10000000.0,0.854
2019-01-21,831.395,8535086.046,8534254.651,0.853509,10000000.0,0.854
2019-01-22,831.395,8420550.529,8419719.134,0.842055,10000000.0,0.854
2019-01-23,831.395,8410438.486,8409607.09,0.841044,10000000.0,0.842
2019-01-24,831.395,8456765.977,8455934.581,0.845677,10000000.0,0.841
2019-01-25,831.395,8547446.614,8546615.218,0.854745,10000000.0,0.846
2019-01-28,831.395,8542154.065,8541322.67,0.854215,10000000.0,0.855
2019-01-29,831.395,8598711.61,8597880.215,0.859871,10000000.0,0.854
2019-01-30,831.395,8534448.484,8533617.089,0.853445,10000000.0,0.86
2019-01-31,831.395,8671528.884,8670697.489,0.867153,10000000.0,0.853
2019-02-01,831.395,8757499.445,8756668.05,0.87575,10000000.0,0.867
2019-02-11,831.395,8892726.291,8891894.896,0.889273,10000000.0,0.876
2019-02-12,831.395,8932929.092,8932097.697,0.893293,10000000.0,0.889
2019-02-13,831.395,9106600.958,9105769.562,0.91066,10000000.0,0.893
2019-02-14,831.395,9125847.348,9125015.953,0.912585,10000000.0,0.911
2019-02-15,831.395,8924772.189,8923940.794,0.892477,10000000.0,0.913
2019-02-18,831.395,9181722.603,9180891.208,0.918172,10000000.0,0.892
2019-02-19,477.756,9170654.331,9170176.575,0.917065,10000000.0,0.918
2019-02-20,477.756,9185943.856,9185466.1,0.918594,10000000.0,0.917
2019-02-21,477.756,9213031.026,9212553.27,0.921303,10000000.0,0.919
2019-02-22,477.756,9498459.182,9497981.426,0.949846,10000000.0,0.921
2019-02-25,477.756,10020690.07,10020212.314,1.002069,10000000.0,0.95
2019-02-26,477.756,10089926.318,10089448.562,1.008993,10000000.0,1.002
2019-02-27,477.756,9916652.431,9916174.675,0.991665,10000000.0,1.009
2019-02-28,477.756,10016185.325,10015707.569,1.001619,10000000.0,0.992
2019-03-01,477.756,10226146.114,10225668.358,1.022615,10000000.0,1.002
2019-03-04,477.756,10564225.724,10563747.968,1.056423,10000000.0,1.023
2019-03-05,477.756,10935040.556,10934562.8,1.093504,10000000.0,1.056
2019-03-06,477.756,11091115.277,11090637.521,1.109112,10000000.0,1.094
2019-03-07,477.756,11038416.865,11037939.109,1.103842,10000000.0,1.109
2019-03-08,477.756,10791030.883,10790553.127,1.079103,10000000.0,1.104
2019-03-11,477.756,11269198.487,11268720.731,1.12692,10000000.0,1.079
2019-03-12,477.756,11566804.521,11566326.765,1.15668,10000000.0,1.127
2019-03-13,477.756,11047835.285,11047357.529,1.104784,10000000.0,1.157
2019-03-14,477.756,10762992.153,10762514.396,1.076299,10000000.0,1.105
2019-03-15,477.756,10844104.31,10843626.554,1.08441,10000000.0,1.076
2019-03-18,477.756,11133896.988,11133419.232,1.11339,10000000.0,1.084
2019-03-19,477.756,11145755.941,11145278.185,1.114576,10000000.0,1.113
2019-03-20,477.756,11008961.556,11008483.8,1.100896,10000000.0,1.115
2019-03-21,477.756,11113016.805,11112539.049,1.111302,10000000.0,1.101
2019-03-22,477.756,11047867.895,11047390.139,1.104787,10000000.0,1.111
2019-03-25,477.756,10884660.715,10884182.959,1.088466,10000000.0,1.105
2019-03-26,477.756,10632578.893,10632101.137,1.063258,10000000.0,1.088
2019-03-27,477.756,10682031.958,10681554.202,1.068203,10000000.0,1.063
2019-03-28,477.756,10610589.318,10610111.561,1.061059,10000000.0,1.068
2019-03-29,477.756,11045794.551,11045316.795,1.104579,10000000.0,1.061
2019-04-01,477.756,11485015.38,11484537.624,1.148502,10000000.0,1.105
2019-04-02,477.756,11441086.449,11440608.693,1.144109,10000000.0,1.149
2019-04-03,477.756,11532535.324,11532057.568,1.153254,10000000.0,1.144
2019-04-04,477.756,11591785.738,11591307.982,1.159179,10000000.0,1.153
2019-04-08,3189.007,11342878.603,11339689.597,1.134288,10000000.0,1.159
2019-04-09,3189.007,11424615.371,11421426.365,1.142462,10000000.0,1.134
2019-04-10,3189.007,11479325.393,11476136.386,1.147933,10000000.0,1.142
2019-04-11,3189.007,11241533.017,11238344.011,1.124153,10000000.0,1.148
2019-04-12,3189.007,11212219.873,11209030.866,1.121222,10000000.0,1.124
2019-04-15,3189.007,11217926.303,11214737.297,1.121793,10000000.0,1.121
2019-04-16,3189.007,11562025.535,11558836.529,1.156203,10000000.0,1.122
2019-04-17,3189.007,11548302.838,11545113.832,1.15483,10000000.0,1.156
2019-04-18,3189.007,11513425.237,11510236.23,1.151343,10000000.0,1.155
2019-04-19,3189.007,11686688.23,11683499.224,1.168669,10000000.0,1.151
2019-04-22,3189.007,11396043.616,11392854.609,1.139604,10000000.0,1.169
2019-04-23,3189.007,11415821.886,11412632.879,1.141582,10000000.0,1.14
2019-04-24,3189.007,11414378.441,11411189.434,1.141438,10000000.0,1.142
2019-04-25,3189.007,11196417.946,11193228.94,1.119642,10000000.0,1.141
2019-04-26,3189.007,11056810.556,11053621.549,1.105681,10000000.0,1.12
2019-04-29,3189.007,11186379.833,11183190.826,1.118638,10000000.0,1.106
2019-04-30,3189.007,11195087.38,11191898.373,1.119509,10000000.0,1.119
2019-05-06,3189.007,10582982.562,10579793.555,1.058298,10000000.0,1.12
2019-05-07,10662519.485,10662519.485,0.0,1.066252,10000000.0,1.058
2019-05-08,10662519.485,10662519.485,0.0,1.066252,10000000.0,1.066
2019-05-09,10662519.485,10662519.485,0.0,1.066252,10000000.0,1.066
2019-05-10,10662519.485,10662519.485,0.0,1.066252,10000000.0,1.066
2019-05-13,10662519.485,10662519.485,0.0,1.066252,10000000.0,1.066
2019-05-14,10662519.485,10662519.485,0.0,1.066252,10000000.0,1.066
2019-05-15,10662519.485,10662519.485,0.0,1.066252,10000000.0,1.066
2019-05-16,10662519.485,10662519.485,0.0,1.066252,10000000.0,1.066
2019-05-17,10662519.485,10662519.485,0.0,1.066252,10000000.0,1.066
2019-05-20,10662519.485,10662519.485,0.0,1.066252,10000000.0,1.066
2019-05-21,10662519.485,10662519.485,0.0,1.066252,10000000.0,1.066
2019-05-22,10662519.485,10662519.485,0.0,1.066252,10000000.0,1.066
2019-05-23,10662519.485,10662519.485,0.0,1.066252,10000000.0,1.066
2019-05-24,10662519.485,10662519.485,0.0,1.066252,10000000.0,1.066
2019-05-27,10662519.485,10662519.485,0.0,1.066252,10000000.0,1.066
2019-05-28,10662519.485,10662519.485,0.0,1.066252,10000000.0,1.066
2019-05-29,10662519.485,10662519.485,0.0,1.066252,10000000.0,1.066
2019-05-30,10662519.485,10662519.485,0.0,1.066252,10000000.0,1.066
2019-05-31,10662519.485,10662519.485,0.0,1.066252,10000000.0,1.066
2019-06-03,10662519.485,10662519.485,0.0,1.066252,10000000.0,1.066
2019-06-04,10662519.485,10662519.485,0.0,1.066252,10000000.0,1.066
2019-06-05,10662519.485,10662519.485,0.0,1.066252,10000000.0,1.066
2019-06-06,10662519.485,10662519.485,0.0,1.066252,10000000.0,1.066
2019-06-10,10662519.485,10662519.485,0.0,1.066252,10000000.0,1.066
2019-06-11,10662519.485,10662519.485,0.0,1.066252,10000000.0,1.066
2019-06-12,1847.994,10660814.05,10658966.056,1.066081,10000000.0,1.066
2019-06-13,1847.994,10631731.614,10629883.62,1.063173,10000000.0,1.066
2019-06-14,10567635.155,10567635.155,0.0,1.056764,10000000.0,1.063
2019-06-17,10567635.155,10567635.155,0.0,1.056764,10000000.0,1.057
2019-06-18,583.951,10565944.697,10565360.746,1.056594,10000000.0,1.057
2019-06-19,583.951,10707528.543,10706944.592,1.070753,10000000.0,1.057
2019-06-20,583.951,11064875.675,11064291.724,1.106488,10000000.0,1.071
2019-06-21,583.951,11051524.129,11050940.178,1.105152,10000000.0,1.106
2019-06-24,583.951,11084394.584,11083810.633,1.108439,10000000.0,1.105
2019-06-25,583.951,10957263.839,10956679.888,1.095726,10000000.0,1.108
2019-06-26,583.951,10932294.183,10931710.232,1.093229,10000000.0,1.096
2019-06-27,583.951,11058259.351,11057675.4,1.105826,10000000.0,1.093
2019-06-28,583.951,11039560.085,11038976.134,1.103956,10000000.0,1.106
2019-07-01,583.951,11353679.993,11353096.042,1.135368,10000000.0,1.104
2019-07-02,583.951,11356224.195,11355640.244,1.135622,10000000.0,1.135
2019-07-03,583.951,11222286.674,11221702.723,1.122229,10000000.0,1.136
2019-07-04,583.951,11173745.893,11173161.942,1.117375,10000000.0,1.122
2019-07-05,583.951,11241392.13,11240808.179,1.124139,10000000.0,1.117
2019-07-08,583.951,10999670.613,10999086.662,1.099967,10000000.0,1.124
2019-07-09,583.951,10957689.935,10957105.984,1.095769,10000000.0,1.1
2019-07-10,583.951,10951222.637,10950638.686,1.095122,10000000.0,1.096
2019-07-11,583.951,10945243.305,10944659.354,1.094524,10000000.0,1.095
2019-07-12,583.951,11020972.185,11020388.234,1.102097,10000000.0,1.095
2019-07-15,583.951,11035843.581,11035259.63,1.103584,10000000.0,1.102
2019-07-16,506.163,10964217.389,10963711.225,1.096422,10000000.0,1.104
2019-07-17,506.163,10999297.907,10998791.743,1.09993,10000000.0,1.096
2019-07-18,506.163,10816686.087,10816179.924,1.081669,10000000.0,1.1
2019-07-19,506.163,10940864.196,10940358.033,1.094086,10000000.0,1.082
2019-07-22,506.163,10756280.676,10755774.513,1.075628,10000000.0,1.094
2019-07-23,10889064.394,10889064.394,0.0,1.088906,10000000.0,1.076
2019-07-24,422.567,10887322.491,10886899.924,1.088732,10000000.0,1.089
2019-07-25,422.567,10973924.806,10973502.24,1.097392,10000000.0,1.089
2019-07-26,422.567,10944341.953,10943919.386,1.094434,10000000.0,1.097
2019-07-29,422.567,10977059.037,10976636.471,1.097706,10000000.0,1.094
2019-07-30,11070612.153,11070612.153,0.0,1.107061,10000000.0,1.098
2019-07-31,708.569,11068841.252,11068132.683,1.106884,10000000.0,1.107
2019-08-01,708.569,11093314.022,11092605.454,1.109331,10000000.0,1.107
2019-08-02,708.569,10972641.69,10971933.122,1.097264,10000000.0,1.109
2019-08-05,708.569,10793821.244,10793112.675,1.079382,10000000.0,1.097
2019-08-06,708.569,10628461.773,10627753.204,1.062846,10000000.0,1.079
2019-08-07,10572788.632,10572788.632,0.0,1.057279,10000000.0,1.063
2019-08-08,10572788.632,10572788.632,0.0,1.057279,10000000.0,1.057
2019-08-09,570.582,10571097.348,10570526.766,1.05711,10000000.0,1.057
2019-08-12,10795175.315,10795175.315,0.0,1.079518,10000000.0,1.057
2019-08-13,10795175.315,10795175.315,0.0,1.079518,10000000.0,1.08
2019-08-14,10795175.315,10795175.315,0.0,1.079518,10000000.0,1.08
2019-08-15,10795175.315,10795175.315,0.0,1.079518,10000000.0,1.08
2019-08-16,954.074,10793448.516,10792494.442,1.079345,10000000.0,1.08
2019-08-19,954.074,11170987.261,11170033.187,1.117099,10000000.0,1.079
2019-08-20,954.074,11093545.251,11092591.178,1.109355,10000000.0,1.117
2019-08-21,954.074,11081436.678,11080482.604,1.108144,10000000.0,1.109
2019-08-22,954.074,11106382.046,11105427.973,1.110638,10000000.0,1.108
2019-08-23,954.074,11120848.047,11119893.974,1.112085,10000000.0,1.111
2019-08-26,954.074,11019227.435,11018273.362,1.101923,10000000.0,1.112
2019-08-27,954.074,11207313.67,11206359.596,1.120731,10000000.0,1.102
2019-08-28,954.074,11187123.766,11186169.692,1.118712,10000000.0,1.121
2019-08-29,954.074,11157337.583,11156383.51,1.115734,10000000.0,1.119
2019-08-30,954.074,11088766.384,11087812.311,1.108877,10000000.0,1.116
2019-09-02,954.074,11373653.754,11372699.681,1.137365,10000000.0,1.109
2019-09-03,954.074,11429669.673,11428715.6,1.142967,10000000.0,1.137
2019-09-04,954.074,11491505.857,11490551.783,1.149151,10000000.0,1.143
2019-09-05,954.074,11626712.756,11625758.682,1.162671,10000000.0,1.149
2019-09-06,954.074,11648635.799,11647681.725,1.164864,10000000.0,1.163
2019-09-09,954.074,11930776.852,11929822.778,1.193078,10000000.0,1.165
2019-09-10,954.074,11876250.414,11875296.341,1.187625,10000000.0,1.193
2019-09-11,954.074,11726404.063,11725449.989,1.17264,10000000.0,1.188
2019-09-12,954.074,11774823.215,11773869.141,1.177482,10000000.0,1.173
2019-09-16,954.074,11800951.083,11799997.009,1.180095,10000000.0,1.177
2019-09-17,954.074,11550535.841,11549581.768,1.155054,10000000.0,1.18
2019-09-18,954.074,11559616.583,11558662.51,1.155962,10000000.0,1.155
2019-09-19,954.074,11740592.679,11739638.605,1.174059,10000000.0,1.156
2019-09-20,954.074,11736793.263,11735839.189,1.173679,10000000.0,1.174
2019-09-23,954.074,11594153.412,11593199.339,1.159415,10000000.0,1.174
2019-09-24,954.074,11664861.095,11663907.021,1.166486,10000000.0,1.159
2019-09-25,954.074,11513779.245,11512825.171,1.151378,10000000.0,1.166
2019-09-26,954.074,11177506.15,11176552.076,1.117751,10000000.0,1.151
2019-09-27,1259.858,11337296.928,11336037.07,1.13373,10000000.0,1.118
2019-09-30,1259.858,11222488.364,11221228.506,1.122249,10000000.0,1.134
2019-10-08,1259.858,11326451.319,11325191.462,1.132645,10000000.0,1.122
2019-10-09,11330860.461,11330860.461,0.0,1.133086,10000000.0,1.133
2019-10-10,11330860.461,11330860.461,0.0,1.133086,10000000.0,1.133
2019-10-11,11330860.461,11330860.461,0.0,1.133086,10000000.0,1.133
2019-10-14,11330860.461,11330860.461,0.0,1.133086,10000000.0,1.133
2019-10-15,2668.646,11329048.24,11326379.594,1.132905,10000000.0,1.133
2019-10-16,11288775.968,11288775.968,0.0,1.128878,10000000.0,1.133
2019-10-17,11288775.968,11288775.968,0.0,1.128878,10000000.0,1.129
2019-10-18,946.522,11286970.204,11286023.682,1.128697,10000000.0,1.129
2019-10-21,11331167.073,11331167.073,0.0,1.133117,10000000.0,1.129
2019-10-22,11331167.073,11331167.073,0.0,1.133117,10000000.0,1.133
2019-10-23,3670.96,11329354.964,11325684.004,1.132935,10000000.0,1.133
2019-10-24,11331212.959,11331212.959,0.0,1.133121,10000000.0,1.133
2019-10-25,11331212.959,11331212.959,0.0,1.133121,10000000.0,1.133
2019-10-28,11331212.959,11331212.959,0.0,1.133121,10000000.0,1.133
2019-10-29,3840.722,11329400.87,11325560.148,1.13294,10000000.0,1.133
2019-10-30,3840.722,11268403.108,11264562.386,1.12684,10000000.0,1.133
2019-10-31,3840.722,11279700.758,11275860.036,1.12797,10000000.0,1.127
2019-11-01,776.305,11484174.413,11483398.109,1.148417,10000000.0,1.128
2019-11-04,776.305,11572127.66,11571351.356,1.157213,10000000.0,1.148
2019-11-05,776.305,11663135.889,11662359.584,1.166314,10000000.0,1.157
2019-11-06,776.305,11593216.427,11592440.122,1.159322,10000000.0,1.166
2019-11-07,776.305,11678697.372,11677921.067,1.16787,10000000.0,1.159
2019-11-08,776.305,11649021.574,11648245.27,1.164902,10000000.0,1.168
2019-11-11,776.305,11389764.046,11388987.742,1.138976,10000000.0,1.165
2019-11-12,11376462.278,11376462.278,0.0,1.137646,10000000.0,1.139
2019-11-13,670.297,11374642.443,11373972.146,1.137464,10000000.0,1.138
2019-11-14,670.297,11447607.097,11446936.8,1.144761,10000000.0,1.137
2019-11-15,670.297,11327233.136,11326562.839,1.132723,10000000.0,1.145
2019-11-18,670.297,11379361.664,11378691.367,1.137936,10000000.0,1.133
2019-11-19,670.297,11694428.193,11693757.896,1.169443,10000000.0,1.138
2019-11-20,670.297,11630764.016,11630093.719,1.163076,10000000.0,1.169
2019-11-21,670.297,11587057.452,11586387.155,1.158706,10000000.0,1.163
2019-11-22,670.297,11361175.281,11360504.984,1.136118,10000000.0,1.159
2019-11-25,11237451.039,11237451.039,0.0,1.123745,10000000.0,1.136
2019-11-26,11237451.039,11237451.039,0.0,1.123745,10000000.0,1.124
2019-11-27,11237451.039,11237451.039,0.0,1.123745,10000000.0,1.124
2019-11-28,11237451.039,11237451.039,0.0,1.123745,10000000.0,1.124
2019-11-29,11237451.039,11237451.039,0.0,1.123745,10000000.0,1.124
2019-12-02,11237451.039,11237451.039,0.0,1.123745,10000000.0,1.124
2019-12-03,11237451.039,11237451.039,0.0,1.123745,10000000.0,1.124
2019-12-04,11237451.039,11237451.039,0.0,1.123745,10000000.0,1.124
2019-12-05,11237451.039,11237451.039,0.0,1.123745,10000000.0,1.124
2019-12-06,11237451.039,11237451.039,0.0,1.123745,10000000.0,1.124
2019-12-09,503.885,11235653.415,11235149.53,1.123565,10000000.0,1.124
2019-12-10,503.885,11320196.89,11319693.005,1.13202,10000000.0,1.124
2019-12-11,503.885,11217301.901,11216798.016,1.12173,10000000.0,1.132
2019-12-12,503.885,11235100.493,11234596.608,1.12351,10000000.0,1.122
2019-12-13,503.885,11459841.255,11459337.37,1.145984,10000000.0,1.124
2019-12-16,503.885,11622517.709,11622013.824,1.162252,10000000.0,1.146
2019-12-17,503.885,11761454.439,11760950.554,1.176145,10000000.0,1.162
2019-12-18,503.885,11701407.284,11700903.398,1.170141,10000000.0,1.176
2019-12-19,503.885,11688479.885,11687976.0,1.168848,10000000.0,1.17
2019-12-20,503.885,11566203.917,11565700.032,1.15662,10000000.0,1.169
2019-12-23,503.885,11337185.357,11336681.472,1.133719,10000000.0,1.157
2019-12-24,503.885,11554207.412,11553703.526,1.155421,10000000.0,1.134
2019-12-25,503.885,11649032.487,11648528.602,1.164903,10000000.0,1.155
2019-12-26,503.885,11709355.777,11708851.891,1.170936,10000000.0,1.165
2019-12-27,503.885,11539277.876,11538773.99,1.153928,10000000.0,1.171
2019-12-30,503.885,11687180.813,11686676.928,1.168718,10000000.0,1.154
2019-12-31,503.885,11738618.842,11738114.957,1.173862,10000000.0,1.169
2020-01-02,503.885,11964641.05,11964137.165,1.196464,10000000.0,1.174
2020-01-03,503.885,11985988.916,11985485.03,1.198599,10000000.0,1.196
2020-01-06,503.885,12142067.521,12141563.635,1.214207,10000000.0,1.199
2020-01-07,503.885,12359405.53,12358901.645,1.235941,10000000.0,1.214
2020-01-08,503.885,12160204.263,12159700.378,1.21602,10000000.0,1.236
2020-01-09,503.885,12489496.167,12488992.282,1.24895,10000000.0,1.216
2020-01-10,503.885,12431085.581,12430581.696,1.243109,10000000.0,1.249
2020-01-13,503.885,12632651.29,12632147.405,1.263265,10000000.0,1.243
2020-01-14,503.885,12550957.94,12550454.054,1.255096,10000000.0,1.263
2020-01-15,503.885,12561932.161,12561428.275,1.256193,10000000.0,1.255
2020-01-16,503.885,12599287.988,12598784.102,1.259929,10000000.0,1.256
2020-01-17,503.885,12615933.082,12615429.197,1.261593,10000000.0,1.26
2020-01-20,503.885,12940150.119,12939646.234,1.294015,10000000.0,1.262
2020-01-21,503.885,12841254.836,12840750.95,1.284125,10000000.0,1.294
2020-01-22,503.885,13016677.21,13016173.325,1.301668,10000000.0,1.284
2020-01-23,503.885,12584802.356,12584298.47,1.25848,10000000.0,1.302
2020-02-03,503.885,11723319.169,11722815.283,1.172332,10000000.0,1.258
2020-02-04,12288744.3,12288744.3,0.0,1.228874,10000000.0,1.172
2020-02-05,1226.799,12286778.612,12285551.813,1.228678,10000000.0,1.229
2020-02-06,1226.799,12746808.798,12745581.999,1.274681,10000000.0,1.229
2020-02-07,1226.799,12769299.565,12768072.766,1.27693,10000000.0,1.275
2020-02-10,1226.799,12936377.817,12935151.018,1.293638,10000000.0,1.277
2020-02-11,1226.799,12849392.362,12848165.563,1.284939,10000000.0,1.294
2020-02-12,1226.799,13209377.651,13208150.852,1.320938,10000000.0,1.285
2020-02-13,1226.799,13078375.329,13077148.53,1.307838,10000000.0,1.321
2020-02-14,1226.799,13107658.678,13106431.879,1.310766,10000000.0,1.308
2020-02-17,1226.799,13595115.717,13593888.918,1.359512,10000000.0,1.311
2020-02-18,1226.799,13752019.665,13750792.866,1.375202,10000000.0,1.36
2020-02-19,1226.799,13552422.024,13551195.225,1.355242,10000000.0,1.375
2020-02-20,1226.799,13852021.49,13850794.692,1.385202,10000000.0,1.355
2020-02-21,1226.799,14104757.591,14103530.793,1.410476,10000000.0,1.385
2020-02-24,1226.799,14341222.913,14339996.114,1.434122,10000000.0,1.41
2020-02-25,1226.799,14489059.107,14487832.308,1.448906,10000000.0,1.434
2020-02-26,1226.799,13813788.2,13812561.401,1.381379,10000000.0,1.449
2020-02-27,1226.799,13915212.008,13913985.209,1.391521,10000000.0,1.381
2020-02-28,1226.799,13122529.01,13121302.211,1.312253,10000000.0,1.392
2020-03-02,1226.799,13526946.676,13525719.877,1.352695,10000000.0,1.312
2020-03-03,1226.799,13767203.53,13765976.731,1.37672,10000000.0,1.353
2020-03-04,1226.799,13742477.494,13741250.695,1.374248,10000000.0,1.377
2020-03-05,1226.799,13996759.091,13995532.292,1.399676,10000000.0,1.374
2020-03-06,1226.799,13891284.056,13890057.257,1.389128,10000000.0,1.4
2020-03-09,1226.799,13258689.108,13257462.309,1.325869,10000000.0,1.389
2020-03-10,1226.799,13611787.439,13610560.64,1.361179,10000000.0,1.326
2020-03-11,1226.799,13311896.608,13310669.809,1.33119,10000000.0,1.361
2020-03-12,1226.799,12960118.916,12958892.117,1.296012,10000000.0,1.331
2020-03-13,12860862.648,12860862.648,0.0,1.286086,10000000.0,1.296
2020-03-16,12860862.648,12860862.648,0.0,1.286086,10000000.0,1.286
2020-03-17,12860862.648,12860862.648,0.0,1.286086,10000000.0,1.286
2020-03-18,12860862.648,12860862.648,0.0,1.286086,10000000.0,1.286
2020-03-19,12860862.648,12860862.648,0.0,1.286086,10000000.0,1.286
2020-03-20,12860862.648,12860862.648,0.0,1.286086,10000000.0,1.286
2020-03-23,12860862.648,12860862.648,0.0,1.286086,10000000.0,1.286
2020-03-24,12860862.648,12860862.648,0.0,1.286086,10000000.0,1.286
2020-03-25,12860862.648,12860862.648,0.0,1.286086,10000000.0,1.286
2020-03-26,12860862.648,12860862.648,0.0,1.286086,10000000.0,1.286
2020-03-27,12860862.648,12860862.648,0.0,1.286086,10000000.0,1.286
2020-03-30,12860862.648,12860862.648,0.0,1.286086,10000000.0,1.286
2020-03-31,12860862.648,12860862.648,0.0,1.286086,10000000.0,1.286
2020-04-01,12860862.648,12860862.648,0.0,1.286086,10000000.0,1.286
2020-04-02,12860862.648,12860862.648,0.0,1.286086,10000000.0,1.286
2020-04-03,12860862.648,12860862.648,0.0,1.286086,10000000.0,1.286
2020-04-07,12860862.648,12860862.648,0.0,1.286086,10000000.0,1.286
2020-04-08,12860862.648,12860862.648,0.0,1.286086,10000000.0,1.286
2020-04-09,12860862.648,12860862.648,0.0,1.286086,10000000.0,1.286
2020-04-10,12860862.648,12860862.648,0.0,1.286086,10000000.0,1.286
2020-04-13,12860862.648,12860862.648,0.0,1.286086,10000000.0,1.286
2020-04-14,12860862.648,12860862.648,0.0,1.286086,10000000.0,1.286
2020-04-15,1006.121,12858805.4,12857799.279,1.285881,10000000.0,1.286
2020-04-16,1006.121,13059545.547,13058539.426,1.305955,10000000.0,1.286
2020-04-17,1006.121,13140050.06,13139043.939,1.314005,10000000.0,1.306
2020-04-20,1081.17,13283182.53,13282101.36,1.328318,10000000.0,1.314
2020-04-21,1081.17,13118003.149,13116921.979,1.3118,10000000.0,1.328
2020-04-22,325.374,13221681.68,13221356.305,1.322168,10000000.0,1.312
2020-04-23,325.374,13133377.767,13133052.392,1.313338,10000000.0,1.322
2020-04-24,325.374,12966577.388,12966252.014,1.296658,10000000.0,1.313
2020-04-27,325.374,13063112.413,13062787.039,1.306311,10000000.0,1.297
2020-04-28,325.374,13141141.672,13140816.298,1.314114,10000000.0,1.306
2020-04-29,325.374,13139541.394,13139216.02,1.313954,10000000.0,1.314
2020-04-30,325.374,13391620.493,13391295.119,1.339162,10000000.0,1.314
2020-05-06,325.374,13655859.896,13655534.522,1.365586,10000000.0,1.339
2020-05-07,325.374,13633698.662,13633373.288,1.36337,10000000.0,1.366
2020-05-08,325.374,13752774.768,13752449.394,1.375277,10000000.0,1.363
2020-05-11,325.374,13607706.596,13607381.222,1.360771,10000000.0,1.375
2020-05-12,325.374,13745700.024,13745374.65,1.37457,10000000.0,1.361
2020-05-13,325.374,13852671.478,13852346.104,1.385267,10000000.0,1.375
2020-05-14,325.374,13703621.052,13703295.678,1.370362,10000000.0,1.385
2020-05-15,325.374,13746739.914,13746414.54,1.374674,10000000.0,1.37
2020-05-18,325.374,13685572.786,13685247.412,1.368557,10000000.0,1.375
2020-05-19,325.374,13874930.424,13874605.05,1.387493,10000000.0,1.369
2020-05-20,325.374,13706674.717,13706349.343,1.370667,10000000.0,1.387
2020-05-21,325.374,13585747.905,13585422.531,1.358575,10000000.0,1.371
2020-05-22,325.374,13243845.502,13243520.128,1.324385,10000000.0,1.359
2020-05-25,325.374,13280772.91,13280447.536,1.328077,10000000.0,1.324
2020-05-26,325.374,13673375.598,13673050.224,1.367338,10000000.0,1.328
2020-05-27,325.374,13404830.393,13404505.019,1.340483,10000000.0,1.367
2020-05-28,325.374,13297997.418,13297672.044,1.3298,10000000.0,1.34
2020-05-29,325.374,13503139.766,13502814.392,1.350314,10000000.0,1.33
2020-06-01,325.374,13966187.054,13965861.68,1.396619,10000000.0,1.35
2020-06-02,325.374,13882469.139,13882143.765,1.388247,10000000.0,1.397
2020-06-03,325.374,13868434.834,13868109.46,1.386843,10000000.0,1.388
2020-06-04,325.374,13921937.062,13921611.688,1.392194,10000000.0,1.387
2020-06-05,325.374,14018938.646,14018613.272,1.401894,10000000.0,1.392
2020-06-08,325.374,13936039.312,13935713.938,1.393604,10000000.0,1.402
2020-06-09,325.374,14117385.852,14117060.478,1.411739,10000000.0,1.394
2020-06-10,325.374,14249391.016,14249065.642,1.424939,10000000.0,1.412
2020-06-11,325.374,14208296.284,14207970.91,1.42083,10000000.0,1.425
2020-06-12,325.374,14280295.865,14279970.491,1.42803,10000000.0,1.421
2020-06-15,325.374,14363030.189,14362704.815,1.436303,10000000.0,1.428
2020-06-16,325.374,14627745.857,14627420.482,1.462775,10000000.0,1.436
2020-06-17,325.374,14650414.417,14650089.043,1.465041,10000000.0,1.463
2020-06-18,325.374,14663817.799,14663492.425,1.466382,10000000.0,1.465
2020-06-19,325.374,15009482.442,15009157.067,1.500948,10000000.0,1.466
2020-06-22,325.374,15161104.443,15160779.068,1.51611,10000000.0,1.501
2020-06-23,325.374,15414553.452,15414228.078,1.541455,10000000.0,1.516
2020-06-24,325.374,15417310.746,15416985.371,1.541731,10000000.0,1.541
2020-06-29,325.374,15353007.771,15352682.397,1.535301,10000000.0,1.542
2020-06-30,325.374,15777896.22,15777570.846,1.57779,10000000.0,1.535
2020-07-01,325.374,15657747.222,15657421.847,1.565775,10000000.0,1.578
2020-07-02,325.374,15688575.066,15688249.691,1.568858,10000000.0,1.566
2020-07-03,325.374,15935566.665,15935241.29,1.593557,10000000.0,1.569
2020-07-06,325.374,16368635.751,16368310.377,1.636864,10000000.0,1.594
2020-07-07,325.374,16768390.836,16768065.461,1.676839,10000000.0,1.637
2020-07-08,325.374,17161219.362,17160893.987,1.716122,10000000.0,1.677
2020-07-09,325.374,17845100.526,17844775.151,1.78451,10000000.0,1.716
2020-07-10,325.374,17979718.68,17979393.306,1.797972,10000000.0,1.785
2020-07-13,325.374,18697804.256,18697478.882,1.86978,10000000.0,1.798
2020-07-14,325.374,18498791.239,18498465.865,1.849879,10000000.0,1.87
2020-07-15,325.374,18203641.164,18203315.79,1.820364,10000000.0,1.85
2020-07-16,325.374,17124276.423,17123951.048,1.712428,10000000.0,1.82
2020-07-17,325.374,17228731.305,17228405.93,1.722873,10000000.0,1.712
2020-07-20,325.374,17454557.557,17454232.183,1.745456,10000000.0,1.723
2020-07-21,325.374,17708293.232,17707967.858,1.770829,10000000.0,1.745
2020-07-22,325.374,17918705.562,17918380.188,1.791871,10000000.0,1.771
2020-07-23,325.374,18117012.593,18116687.218,1.811701,10000000.0,1.792
2020-07-24,325.374,17005094.839,17004769.465,1.700509,10000000.0,1.812
2020-07-27,325.374,17030456.629,17030131.255,1.703046,10000000.0,1.701
2020-07-28,325.374,17255384.706,17255059.332,1.725538,10000000.0,1.703
2020-07-29,325.374,17908182.422,17907857.048,1.790818,10000000.0,1.726
2020-07-30,325.374,17754378.4,17754053.026,1.775438,10000000.0,1.791
2020-07-31,325.374,18089357.48,18089032.106,1.808936,10000000.0,1.775
2020-08-03,325.374,18564861.443,18564536.069,1.856486,10000000.0,1.809
2020-08-04,325.374,18331663.428,18331338.054,1.833166,10000000.0,1.856
2020-08-05,325.374,18508948.121,18508622.747,1.850895,10000000.0,1.833
2020-08-06,325.374,18212137.587,18211812.213,1.821214,10000000.0,1.851
2020-08-07,325.374,17795273.178,17794947.804,1.779527,10000000.0,1.821
2020-08-10,17697335.623,17697335.623,0.0,1.769734,10000000.0,1.78
2020-08-11,17697335.623,17697335.623,0.0,1.769734,10000000.0,1.77
2020-08-12,17697335.623,17697335.623,0.0,1.769734,10000000.0,1.77
2020-08-13,17697335.623,17697335.623,0.0,1.769734,10000000.0,1.77
2020-08-14,1271.335,17694504.705,17693233.37,1.76945,10000000.0,1.77
2020-08-17,1271.335,18121867.723,18120596.387,1.812187,10000000.0,1.769
2020-08-18,1271.335,18092787.844,18091516.509,1.809279,10000000.0,1.812
2020-08-19,1271.335,17875268.526,17873997.19,1.787527,10000000.0,1.809
2020-08-20,1271.335,17656688.248,17655416.913,1.765669,10000000.0,1.788
2020-08-21,17792078.33,17792078.33,0.0,1.779208,10000000.0,1.766
2020-08-24,3312.436,17789232.583,17785920.148,1.778923,10000000.0,1.779
2020-08-25,3312.436,17857986.913,17854674.477,1.785799,10000000.0,1.779
2020-08-26,3312.436,17707212.842,17703900.407,1.770721,10000000.0,1.786
2020-08-27,3312.436,17751972.025,17748659.589,1.775197,10000000.0,1.771
2020-08-28,3312.436,18197212.349,18193899.913,1.819721,10000000.0,1.775
2020-08-31,3312.436,18098882.885,18095570.449,1.809888,10000000.0,1.82
2020-09-01,3312.436,18165323.972,18162011.537,1.816532,10000000.0,1.81
2020-09-02,3312.436,18166954.907,18163642.472,1.816695,10000000.0,1.817
2020-09-03,3312.436,18092723.743,18089411.307,1.809272,10000000.0,1.817
2020-09-04,3312.436,17894541.158,17891228.722,1.789454,10000000.0,1.809
2020-09-07,3312.436,17591185.41,17587872.974,1.759119,10000000.0,1.789
2020-09-08,3312.436,17723219.109,17719906.674,1.772322,10000000.0,1.759
2020-09-09,3312.436,17387099.126,17383786.691,1.73871,10000000.0,1.772
2020-09-10,17431470.747,17431470.747,0.0,1.743147,10000000.0,1.739
2020-09-11,1913.949,17428682.464,17426768.515,1.742868,10000000.0,1.743
2020-09-14,17535775.821,17535775.821,0.0,1.753578,10000000.0,1.743
2020-09-15,17535775.821,17535775.821,0.0,1.753578,10000000.0,1.754
2020-09-16,17535775.821,17535775.821,0.0,1.753578,10000000.0,1.754
2020-09-17,17535775.821,17535775.821,0.0,1.753578,10000000.0,1.754
2020-09-18,17535775.821,17535775.821,0.0,1.753578,10000000.0,1.754
2020-09-21,2797.581,17532970.993,17530173.413,1.753297,10000000.0,1.754
2020-09-22,17339282.551,17339282.551,0.0,1.733928,10000000.0,1.753
2020-09-23,17339282.551,17339282.551,0.0,1.733928,10000000.0,1.734
2020-09-24,17339282.551,17339282.551,0.0,1.733928,10000000.0,1.734
2020-09-25,17339282.551,17339282.551,0.0,1.733928,10000000.0,1.734
2020-09-28,17339282.551,17339282.551,0.0,1.733928,10000000.0,1.734
2020-09-29,17339282.551,17339282.551,0.0,1.733928,10000000.0,1.734
2020-09-30,17339282.551,17339282.551,0.0,1.733928,10000000.0,1.734
2020-10-09,17339282.551,17339282.551,0.0,1.733928,10000000.0,1.734
2020-10-12,17339282.551,17339282.551,0.0,1.733928,10000000.0,1.734
2020-10-13,1068.798,17336508.881,17335440.083,1.733651,10000000.0,1.734
2020-10-14,2364.038,17254009.594,17251645.556,1.725401,10000000.0,1.734
2020-10-15,2364.038,17089989.873,17087625.835,1.708999,10000000.0,1.725
2020-10-16,2364.038,17005947.319,17003583.281,1.700595,10000000.0,1.709
2020-10-19,2364.038,16788588.267,16786224.229,1.678859,10000000.0,1.701
2020-10-20,2364.038,17106342.541,17103978.503,1.710634,10000000.0,1.679
2020-10-21,2364.038,16856388.619,16854024.581,1.685639,10000000.0,1.711
2020-10-22,2364.038,16688208.023,16685843.985,1.668821,10000000.0,1.686
2020-10-23,2364.038,16234222.705,16231858.667,1.623422,10000000.0,1.669
2020-10-26,3543.486,16334469.307,16330925.821,1.633447,10000000.0,1.623
2020-10-27,3543.486,16301680.179,16298136.693,1.630168,10000000.0,1.633
2020-10-28,253.155,16426384.861,16426131.706,1.642638,10000000.0,1.63
2020-10-29,253.155,16607478.912,16607225.758,1.660748,10000000.0,1.643
2020-10-30,253.155,16336476.309,16336223.155,1.633648,10000000.0,1.661
2020-11-02,253.155,16659546.512,16659293.358,1.665955,10000000.0,1.634
2020-11-03,253.155,16880526.723,16880273.569,1.688053,10000000.0,1.666
2020-11-04,253.155,16918908.348,16918655.194,1.691891,10000000.0,1.688
2020-11-05,253.155,17148490.733,17148237.578,1.714849,10000000.0,1.692
2020-11-06,253.155,16811375.951,16811122.797,1.681138,10000000.0,1.715
2020-11-09,2399.65,17303616.004,17301216.354,1.730362,10000000.0,1.681
2020-11-10,2399.65,17227542.731,17225143.081,1.722754,10000000.0,1.73
2020-11-11,2399.65,17127429.389,17125029.739,1.712743,10000000.0,1.723
2020-11-12,2399.65,17118320.625,17115920.976,1.711832,10000000.0,1.713
2020-11-13,2399.65,16878954.409,16876554.759,1.687895,10000000.0,1.712
2020-11-16,2399.65,17051245.486,17048845.836,1.705125,10000000.0,1.688
2020-11-17,2399.65,17061270.266,17058870.616,1.706127,10000000.0,1.705
2020-11-18,2399.65,17094853.449,17092453.8,1.709485,10000000.0,1.706
2020-11-19,2399.65,17227398.061,17224998.411,1.72274,10000000.0,1.709
2020-11-20,2399.65,17252756.84,17250357.19,1.725276,10000000.0,1.723
2020-11-23,2399.65,17483400.987,17481001.337,1.74834,10000000.0,1.725
2020-11-24,2399.65,17368561.601,17366161.951,1.736856,10000000.0,1.748
2020-11-25,2399.65,17180142.371,17177742.722,1.718014,10000000.0,1.737
2020-11-26,2399.65,17248917.468,17246517.818,1.724892,10000000.0,1.718
2020-11-27,2399.65,17486236.519,17483836.869,1.748624,10000000.0,1.725
2020-11-30,2399.65,17353733.096,17351333.446,1.735373,10000000.0,1.749
2020-12-01,2399.65,17730178.052,17727778.402,1.773018,10000000.0,1.735
2020-12-02,2399.65,17726262.431,17723862.781,1.772626,10000000.0,1.773
2020-12-03,2399.65,17681189.045,17678789.396,1.768119,10000000.0,1.773
2020-12-04,2399.65,17710172.063,17707772.413,1.771017,10000000.0,1.768
2020-12-07,2399.65,17534861.297,17532461.648,1.753486,10000000.0,1.771
2020-12-08,2399.65,17473556.959,17471157.31,1.747356,10000000.0,1.753
2020-12-09,2399.65,17260360.014,17257960.364,1.726036,10000000.0,1.747
2020-12-10,2399.65,17250295.407,17247895.758,1.72503,10000000.0,1.726
2020-12-11,2399.65,17082813.501,17080413.852,1.708281,10000000.0,1.725
2020-12-14,2399.65,17249043.416,17246643.766,1.724904,10000000.0,1.708
2020-12-15,2399.65,17251182.149,17248782.5,1.725118,10000000.0,1.725
2020-12-16,1168.944,17329705.596,17328536.652,1.732971,10000000.0,1.725
2020-12-17,1168.944,17486476.182,17485307.238,1.748648,10000000.0,1.733
2020-12-18,1168.944,17455812.409,17454643.465,1.745581,10000000.0,1.749
2020-12-21,1168.944,18094261.144,18093092.2,1.809426,10000000.0,1.746
2020-12-22,1168.944,17650519.3,17649350.356,1.765052,10000000.0,1.809
2020-12-23,1168.944,17846494.144,17845325.201,1.784649,10000000.0,1.765
2020-12-24,1168.944,17707036.78,17705867.836,1.770704,10000000.0,1.785
2020-12-25,1168.944,17832874.31,17831705.366,1.783287,10000000.0,1.771
2020-12-28,1168.944,17845487.941,17844318.998,1.784549,10000000.0,1.783
2020-12-29,1168.944,17658353.623,17657184.68,1.765835,10000000.0,1.785
2020-12-30,1168.944,18207842.831,18206673.887,1.820784,10000000.0,1.766
