date,cash,transaction_cost,market_value,total_value
2013-01-04,100027.138,0.0,9898389.12,9998416.258
2013-01-07,100027.138,0.0,9900939.5,10000966.638
2013-01-08,100027.138,0.0,9901230.972,10001258.11
2013-01-09,100027.138,0.0,9902178.256,10002205.394
2013-01-10,98573.065,0.0,9900682.44,9999255.505
2013-01-11,98573.065,0.0,9772539.146,9871112.211
2013-01-14,98573.065,0.0,10159426.9,10257999.965
2013-01-15,98573.065,0.0,10400578.874,10499151.939
2013-01-16,98573.065,0.0,10345570.63,10444143.695
2013-01-17,98573.065,0.0,10263058.264,10361631.329
2013-01-18,98573.065,0.0,10517902.188,10616475.253
2013-01-21,98573.065,0.0,10587550.8,10686123.865
2013-01-22,98573.065,0.0,10354253.33,10452826.395
2013-01-23,98573.065,0.0,10398909.124,10497482.189
2013-01-24,98573.065,0.0,10123614.102,10222187.167
2013-01-25,98573.065,0.0,10190123.584,10288696.649
2013-01-28,98573.065,0.0,10482824.08,10581397.145
2013-01-29,98573.065,0.0,10575141.218,10673714.283
2013-01-30,98573.065,0.0,10468424.156,10566997.221
2013-01-31,98573.065,0.0,10365874.79,10464447.855
2013-02-01,98573.065,0.0,10450804.954,10549378.019
2013-02-04,98573.065,0.0,10311066.916,10409639.981
2013-02-05,98573.065,0.0,10432344.198,10530917.263
2013-02-06,98573.065,0.0,10569691.154,10668264.219
2013-02-07,98573.065,0.0,10761017.788,10859590.853
2013-02-08,98573.065,0.0,10994008.024,11092581.089
2013-02-18,98573.065,0.0,11157630.166,11256203.231
2013-02-19,98573.065,0.0,10949672.822,11048245.887
2013-02-20,98573.065,0.0,11365827.954,11464401.019
2013-02-21,98573.065,0.0,11211342.684,11309915.749
2013-02-22,98573.065,0.0,11204196.154,11302769.219
2013-02-25,98573.065,0.0,11430360.452,11528933.517
2013-02-26,98573.065,0.0,11370556.686,11469129.751
2013-02-27,98573.065,0.0,11302070.22,11400643.285
2013-02-28,98573.065,0.0,11502507.01,11601080.075
2013-03-01,98573.065,0.0,11820373.978,11918947.043
2013-03-04,98573.065,0.0,11534633.0,11633206.065
2013-03-05,98573.065,0.0,11863226.442,11961799.507
2013-03-06,98573.065,0.0,12060978.274,12159551.339
2013-03-07,98573.065,0.0,11719467.646,11818040.711
2013-03-08,98573.065,0.0,11550649.242,11649222.307
2013-03-11,98573.065,0.0,11610105.7,11708678.765
2013-03-12,98573.065,0.0,11218529.288,11317102.353
2013-03-13,98573.065,0.0,11141226.542,11239799.607
2013-03-14,98573.065,0.0,11247916.888,11346489.953
2013-03-15,98573.065,0.0,11406476.348,11505049.413
2013-03-18,98573.065,0.0,11382578.886,11481151.951
2013-03-19,98573.065,0.0,11256586.23,11355159.295
2013-03-20,98573.065,0.0,11571594.586,11670167.651
2013-03-21,98573.065,0.0,11791560.772,11890133.837
2013-03-22,98573.065,0.0,11781769.358,11880342.423
2013-03-25,98573.065,0.0,11778496.648,11877069.713
2013-03-26,98573.065,0.0,11706430.238,11805003.303
2013-03-27,98573.065,0.0,11791801.216,11890374.281
2013-03-28,98573.065,0.0,11588211.938,11686785.003
2013-03-29,98573.065,0.0,11574105.89,11672678.955
2013-04-01,98573.065,0.0,11714979.358,11813552.423
2013-04-02,98573.065,0.0,11289687.354,11388260.419
2013-04-03,98573.065,0.0,11155773.404,11254346.469
2013-04-08,98573.065,0.0,11400839.272,11499412.337
2013-04-09,98573.065,0.0,11514475.778,11613048.843
2013-04-10,98573.065,0.0,11361419.814,11459992.879
2013-04-11,98573.065,0.0,11324671.956,11423245.021
2013-04-12,98573.065,0.0,11309043.096,11407616.161
2013-04-15,98573.065,0.0,11171856.436,11270429.501
2013-04-16,98573.065,0.0,11301589.332,11400162.397
2013-04-17,98573.065,0.0,11588211.938,11686785.003
2013-04-18,98573.065,0.0,11667959.198,11766532.263
2013-04-19,98573.065,0.0,11918141.18,12016714.245
2013-04-22,98573.065,0.0,12236208.518,12334781.583
2013-04-23,98573.065,0.0,11939246.82,12037819.885
2013-04-24,98573.065,0.0,12334857.348,12433430.413
2013-04-25,98573.065,0.0,12070742.972,12169316.037
2013-04-26,98573.065,0.0,11880351.398,11978924.463
2013-05-02,98573.065,0.0,12204550.058,12303123.123
2013-05-03,98573.065,0.0,12545967.18,12644540.245
2013-05-06,98573.065,0.0,12797257.876,12895830.941
2013-05-07,98573.065,0.0,12789483.52,12888056.585
2013-05-08,98573.065,0.0,13091948.714,13190521.779
2013-05-09,98573.065,0.0,13253286.638,13351859.703
2013-05-10,98573.065,0.0,13201711.4,13300284.465
2013-05-13,98573.065,0.0,13292666.022,13391239.087
2013-05-14,98573.065,0.0,13041856.214,13140429.279
2013-05-15,98573.065,0.0,13527058.848,13625631.913
2013-05-16,98573.065,0.0,13485248.308,13583821.373
2013-05-17,98573.065,0.0,13670617.274,13769190.339
2013-05-20,98573.065,0.0,14047980.774,14146553.839
2013-05-21,98573.065,0.0,14340921.714,14439494.779
2013-05-22,98573.065,0.0,13889795.338,13988368.403
2013-05-23,98573.065,0.0,13931018.126,14029591.191
2013-05-24,98573.065,0.0,14343579.956,14442153.021
2013-05-27,98573.065,0.0,14556533.192,14655106.257
2013-05-28,98573.065,0.0,14146148.716,14244721.781
2013-05-29,98573.065,0.0,14239093.68,14337666.745
2013-05-30,98573.065,0.0,14344742.102,14443315.167
2013-05-31,98573.065,0.0,14333441.234,14432014.299
2013-06-03,98573.065,0.0,14054432.688,14153005.753
2013-06-04,98573.065,0.0,13658020.68,13756593.745
2013-06-05,98573.065,0.0,13795554.648,13894127.713
2013-06-06,98573.065,0.0,13653612.54,13752185.605
2013-06-07,98573.065,0.0,13760596.762,13859169.827
2013-06-13,98573.065,0.0,13749055.45,13847628.515
2013-06-14,98573.065,0.0,14268307.626,14366880.691
2013-06-17,98573.065,0.0,14342364.378,14440937.443
2013-06-18,98573.065,0.0,14332198.94,14430772.005
2013-06-19,98573.065,0.0,14261334.75,14359907.815
2013-06-20,96390.812,0.0,13750216.853,13846607.665
2013-06-21,96390.812,0.0,13750117.252,13846508.064
2013-06-24,96390.812,0.0,13747726.828,13844117.64
2013-06-25,96390.812,0.0,13748125.232,13844516.044
2013-06-26,96390.812,0.0,13751611.267,13848002.079
2013-06-27,96390.812,0.0,13753304.484,13849695.296
2013-06-28,96390.812,0.0,13754798.499,13851189.311
2013-07-01,96390.812,0.0,13758782.539,13855173.351
2013-07-02,96390.812,0.0,13761571.367,13857962.179
2013-07-03,96390.812,0.0,13762965.781,13859356.593
2013-07-04,95220.669,0.0,13756546.08,13851766.749
2013-07-05,95220.669,0.0,13369217.085,13464437.754
2013-07-08,95220.669,0.0,13031987.58,13127208.249
2013-07-09,95220.669,0.0,13286291.175,13381511.844
2013-07-10,95220.669,0.0,13515696.765,13610917.434
2013-07-11,95220.669,0.0,13666488.39,13761709.059
2013-07-12,95220.669,0.0,13862662.92,13957883.589
2013-07-15,95220.669,0.0,14409824.715,14505045.384
2013-07-16,95220.669,0.0,14455700.775,14550921.444
2013-07-17,95220.669,0.0,14282274.6,14377495.269
2013-07-18,95220.669,0.0,14263130.07,14358350.739
2013-07-19,95220.669,0.0,14111883.225,14207103.894
2013-07-22,95220.669,0.0,14589446.94,14684667.609
2013-07-23,95220.669,0.0,14903245.26,14998465.929
2013-07-24,95220.669,0.0,15215829.66,15311050.329
2013-07-25,95220.669,0.0,14546643.615,14641864.284
2013-07-26,95220.669,0.0,14647386.33,14742606.999
2013-07-29,95220.669,0.0,14377162.68,14472383.349
2013-07-30,95220.669,0.0,14214269.79,14309490.459
2013-07-31,95220.669,0.0,14339619.675,14434840.344
2013-08-01,95220.669,0.0,15048978.885,15144199.554
2013-08-02,95220.669,0.0,15033020.895,15128241.564
2013-08-05,95220.669,0.0,15209810.64,15305031.309
2013-08-06,95220.669,0.0,15322983.39,15418204.059
2013-08-07,95220.669,0.0,14866751.79,14961972.459
2013-08-08,95220.669,0.0,14996400.975,15091621.644
2013-08-09,95220.669,0.0,14826502.755,14921723.424
2013-08-12,95220.669,0.0,14691871.44,14787092.109
2013-08-13,95220.669,0.0,14824100.205,14919320.874
2013-08-14,95220.669,0.0,14929395.12,15024615.789
2013-08-15,95220.669,0.0,14757903.63,14853124.299
2013-08-16,95220.669,0.0,14315227.47,14410448.139
2013-08-19,95220.669,0.0,14812378.29,14907598.959
2013-08-20,95220.669,0.0,14867776.035,14962996.704
2013-08-21,95220.669,0.0,14938044.3,15033264.969
2013-08-22,95220.669,0.0,15137759.43,15232980.099
2013-08-23,95220.669,0.0,15424687.125,15519907.794
2013-08-26,95220.669,0.0,15656684.94,15751905.609
2013-08-27,95220.669,0.0,15815746.395,15910967.064
2013-08-28,95220.669,0.0,15527996.775,15623217.444
2013-08-29,95220.669,0.0,15506512.92,15601733.589
2013-08-30,95220.669,0.0,14986158.525,15081379.194
2013-09-02,95220.669,0.0,15302789.325,15398009.994
2013-09-03,95220.669,0.0,15611352.615,15706573.284
2013-09-04,95220.669,0.0,15633645.75,15728866.419
2013-09-05,95220.669,0.0,16024502.7,16119723.369
2013-09-06,95220.669,0.0,16220323.17,16315543.839
2013-09-09,95220.669,0.0,16133907.24,16229127.909
2013-09-10,95220.669,0.0,15978082.905,16073303.574
2013-09-11,95220.669,0.0,15435814.725,15531035.394
2013-09-12,94818.854,0.0,15430367.656,15525186.51
2013-09-13,94818.854,0.0,15262030.936,15356849.79
2013-09-16,94818.854,0.0,15180567.872,15275386.726
2013-09-17,94818.854,0.0,14856255.952,14951074.806
2013-09-18,94818.854,0.0,14870785.592,14965604.446
2013-09-23,94818.854,0.0,15067146.072,15161964.926
2013-09-24,94818.854,0.0,14787238.544,14882057.398
2013-09-25,94818.854,0.0,14685259.24,14780078.094
2013-09-26,93026.309,0.0,14412893.352,14505919.661
2013-09-27,93026.309,0.0,14605033.047,14698059.356
2013-09-30,93026.309,0.0,15092173.096,15185199.405
2013-10-08,93026.309,0.0,15310085.879,15403112.188
2013-10-09,93026.309,0.0,15620885.489,15713911.798
2013-10-10,93026.309,0.0,15205106.884,15298133.193
2013-10-11,93026.309,0.0,15224436.7,15317463.009
2013-10-14,93026.309,0.0,15375610.866,15468637.175
2013-10-15,93026.309,0.0,15333100.717,15426127.026
2013-10-16,93026.309,0.0,14730158.3,14823184.609
2013-10-17,93026.309,0.0,14596526.604,14689552.913
2013-10-18,93026.309,0.0,14893854.921,14986881.23
2013-10-21,93026.309,0.0,15456868.911,15549895.22
2013-10-22,93026.309,0.0,14899768.609,14992794.918
2013-10-23,93026.309,0.0,14466811.623,14559837.932
2013-10-24,93026.309,0.0,14298017.756,14391044.065
2013-10-25,93026.309,0.0,14002763.643,14095789.952
2013-10-28,93026.309,0.0,14111758.65,14204784.959
2013-10-29,93026.309,0.0,13920159.572,14013185.881
2013-10-30,93026.309,0.0,14048219.603,14141245.912
2013-10-31,90967.049,0.0,13629575.743,13720542.792
2013-11-01,90967.049,0.0,13630459.066,13721426.115
2013-11-04,90967.049,0.0,13633992.358,13724959.407
2013-11-05,90967.049,0.0,13635268.269,13726235.318
2013-11-06,90967.049,0.0,13639390.443,13730357.492
2013-11-07,90967.049,0.0,13638899.708,13729866.757
2013-11-08,90967.049,0.0,13637427.503,13728394.552
2013-11-11,90967.049,0.0,13639488.59,13730455.639
2013-11-12,90967.049,0.0,13638408.973,13729376.022
2013-11-13,90967.049,0.0,13638310.826,13729277.875
2013-11-14,90967.049,0.0,13638899.708,13729866.757
2013-11-15,90967.049,0.0,13611222.254,13702189.303
2013-11-18,90967.049,0.0,13621135.101,13712102.15
2013-11-19,90967.049,0.0,13620349.925,13711316.974
2013-11-20,90967.049,0.0,13639684.884,13730651.933
2013-11-21,89086.592,0.0,13628370.635,13717457.227
2013-11-22,89086.592,0.0,13576233.913,13665320.505
2013-11-25,89086.592,0.0,13511920.642,13601007.234
2013-11-26,89086.592,0.0,13497010.582,13586097.174
2013-11-27,89086.592,0.0,13632649.701,13721736.293
2013-11-28,87236.471,0.0,13762261.656,13849498.127
2013-11-29,87236.471,0.0,14072922.864,14160159.335
2013-12-02,87236.471,0.0,12910452.984,12997689.455
2013-12-03,87236.471,0.0,12924867.384,13012103.855
2013-12-04,87236.471,0.0,12769994.952,12857231.423
2013-12-05,86260.733,0.0,12373487.28,12459748.013
2013-12-06,86260.733,0.0,12278839.858,12365100.591
2013-12-09,86260.733,0.0,12250911.904,12337172.637
2013-12-10,86260.733,0.0,12261619.502,12347880.235
2013-12-11,86260.733,0.0,12035184.19,12121444.923
2013-12-12,86260.733,0.0,12000856.416,12087117.149
2013-12-13,86260.733,0.0,11975386.208,12061646.941
2013-12-16,86260.733,0.0,11799504.096,11885764.829
2013-12-17,86260.733,0.0,11753038.176,11839298.909
2013-12-18,86260.733,0.0,11766719.808,11852980.541
2013-12-19,84435.224,0.0,11634179.7,11718614.924
2013-12-20,84435.224,0.0,11639853.892,11724289.116
2013-12-23,84435.224,0.0,11641272.44,11725707.664
2013-12-24,84435.224,0.0,11642607.544,11727042.768
2013-12-25,84435.224,0.0,11634847.252,11719282.476
2013-12-26,84435.224,0.0,11636182.356,11720617.58
2013-12-27,84435.224,0.0,11639687.004,11724122.228
2013-12-30,84435.224,0.0,11645194.308,11729629.532
2013-12-31,84435.224,0.0,11641773.104,11726208.328
2014-01-02,83545.434,0.0,11647780.214,11731325.648
2014-01-03,83545.434,0.0,11821115.92,11904661.354
2014-01-06,83545.434,0.0,11563240.064,11646785.498
2014-01-07,83545.434,0.0,11816187.688,11899733.122
2014-01-08,83545.434,0.0,12277090.974,12360636.408
2014-01-09,83545.434,0.0,12060572.072,12144117.506
2014-01-10,83545.434,0.0,11825152.876,11908698.31
2014-01-13,83545.434,0.0,11908041.544,11991586.978
2014-01-14,83545.434,0.0,12241204.008,12324749.442
2014-01-15,83545.434,0.0,12367092.374,12450637.808
2014-01-16,83545.434,0.0,12190934.294,12274479.728
2014-01-17,83545.434,0.0,12193957.642,12277503.076
2014-01-20,83545.434,0.0,11994967.168,12078512.602
2014-01-21,83545.434,0.0,12295694.176,12379239.61
2014-01-22,83545.434,0.0,12510552.858,12594098.292
2014-01-23,83545.434,0.0,12770805.45,12854350.884
2014-01-24,83545.434,0.0,12970966.816,13054512.25
2014-01-27,83545.434,0.0,12911871.722,12995417.156
2014-01-28,83545.434,0.0,12856568.92,12940114.354
2014-01-29,83545.434,0.0,13076652.926,13160198.36
2014-01-30,83545.434,0.0,13071855.764,13155401.198
2014-02-07,83545.434,0.0,13392619.006,13476164.44
2014-02-10,83545.434,0.0,13573740.27,13657285.704
2014-02-11,83545.434,0.0,13344245.438,13427790.872
2014-02-12,83545.434,0.0,13456222.908,13539768.342
2014-02-13,83545.434,0.0,12977074.678,13060620.112
2014-02-14,83545.434,0.0,13244920.592,13328466.026
2014-02-17,83545.434,0.0,13619186.608,13702732.042
2014-02-18,83545.434,0.0,13503189.658,13586735.092
2014-02-19,83545.434,0.0,13494984.676,13578530.11
2014-02-20,83545.434,0.0,13239503.032,13323048.466
2014-02-21,83545.434,0.0,13278832.77,13362378.204
2014-02-24,83545.434,0.0,13456747.188,13540292.622
2014-02-25,83545.434,0.0,12868373.958,12951919.392
2014-02-26,83545.434,0.0,12809776.93,12893322.364
2014-02-27,81591.438,0.0,12359271.575,12440863.013
2014-02-28,81591.438,0.0,12365989.291,12447580.729
2014-03-03,81591.438,0.0,12366961.592,12448553.03
2014-03-04,81591.438,0.0,12372176.661,12453768.099
2014-03-05,81591.438,0.0,12373679.308,12455270.746
2014-03-06,81591.438,0.0,12374474.827,12456066.265
2014-03-07,81591.438,0.0,12375181.955,12456773.393
2014-03-10,81591.438,0.0,12380397.024,12461988.462
2014-03-11,81591.438,0.0,12364840.208,12446431.646
2014-03-12,81591.438,0.0,12366873.201,12448464.639
2014-03-13,81591.438,0.0,12369259.758,12450851.196
2014-03-14,81591.438,0.0,12370762.405,12452353.843
2014-03-17,81591.438,0.0,12373237.353,12454828.791
2014-03-18,81591.438,0.0,12381192.543,12462783.981
2014-03-19,81591.438,0.0,12382076.453,12463667.891
2014-03-20,81591.438,0.0,12386142.439,12467733.877
2014-03-21,81591.438,0.0,12388882.56,12470473.998
2014-03-24,81591.438,0.0,12397102.923,12478694.361
2014-03-25,81591.438,0.0,12399577.871,12481169.309
2014-03-26,81591.438,0.0,12398870.743,12480462.181
2014-03-27,81591.438,0.0,12413985.604,12495577.042
2014-03-28,81591.438,0.0,12404262.594,12485854.032
2014-03-31,81591.438,0.0,12422382.749,12503974.187
2014-04-01,81591.438,0.0,12424150.569,12505742.007
2014-04-02,81591.438,0.0,12425122.87,12506714.308
2014-04-03,80857.356,0.0,12422146.52,12503003.876
2014-04-04,80857.356,0.0,12526960.04,12607817.396
2014-04-08,80857.356,0.0,12869529.05,12950386.406
2014-04-09,80857.356,0.0,12845213.36,12926070.716
2014-04-10,80857.356,0.0,13114374.28,13195231.636
2014-04-11,80857.356,0.0,13097945.77,13178803.126
2014-04-14,80857.356,0.0,13036169.09,13117026.446
2014-04-15,80857.356,0.0,12765425.75,12846283.106
2014-04-16,80857.356,0.0,12783474.06,12864331.416
2014-04-17,80857.356,0.0,12726506.94,12807364.296
2014-04-18,80857.356,0.0,12717261.62,12798118.976
2014-04-21,80857.356,0.0,12497710.19,12578567.546
2014-04-22,80857.356,0.0,12595103.78,12675961.136
2014-04-23,80857.356,0.0,12598405.68,12679263.036
2014-04-24,80857.356,0.0,12592219.29,12673076.646
2014-04-25,80857.356,0.0,12477655.82,12558513.176
2014-04-28,80857.356,0.0,12335343.93,12416201.286
2014-04-29,80857.356,0.0,12465768.98,12546626.336
2014-04-30,80857.356,0.0,12463887.52,12544744.876
2014-05-05,80857.356,0.0,12421349.08,12502206.436
2014-05-06,80857.356,0.0,12420981.51,12501838.866
2014-05-07,80857.356,0.0,12322541.28,12403398.636
2014-05-08,78893.863,0.0,12316625.776,12395519.639
2014-05-09,78893.863,0.0,12321080.473,12399974.336
2014-05-12,78893.863,0.0,12325273.129,12404166.992
2014-05-13,78893.863,0.0,12328068.233,12406962.096
2014-05-14,78893.863,0.0,12327893.539,12406787.402
2014-05-15,78893.863,0.0,12327806.192,12406700.055
2014-05-16,78893.863,0.0,12325098.435,12403992.298
2014-05-19,78893.863,0.0,12327544.151,12406438.014
2014-05-20,78893.863,0.0,12329465.785,12408359.648
2014-05-21,78893.863,0.0,12331300.072,12410193.935
2014-05-22,78893.863,0.0,12345450.286,12424344.149
2014-05-23,78893.863,0.0,12331300.072,12410193.935
2014-05-26,78893.863,0.0,12347371.92,12426265.783
2014-05-27,78893.863,0.0,12351826.617,12430720.48
2014-05-28,78893.863,0.0,12353573.557,12432467.42
2014-05-29,77353.517,0.0,12357535.436,12434888.953
2014-05-30,77353.517,0.0,12394348.181,12471701.698
2014-06-03,77353.517,0.0,12408433.875,12485787.392
2014-06-04,77353.517,0.0,12428114.354,12505467.871
2014-06-05,77353.517,0.0,12745597.246,12822950.763
2014-06-06,77353.517,0.0,12698253.141,12775606.658
2014-06-09,77353.517,0.0,12474725.025,12552078.542
2014-06-10,77353.517,0.0,12730449.013,12807802.53
2014-06-11,77353.517,0.0,12857549.364,12934902.881
2014-06-12,77353.517,0.0,12823237.817,12900591.334
2014-06-13,77353.517,0.0,13001838.399,13079191.916
2014-06-16,77353.517,0.0,13122930.233,13200283.75
2014-06-17,77353.517,0.0,12951983.693,13029337.21
2014-06-18,77353.517,0.0,12825607.373,12902960.89
2014-06-19,77353.517,0.0,12418118.965,12495472.482
2014-06-20,77353.517,0.0,12543432.746,12620786.263
2014-06-23,77353.517,0.0,12800144.049,12877497.566
2014-06-24,77353.517,0.0,12876834.917,12954188.434
2014-06-25,77353.517,0.0,12775931.324,12853284.841
2014-06-26,77353.517,0.0,13035125.019,13112478.536
2014-06-27,77353.517,0.0,13059027.445,13136380.962
2014-06-30,77353.517,0.0,13208488.13,13285841.647
2014-07-01,77353.517,0.0,13274553.608,13351907.125
2014-07-02,77353.517,0.0,13351667.611,13429021.128
2014-07-03,77353.517,0.0,13376736.009,13454089.526
2014-07-04,77353.517,0.0,13273632.114,13350985.631
2014-07-07,77353.517,0.0,13106738.267,13184091.784
2014-07-08,77353.517,0.0,13265047.175,13342400.692
2014-07-09,77353.517,0.0,13019196.337,13096549.854
2014-07-10,75378.005,0.0,12822454.432,12897832.437
2014-07-11,75378.005,0.0,12825522.048,12900900.053
2014-07-14,75378.005,0.0,12829040.784,12904418.789
2014-07-15,75378.005,0.0,12830935.488,12906313.493
2014-07-16,75378.005,0.0,12826063.392,12901441.397
2014-07-17,75378.005,0.0,12820830.4,12896208.405
2014-07-18,75378.005,0.0,12821732.64,12897110.645
2014-07-21,75378.005,0.0,12826153.616,12901531.621
2014-07-22,75378.005,0.0,12828589.664,12903967.669
2014-07-23,75378.005,0.0,12827687.424,12903065.429
2014-07-24,73842.326,0.0,12826200.996,12900043.322
2014-07-25,73842.326,0.0,12944291.094,13018133.42
2014-07-28,73842.326,0.0,13357350.216,13431192.542
2014-07-29,73842.326,0.0,13381941.258,13455783.584
2014-07-30,73842.326,0.0,13306186.278,13380028.604
2014-07-31,73842.326,0.0,13476384.936,13550227.262
2014-08-01,73842.326,0.0,13358436.84,13432279.166
2014-08-04,73842.326,0.0,13651658.622,13725500.948
2014-08-05,73842.326,0.0,13575273.894,13649116.22
2014-08-06,73842.326,0.0,13488374.844,13562217.17
2014-08-07,73842.326,0.0,13277254.914,13351097.24
2014-08-08,73842.326,0.0,13292770.176,13366612.502
2014-08-11,73842.326,0.0,13486355.946,13560198.272
2014-08-12,73842.326,0.0,13394672.046,13468514.372
2014-08-13,73842.326,0.0,13409489.646,13483331.972
2014-08-14,73842.326,0.0,13289368.302,13363210.628
2014-08-15,73842.326,0.0,13407415.182,13481257.508
2014-08-18,73842.326,0.0,13440106.512,13513948.838
2014-08-19,73842.326,0.0,13413027.348,13486869.674
2014-08-20,73842.326,0.0,13351521.96,13425364.286
2014-08-21,72391.285,0.0,13259694.198,13332085.483
2014-08-22,72391.285,0.0,13386450.076,13458841.361
2014-08-25,72391.285,0.0,13222375.348,13294766.633
2014-08-26,72391.285,0.0,12923311.7,12995702.985
2014-08-27,72391.285,0.0,13009305.32,13081696.605
2014-08-28,72391.285,0.0,12855954.61,12928345.895
2014-08-29,72391.285,0.0,13045287.102,13117678.387
2014-09-01,72391.285,0.0,13305136.194,13377527.479
2014-09-02,72391.285,0.0,13416772.214,13489163.499
2014-09-03,72391.285,0.0,13532529.334,13604920.619
2014-09-04,72391.285,0.0,13695908.054,13768299.339
2014-09-05,72391.285,0.0,13643908.93,13716300.215
2014-09-09,72391.285,0.0,13682207.686,13754598.971
2014-09-10,72391.285,0.0,13782002.412,13854393.697
2014-09-11,72391.285,0.0,13856182.212,13928573.497
2014-09-12,72391.285,0.0,13957900.118,14030291.403
2014-09-15,72391.285,0.0,13976344.33,14048735.615
2014-09-16,72391.285,0.0,13490924.54,13563315.825
2014-09-17,72391.285,0.0,13545762.644,13618153.929
2014-09-18,72391.285,0.0,13652627.346,13725018.631
2014-09-19,72391.285,0.0,13728977.592,13801368.877
2014-09-22,72391.285,0.0,13584546.774,13656938.059
2014-09-23,72391.285,0.0,13746066.42,13818457.705
2014-09-24,72391.285,0.0,13896541.518,13968932.803
2014-09-25,72391.285,0.0,13814073.728,13886465.013
2014-09-26,72391.285,0.0,13841007.406,13913398.691
2014-09-29,72391.285,0.0,13976710.65,14049101.935
2014-09-30,72391.285,0.0,14111324.092,14183715.377
2014-10-08,72391.285,0.0,14264207.744,14336599.029
2014-10-09,72391.285,0.0,14297158.228,14369549.513
2014-10-10,72391.285,0.0,14233519.286,14305910.571
2014-10-13,72391.285,0.0,14179578.666,14251969.951
2014-10-14,72391.285,0.0,14095251.802,14167643.087
2014-10-15,72391.285,0.0,14154815.434,14227206.719
2014-10-16,72391.285,0.0,13980236.48,14052627.765
2014-10-17,72391.285,0.0,13838232.532,13910623.817
2014-10-20,72391.285,0.0,14033536.04,14105927.325
2014-10-21,72391.285,0.0,13897109.314,13969500.599
2014-10-22,72391.285,0.0,13778687.216,13851078.501
2014-10-23,70304.544,0.0,13531787.456,13602092.0
2014-10-24,70304.544,0.0,13536577.835,13606882.379
2014-10-27,70304.544,0.0,13564474.748,13634779.292
2014-10-28,70304.544,0.0,13563817.245,13634121.789
2014-10-29,70304.544,0.0,13562690.097,13632994.641
2014-10-30,68741.332,0.0,13562542.863,13631284.195
2014-10-31,68741.332,0.0,13451430.363,13520171.695
2014-11-03,68741.332,0.0,13599209.988,13667951.32
2014-11-04,68741.332,0.0,13479244.044,13547985.376
2014-11-05,68741.332,0.0,13444496.943,13513238.275
2014-11-06,66970.319,0.0,13619982.485,13686952.804
2014-11-07,66970.319,0.0,13634532.42,13701502.739
2014-11-10,66970.319,0.0,14022571.12,14089541.439
2014-11-11,66970.319,0.0,14100949.115,14167919.434
2014-11-12,66970.319,0.0,14266620.655,14333590.974
2014-11-13,66970.319,0.0,14203332.38,14270302.699
2014-11-14,66970.319,0.0,14235525.4,14302495.719
2014-11-17,66970.319,0.0,14079357.715,14146328.034
2014-11-18,66970.319,0.0,13861424.07,13928394.389
2014-11-19,66970.319,0.0,13802793.715,13869764.034
2014-11-20,66970.319,0.0,13817944.085,13884914.404
2014-11-21,66970.319,0.0,14094871.985,14161842.304
2014-11-24,66970.319,0.0,14460949.32,14527919.639
2014-11-25,66970.319,0.0,14648909.735,14715880.054
2014-11-26,66970.319,0.0,14926037.78,14993008.099
2014-11-27,66970.319,0.0,15146506.595,15213476.914
2014-11-28,66970.319,0.0,15590555.57,15657525.889
2014-12-01,66970.319,0.0,15674974.305,15741944.624
2014-12-02,66970.319,0.0,16389225.095,16456195.414
2014-12-03,66970.319,0.0,16584645.46,16651615.779
2014-12-04,66970.319,0.0,17479821.265,17546791.584
2014-12-05,66970.319,0.0,17723652.46,17790622.779
2014-12-08,66970.319,0.0,18558821.155,18625791.474
2014-12-09,66970.319,0.0,17669510.205,17736480.524
2014-12-10,66970.319,0.0,18293271.195,18360241.514
2014-12-11,66970.319,0.0,17938832.595,18005802.914
2014-12-12,66970.319,0.0,17938589.995,18005560.314
2014-12-15,66970.319,0.0,18030759.8,18097730.119
2014-12-16,66970.319,0.0,18660476.62,18727446.939
2014-12-17,66970.319,0.0,19210717.68,19277687.999
2014-12-18,66970.319,0.0,19150480.1,19217450.419
2014-12-19,66970.319,0.0,19449969.8,19516940.119
2014-12-22,66970.319,0.0,19740598.535,19807568.854
2014-12-23,66970.319,0.0,19357423.965,19424394.284
2014-12-24,66970.319,0.0,18611065.065,18678035.384
2014-12-25,66970.319,0.0,19309219.345,19376189.664
2014-12-26,66970.319,0.0,20041549.9,20108520.219
2014-12-29,66970.319,0.0,20193860.245,20260830.564
2014-12-30,66970.319,0.0,20384028.32,20450998.639
2014-12-31,66970.319,0.0,20867239.0,20934209.319
2015-01-05,66970.319,0.0,21542328.085,21609298.404
2015-01-06,66970.319,0.0,21438185.97,21505156.289
2015-01-07,66970.319,0.0,21459571.16,21526541.479
2015-01-08,66970.319,0.0,20858147.565,20925117.884
2015-01-09,66970.319,0.0,20870962.91,20937933.229
2015-01-12,66970.319,0.0,20658948.705,20725919.024
2015-01-13,66970.319,0.0,20580661.685,20647632.004
2015-01-14,66970.319,0.0,20548517.185,20615487.504
2015-01-15,66970.319,0.0,21273236.165,21340206.484
2015-01-16,66970.319,0.0,21400328.24,21467298.559
2015-01-19,66970.319,0.0,19538391.435,19605361.754
2015-01-20,66970.319,0.0,19627656.105,19694626.424
2015-01-21,66970.319,0.0,20623880.875,20690851.194
2015-01-22,64809.944,0.0,20652886.154,20717696.098
2015-01-23,64809.944,0.0,20099284.496,20164094.44
2015-01-26,64809.944,0.0,20602593.18,20667403.124
2015-01-27,64809.944,0.0,20648599.35,20713409.294
2015-01-28,64809.944,0.0,20503392.746,20568202.69
2015-01-29,64809.944,0.0,20266067.224,20330877.168
2015-01-30,64809.944,0.0,19901428.36,19966238.304
2015-02-02,64809.944,0.0,20093849.018,20158658.962
2015-02-03,64809.944,0.0,20734228.852,20799038.796
2015-02-04,64809.944,0.0,20815145.238,20879955.182
2015-02-05,64809.944,0.0,21011402.704,21076212.648
2015-02-06,64809.944,0.0,20498099.372,20562909.316
2015-02-09,64809.944,0.0,20236142.49,20300952.434
2015-02-10,64809.944,0.0,20695967.35,20760777.294
2015-02-11,64809.944,0.0,20994030.49,21058840.434
2015-02-12,64809.944,0.0,21183076.178,21247886.122
2015-02-13,64809.944,0.0,21617428.896,21682238.84
2015-02-16,64809.944,0.0,22459868.776,22524678.72
2015-02-17,64809.944,0.0,22432371.652,22497181.596
2015-02-25,64809.944,0.0,22224414.29,22289224.234
2015-02-26,64809.944,0.0,22267554.696,22332364.64
2015-02-27,64809.944,0.0,22831897.048,22896706.992
2015-03-02,64809.944,0.0,23529888.212,23594698.156
2015-03-03,64809.944,0.0,23230960.606,23295770.55
2015-03-04,64809.944,0.0,23800371.334,23865181.278
2015-03-05,64809.944,0.0,23859095.812,23923905.756
2015-03-06,64809.944,0.0,23108455.116,23173265.06
2015-03-09,64809.944,0.0,23617566.38,23682376.324
2015-03-10,64809.944,0.0,24220703.124,24285513.068
2015-03-11,64809.944,0.0,24108287.018,24173096.962
2015-03-12,64809.944,0.0,23898719.144,23963529.088
2015-03-13,64809.944,0.0,24501950.624,24566760.568
2015-03-16,64809.944,0.0,25373521.824,25438331.768
2015-03-17,64809.944,0.0,25311825.004,25376634.948
2015-03-18,64809.944,0.0,25850126.798,25914936.742
2015-03-19,64809.944,0.0,25861483.276,25926293.22
2015-03-20,64809.944,0.0,26215416.972,26280226.916
2015-03-23,64809.944,0.0,27161391.458,27226201.402
2015-03-24,64809.944,0.0,27923068.898,27987878.842
2015-03-25,64809.944,0.0,28243335.788,28308145.732
2015-03-26,64809.944,0.0,27139365.338,27204175.282
2015-03-27,64809.944,0.0,27518652.756,27583462.7
2015-03-30,64809.944,0.0,27123816.792,27188626.736
2015-03-31,64809.944,0.0,27653094.982,27717904.926
2015-04-01,64809.944,0.0,28478932.378,28543742.322
2015-04-02,64809.944,0.0,29312798.65,29377608.594
2015-04-03,64809.944,0.0,29725314.72,29790124.664
2015-04-07,64809.944,0.0,30276417.716,30341227.66
2015-04-08,64809.944,0.0,29464767.036,29529576.98
2015-04-09,64809.944,0.0,29563399.054,29628208.998
2015-04-10,64809.944,0.0,30230601.018,30295410.962
2015-04-13,64809.944,0.0,30526023.392,30590833.336
2015-04-14,64809.944,0.0,30301878.016,30366687.96
2015-04-15,64809.944,0.0,28915073.238,28979883.182
2015-04-16,61015.989,0.0,29413816.495,29474832.484
2015-04-17,61015.989,0.0,30021629.498,30082645.487
2015-04-20,61015.989,0.0,29525467.51,29586483.499
2015-04-21,61015.989,0.0,29993874.561,30054890.55
2015-04-22,61015.989,0.0,30739511.88,30800527.869
2015-04-23,61015.989,0.0,30596602.743,30657618.732
2015-04-24,61015.989,0.0,30191169.778,30252185.767
2015-04-27,61015.989,0.0,31074173.571,31135189.56
2015-04-28,61015.989,0.0,30941801.737,31002817.726
2015-04-29,61015.989,0.0,30933699.321,30994715.31
2015-04-30,57739.863,0.0,30710885.94,30768625.803
2015-05-04,57739.863,0.0,30575077.992,30632817.855
2015-05-05,57739.863,0.0,29910878.478,29968618.341
2015-05-06,57739.863,0.0,30589112.268,30646852.131
2015-05-07,57739.863,0.0,30153781.062,30211520.925
2015-05-08,57739.863,0.0,31954262.616,32012002.479
2015-05-11,57739.863,0.0,33815835.18,33873575.043
2015-05-12,57739.863,0.0,34927680.816,34985420.679
2015-05-13,57739.863,0.0,34302811.662,34360551.525
2015-05-14,57739.863,0.0,33759558.378,33817298.241
2015-05-15,57739.863,0.0,33799769.91,33857509.773
2015-05-18,57739.863,0.0,35230578.318,35288318.181
2015-05-19,57739.863,0.0,35706529.404,35764269.267
2015-05-20,57739.863,0.0,36603927.864,36661667.727
2015-05-21,57739.863,0.0,37905580.098,37963319.961
2015-05-22,57739.863,0.0,37789673.742,37847413.605
2015-05-25,57739.863,0.0,37266225.336,37323965.199
2015-05-26,57739.863,0.0,38881510.326,38939250.189
2015-05-27,57739.863,0.0,38993720.058,39051459.921
2015-05-28,57739.863,0.0,36890824.572,36948564.435
2015-05-29,57739.863,0.0,38071401.624,38129141.487
2015-06-01,57739.863,0.0,39961719.738,40019459.601
2015-06-02,57739.863,0.0,41925981.078,41983720.941
2015-06-03,57739.863,0.0,42793269.246,42851009.109
2015-06-04,57739.863,0.0,42376496.382,42434236.245
2015-06-05,57739.863,0.0,41757150.672,41814890.535
2015-06-08,57739.863,0.0,39809126.538,39866866.401
2015-06-09,57739.863,0.0,39819689.856,39877429.719
2015-06-10,57739.863,0.0,41207675.454,41265415.317
2015-06-11,57739.863,0.0,41502534.948,41560274.811
2015-06-12,57739.863,0.0,41906229.93,41963969.793
2015-06-15,57739.863,0.0,39717506.142,39775246.005
2015-06-16,57739.863,0.0,38585329.074,38643068.937
2015-06-17,57739.863,0.0,40204622.322,40262362.185
2015-06-18,51770.701,0.0,37653856.239,37705626.94
2015-06-19,51770.701,0.0,37652898.358,37704669.059
2015-06-23,51770.701,0.0,37678433.454,37730204.155
2015-06-24,51770.701,0.0,37673341.559,37725112.26
2015-06-25,51770.701,0.0,37702304.862,37754075.563
2015-06-26,51770.701,0.0,37708984.823,37760755.524
2015-06-29,51770.701,0.0,37718059.487,37769830.188
2015-06-30,51770.701,0.0,37720252.53,37772023.231
2015-07-01,51770.701,0.0,37702279.654,37754050.355
2015-07-02,51770.701,0.0,37716547.043,37768317.744
2015-07-03,51770.701,0.0,37718840.916,37770611.617
2015-07-06,51770.701,0.0,37740720.939,37792491.64
2015-07-07,51770.701,0.0,37754156.483,37805927.184
2015-07-08,51770.701,0.0,37754937.913,37806708.614
2015-07-09,51770.701,0.0,37674425.477,37726196.178
2015-07-10,51770.701,0.0,37686373.785,37738144.486
2015-07-13,51770.701,0.0,37715362.295,37767132.996
2015-07-14,51770.701,0.0,37720933.13,37772703.831
2015-07-15,51770.701,0.0,37731747.105,37783517.806
2015-07-16,51770.701,0.0,37734721.578,37786492.279
2015-07-17,51770.701,0.0,37733788.904,37785559.605
2015-07-20,51770.701,0.0,37814301.34,37866072.041
2015-07-21,51770.701,0.0,37832425.46,37884196.161
2015-07-22,51770.701,0.0,37847121.375,37898892.076
2015-07-23,51770.701,0.0,37859775.489,37911546.19
2015-07-24,51770.701,0.0,37863657.429,37915428.13
2015-07-27,51770.701,0.0,37854734.009,37906504.71
2015-07-28,51770.701,0.0,37878000.44,37929771.141
2015-07-29,51770.701,0.0,37890654.554,37942425.255
2015-07-30,51770.701,0.0,37906661.253,37958431.954
2015-07-31,51770.701,0.0,37885461.83,37937232.531
2015-08-03,51770.701,0.0,37896427.049,37948197.75
2015-08-04,51770.701,0.0,37877773.573,37929544.274
2015-08-05,51770.701,0.0,37897208.478,37948979.179
2015-08-06,46236.8,0.0,37915992.058,37962228.858
2015-08-07,46236.8,0.0,39384184.019,39430420.819
2015-08-10,46236.8,0.0,41366771.194,41413007.994
2015-08-11,46236.8,0.0,41247472.096,41293708.896
2015-08-12,46236.8,0.0,40074899.204,40121136.004
2015-08-13,46236.8,0.0,41023515.014,41069751.814
2015-08-14,46236.8,0.0,40867078.226,40913315.026
2015-08-17,46236.8,0.0,40748864.221,40795101.021
2015-08-18,46236.8,0.0,38271260.676,38317497.476
2015-08-19,46236.8,0.0,39287870.553,39334107.353
2015-08-20,40166.79,0.0,38336051.693,38376218.482
2015-08-21,40166.79,0.0,38349715.55,38389882.34
2015-08-24,40166.79,0.0,38355033.514,38395200.303
2015-08-25,40166.79,0.0,38345237.266,38385404.055
2015-08-26,40166.79,0.0,38357654.328,38397821.118
2015-08-27,40166.79,0.0,38364219.086,38404385.876
2015-08-28,40166.79,0.0,38365720.33,38405887.119
2015-08-31,40166.79,0.0,38399078.462,38439245.252
2015-09-01,40166.79,0.0,38408442.149,38448608.938
2015-09-02,40166.79,0.0,38429764.891,38469931.681
2015-09-07,40166.79,0.0,38455744.032,38495910.822
2015-09-08,40166.79,0.0,38451494.75,38491661.54
2015-09-09,40166.79,0.0,38468339.208,38508505.998
2015-09-10,40166.79,0.0,38477575.67,38517742.46
2015-09-11,40166.79,0.0,38504496.269,38544663.058
2015-09-14,40166.79,0.0,38516811.552,38556978.342
2015-09-15,40166.79,0.0,38507549.645,38547716.434
2015-09-16,40166.79,0.0,38504165.486,38544332.276
2015-09-17,40166.79,0.0,38518669.022,38558835.812
2015-09-18,40166.79,0.0,38525233.781,38565400.57
2015-09-21,40166.79,0.0,38538108.85,38578275.639
2015-09-22,40166.79,0.0,38541060.446,38581227.236
2015-09-23,40166.79,0.0,38541722.011,38581888.801
2015-09-24,36741.885,0.0,38536605.053,38573346.937
2015-09-25,36741.885,0.0,38221675.3,38258417.185
2015-09-28,36741.885,0.0,38115195.045,38151936.93
2015-09-29,36741.885,0.0,37366013.215,37402755.1
2015-09-30,36741.885,0.0,37732008.392,37768750.277
2015-10-08,30911.621,0.0,38645847.284,38676758.905
2015-10-09,30911.621,0.0,39110678.464,39141590.085
2015-10-12,30911.621,0.0,40877301.608,40908213.229
2015-10-13,30911.621,0.0,41322936.116,41353847.737
2015-10-14,30911.621,0.0,40669472.932,40700384.553
2015-10-15,30911.621,0.0,42425580.252,42456491.873
2015-10-16,30911.621,0.0,43210685.32,43241596.941
2015-10-19,30911.621,0.0,42938420.756,42969332.377
2015-10-20,30911.621,0.0,44306977.616,44337889.237
2015-10-21,30911.621,0.0,41370592.56,41401504.181
2015-10-22,30911.621,0.0,43371386.872,43402298.493
2015-10-23,30911.621,0.0,44787229.652,44818141.273
2015-10-26,30911.621,0.0,44594804.188,44625715.809
2015-10-27,30911.621,0.0,45238474.952,45269386.573
2015-10-28,30911.621,0.0,43849486.34,43880397.961
2015-10-29,30911.621,0.0,43850209.744,43881121.365
2015-10-30,30911.621,0.0,43726719.388,43757631.009
2015-11-02,30911.621,0.0,42910878.472,42941790.093
2015-11-03,30911.621,0.0,42862039.88,42892951.501
2015-11-04,30911.621,0.0,45597689.148,45628600.769
2015-11-05,30911.621,0.0,45251954.968,45282866.589
2015-11-06,30911.621,0.0,46957953.328,46988864.949
2015-11-09,30911.621,0.0,48073177.636,48104089.257
2015-11-10,30911.621,0.0,48461169.196,48492080.817
2015-11-11,30911.621,0.0,49485720.988,49516632.609
2015-11-12,30911.621,0.0,49108509.912,49139421.533
2015-11-13,30911.621,0.0,47818080.684,47848992.305
2015-11-16,30911.621,0.0,49353126.328,49384037.949
2015-11-17,30911.621,0.0,47939665.488,47970577.109
2015-11-18,30911.621,0.0,46953595.26,46984506.881
2015-11-19,30911.621,0.0,48887148.288,48918059.909
2015-11-20,30911.621,0.0,49405846.6,49436758.221
2015-11-23,30911.621,0.0,48884060.588,48914972.209
2015-11-24,30911.621,0.0,49686350.912,49717262.533
2015-11-25,30911.621,0.0,51124707.436,51155619.057
2015-11-26,30911.621,0.0,49988945.512,50019857.133
2015-11-27,30911.621,0.0,46748660.2,46779571.821
2015-11-30,30911.621,0.0,47155019.164,47185930.785
2015-12-01,30911.621,0.0,46850907.18,46881818.801
2015-12-02,30911.621,0.0,46108412.372,46139323.993
2015-12-03,30911.621,0.0,47782122.212,47813033.833
2015-12-04,30911.621,0.0,47500488.684,47531400.305
2015-12-07,30911.621,0.0,48311900.956,48342812.577
2015-12-08,30911.621,0.0,47491613.752,47522525.373
2015-12-09,30911.621,0.0,47072639.328,47103550.949
2015-12-10,23378.407,0.0,47551840.904,47575219.31
2015-12-11,23378.407,0.0,47577875.36,47601253.766
2015-12-14,23378.407,0.0,47574001.185,47597379.591
2015-12-15,23378.407,0.0,47623745.592,47647123.998
2015-12-16,23378.407,0.0,47609953.529,47633331.935
2015-12-17,17769.163,0.0,47617091.192,47634860.355
2015-12-18,17769.163,0.0,47525709.128,47543478.291
2015-12-21,17769.163,0.0,47520033.432,47537802.595
2015-12-22,17769.163,0.0,47686794.784,47704563.947
2015-12-23,17769.163,0.0,46747954.064,46765723.227
2015-12-24,10498.368,0.0,46938986.839,46949485.207
2015-12-25,10498.368,0.0,47050359.499,47060857.867
2015-12-28,10498.368,0.0,45657131.774,45667630.142
2015-12-29,10498.368,0.0,46076819.899,46087318.267
2015-12-30,10498.368,0.0,46083939.372,46094437.74
2015-12-31,3215.816,0.0,45776948.926,45780164.742
2016-01-04,3215.816,0.0,45812108.578,45815324.394
2016-01-05,3215.816,0.0,45823423.647,45826639.463
2016-01-06,3215.816,0.0,45831717.415,45834933.231
2016-01-07,3215.816,0.0,45826563.431,45829779.247
2016-01-08,3215.816,0.0,45833731.616,45836947.432
2016-01-11,3215.816,0.0,45877955.172,45881170.988
2016-01-12,3215.816,0.0,45914892.06,45918107.876
2016-01-13,3215.816,0.0,45947385.858,45950601.674
2016-01-14,3215.816,0.0,45963647.568,45966863.384
2016-01-15,3215.816,0.0,45972741.092,45975956.908
2016-01-18,3215.816,0.0,45972385.645,45975601.461
2016-01-19,3215.816,0.0,45969186.62,45972402.436
2016-01-20,3215.816,0.0,45950555.262,45953771.079
2016-01-21,3215.816,0.0,45979257.624,45982473.44
2016-01-22,3215.816,0.0,45998244.428,46001460.245
2016-01-25,3215.816,0.0,45987225.565,45990441.381
2016-01-26,3215.816,0.0,45984530.091,45987745.907
2016-01-27,3215.816,0.0,45968446.105,45971661.921
2016-01-28,3215.816,0.0,45977746.973,45980962.789
2016-01-29,3215.816,0.0,45971585.888,45974801.705
2016-02-01,3215.816,0.0,46001354.591,46004570.408
2016-02-02,3215.816,0.0,45990513.452,45993729.268
2016-02-03,3215.816,0.0,45989921.04,45993136.856
2016-02-04,3215.816,0.0,46004849.822,46008065.638
2016-02-05,3215.816,0.0,46009322.533,46012538.349
2016-02-15,3215.816,0.0,46070637.175,46073852.991
2016-02-16,3215.816,0.0,46071051.863,46074267.679
2016-02-17,3215.816,0.0,46070963.001,46074178.818
2016-02-18,389.217,0.0,46055140.131,46055529.348
2016-02-19,389.217,0.0,46477557.126,46477946.343
2016-02-22,389.217,0.0,47204000.844,47204390.061
2016-02-23,389.217,0.0,46627079.499,46627468.716
2016-02-24,389.217,0.0,46324839.561,46325228.778
2016-02-25,112.601,0.0,42809358.476,42809471.077
2016-02-26,112.601,0.0,42825195.077,42825307.679
2016-02-29,112.601,0.0,42814087.461,42814200.062
2016-03-01,112.601,0.0,42808038.759,42808151.36
2016-03-02,112.601,0.0,42827889.499,42828002.1
2016-03-03,517.744,0.0,42810565.909,42811083.652
2016-03-04,517.744,0.0,43858973.691,43859491.435
2016-03-07,517.744,0.0,43721922.582,43722440.326
2016-03-08,517.744,0.0,43798650.014,43799167.758
2016-03-09,517.744,0.0,43565634.031,43566151.774
2016-03-10,517.744,0.0,42707544.421,42708062.164
2016-03-11,517.744,0.0,42859481.717,42859999.461
2016-03-14,517.744,0.0,43188622.24,43189139.983
2016-03-15,517.744,0.0,43509043.838,43509561.582
2016-03-16,517.744,0.0,43984042.434,43984560.178
2016-03-17,517.744,0.0,44105585.108,44106102.852
2016-03-18,517.744,0.0,44468541.868,44469059.611
2016-03-21,517.744,0.0,45478143.497,45478661.241
2016-03-22,517.744,0.0,45102434.396,45102952.14
2016-03-23,517.744,0.0,45181759.748,45182277.492
2016-03-24,517.744,0.0,44447207.884,44447725.628
2016-03-25,517.744,0.0,44687361.06,44687878.804
2016-03-28,517.744,0.0,44236130.225,44236647.969
2016-03-29,517.744,0.0,43882728.023,43883245.767
2016-03-30,517.744,0.0,44865713.281,44866231.024
2016-03-31,475.244,0.0,44868681.156,44869156.4
2016-04-01,475.244,0.0,44208826.974,44209302.218
2016-04-05,475.244,0.0,45695257.92,45695733.164
2016-04-06,475.244,0.0,46046483.886,46046959.13
2016-04-07,475.244,0.0,45077119.464,45077594.708
2016-04-08,475.244,0.0,44701256.964,44701732.208
2016-04-11,475.244,0.0,45767884.578,45768359.822
2016-04-12,475.244,0.0,45384464.736,45384939.98
2016-04-13,475.244,0.0,45985824.69,45986299.934
2016-04-14,475.244,0.0,46594802.124,46595277.368
2016-04-15,475.244,0.0,46299765.096,46300240.34
2016-04-18,475.244,0.0,45416077.278,45416552.522
2016-04-19,475.244,0.0,45554935.92,45555411.164
2016-04-20,475.244,0.0,43003460.994,43003936.238
2016-04-21,68.104,0.0,42287180.594,42287248.698
2016-04-22,68.104,0.0,42282755.35,42282823.454
2016-04-25,68.104,0.0,42251454.838,42251522.942
2016-04-26,68.104,0.0,42254315.057,42254383.161
2016-04-27,68.104,0.0,42259954.546,42260022.65
2016-04-28,68.104,0.0,42274903.238,42274971.342
2016-04-29,68.104,0.0,42278222.172,42278290.276
2016-05-03,68.104,0.0,42294762.874,42294830.978
2016-05-04,68.104,0.0,42304449.842,42304517.946
2016-05-05,68.104,0.0,42302561.018,42302629.122
2016-05-06,68.104,0.0,42315971.669,42316039.773
2016-05-09,68.104,0.0,42330731.479,42330799.583
2016-05-10,68.104,0.0,42338529.624,42338597.728
2016-05-11,68.104,0.0,42346867.433,42346935.537
2016-05-12,68.104,0.0,42375658.507,42375726.611
2016-05-13,68.104,0.0,42401103.665,42401171.769
2016-05-16,68.104,0.0,42405771.758,42405839.862
2016-05-17,68.104,0.0,42408551.028,42408619.132
2016-05-18,68.104,0.0,42407471.7,42407539.804
2016-05-19,68.104,0.0,42407768.515,42407836.619
2016-05-20,68.104,0.0,42411114.432,42411182.536
2016-05-23,68.104,0.0,42407444.717,42407512.821
2016-05-24,68.104,0.0,42411492.197,42411560.301
2016-05-25,68.104,0.0,42406554.271,42406622.375
2016-05-26,68.104,0.0,42411060.466,42411128.57
2016-05-27,68.104,0.0,42403505.17,42403573.274
2016-05-30,68.104,0.0,42426575.806,42426643.91
2016-05-31,68.104,0.0,42413111.189,42413179.293
2016-06-01,68.104,0.0,42418211.014,42418279.118
2016-06-02,68.104,0.0,42419883.972,42419952.076
2016-06-03,68.104,0.0,42418966.543,42419034.647
2016-06-06,68.104,0.0,42421907.712,42421975.816
2016-06-07,68.104,0.0,42424471.116,42424539.22
2016-06-08,68.104,0.0,42424848.881,42424916.985
2016-06-13,68.104,0.0,42435264.396,42435332.5
2016-06-14,68.104,0.0,42434427.917,42434496.021
2016-06-15,68.104,0.0,42446273.542,42446341.646
2016-06-16,5.845,0.0,42438096.12,42438101.965
2016-06-17,5.845,0.0,42871763.55,42871769.395
2016-06-20,5.845,0.0,42805927.85,42805933.695
2016-06-21,5.845,0.0,42247960.195,42247966.04
2016-06-22,5.845,0.0,43314599.51,43314605.355
2016-06-23,5.845,0.0,43166509.575,43166515.42
2016-06-24,5.845,0.0,42962115.98,42962121.825
2016-06-27,5.845,0.0,44263522.17,44263528.015
2016-06-28,5.845,0.0,44766458.45,44766464.295
2016-06-29,5.845,0.0,44626668.66,44626674.505
2016-06-30,5.845,0.0,44990219.05,44990224.895
2016-07-01,5.845,0.0,44654719.515,44654725.36
2016-07-04,5.845,0.0,45412738.84,45412744.685
2016-07-05,5.845,0.0,45358454.68,45358460.525
2016-07-06,5.845,0.0,45268304.2,45268310.045
2016-07-07,5.845,0.0,45114054.79,45114060.635
2016-07-08,5.845,0.0,45216645.39,45216651.235
2016-07-11,5.845,0.0,44804384.66,44804390.505
2016-07-12,5.845,0.0,45385314.03,45385319.875
2016-07-13,5.845,0.0,46153026.955,46153032.8
2016-07-14,5.845,0.0,46308730.405,46308736.25
2016-07-15,5.845,0.0,45717117.88,45717123.725
2016-07-18,5.845,0.0,45436144.845,45436150.69
2016-07-19,5.845,0.0,45917755.205,45917761.05
2016-07-20,5.845,0.0,45813064.325,45813070.17
2016-07-21,5.845,0.0,45744259.96,45744265.805
2016-07-22,5.845,0.0,45438729.805,45438735.65
2016-07-25,5.845,0.0,45355647.575,45355653.42
2016-07-26,5.845,0.0,46035512.25,46035518.095
2016-07-27,5.845,0.0,43528020.27,43528026.115
2016-07-28,588.815,0.0,43197721.534,43198310.349
2016-07-29,588.815,0.0,43014850.875,43015439.69
2016-08-01,588.815,0.0,42801777.011,42802365.826
2016-08-02,588.815,0.0,42864038.218,42864627.032
2016-08-03,588.815,0.0,42876638.15,42877226.965
2016-08-04,5.348,0.0,42935347.125,42935352.473
2016-08-05,5.348,0.0,42928390.495,42928395.843
2016-08-08,5.348,0.0,42958138.886,42958144.234
2016-08-09,5.348,0.0,42994410.81,42994416.158
2016-08-10,5.348,0.0,43018745.481,43018750.83
2016-08-11,5.348,0.0,43031359.449,43031364.797
2016-08-12,5.348,0.0,43056533.247,43056538.595
2016-08-15,5.348,0.0,43081246.879,43081252.227
2016-08-16,5.348,0.0,43092994.651,43093000.0
2016-08-17,5.348,0.0,43091072.781,43091078.129
2016-08-18,2076.993,0.0,43080734.758,43082811.751
2016-08-19,2076.993,0.0,43074939.244,43077016.237
2016-08-22,2076.993,0.0,42780168.444,42782245.437
2016-08-23,2076.993,0.0,42853000.206,42855077.199
2016-08-24,2076.993,0.0,42652511.723,42654588.716
2016-08-25,2076.993,0.0,42419661.055,42421738.048
2016-08-26,2076.993,0.0,42352546.415,42354623.408
2016-08-29,2076.993,0.0,42291074.631,42293151.624
2016-08-30,2076.993,0.0,42408017.765,42410094.758
2016-08-31,2076.993,0.0,42696387.919,42698464.912
2016-09-01,2076.993,0.0,42358148.012,42360225.005
2016-09-02,2076.993,0.0,42579348.513,42581425.506
2016-09-05,2076.993,0.0,42619807.089,42621884.082
2016-09-06,2076.993,0.0,42785862.186,42787939.179
2016-09-07,2076.993,0.0,42783998.654,42786075.647
2016-09-08,265.358,0.0,42755066.172,42755331.53
2016-09-09,265.358,0.0,42360852.443,42361117.801
2016-09-12,265.358,0.0,41257030.927,41257296.285
2016-09-13,265.358,0.0,41262895.772,41263161.13
2016-09-14,265.358,0.0,41237686.553,41237951.911
2016-09-19,265.358,0.0,41634880.777,41635146.135
2016-09-20,265.358,0.0,41504488.928,41504754.286
2016-09-21,265.358,0.0,41575616.999,41575882.357
2016-09-22,121.024,0.0,41683390.176,41683511.2
2016-09-23,121.024,0.0,41692953.463,41693074.487
2016-09-26,121.024,0.0,41705887.417,41706008.441
2016-09-27,121.024,0.0,41708317.433,41708438.457
2016-09-28,121.024,0.0,41705495.479,41705616.503
2016-09-29,121.024,0.0,41722061.392,41722182.416
2016-09-30,121.024,0.0,41735517.93,41735638.954
2016-10-10,121.024,0.0,41788455.689,41788576.713
2016-10-11,121.024,0.0,41797731.555,41797852.579
2016-10-12,121.024,0.0,41798959.628,41799080.652
2016-10-13,121.024,0.0,41803871.917,41803992.941
2016-10-14,121.024,0.0,41814584.889,41814705.913
2016-10-17,121.024,0.0,41829034.337,41829155.361
2016-10-18,121.024,0.0,41841053.769,41841174.793
2016-10-19,121.024,0.0,41906611.932,41906732.956
2016-10-20,1495.265,0.0,41939422.11,41940917.375
2016-10-21,1495.265,0.0,41705005.512,41706500.777
2016-10-24,1495.265,0.0,42083754.966,42085250.231
2016-10-25,1495.265,0.0,42072358.254,42073853.519
2016-10-26,1495.265,0.0,41771875.146,41773370.411
2016-10-27,443.449,0.0,41721043.43,41721486.879
2016-10-28,443.449,0.0,41746656.23,41747099.679
2016-10-31,443.449,0.0,41695247.872,41695691.321
2016-11-01,443.449,0.0,41971483.254,41971926.703
2016-11-02,443.449,0.0,41594394.804,41594838.253
2016-11-03,443.449,0.0,42012930.634,42013374.083
2016-11-04,443.449,0.0,41935121.082,41935564.531
2016-11-07,443.449,0.0,41981108.064,41981551.513
2016-11-08,443.449,0.0,42130861.57,42131305.019
2016-11-09,443.449,0.0,41942308.674,41942752.123
2016-11-10,443.449,0.0,42385692.922,42386136.371
2016-11-11,443.449,0.0,42706279.802,42706723.251
2016-11-14,443.449,0.0,42833595.428,42834038.877
2016-11-15,443.449,0.0,42813425.348,42813868.797
2016-11-16,443.449,0.0,42781958.956,42782402.405
2016-11-17,443.449,0.0,42905327.276,42905770.725
2016-11-18,443.449,0.0,42715769.878,42716213.327
2016-11-21,443.449,0.0,43113103.112,43113546.561
2016-11-22,443.449,0.0,43456121.202,43456564.651
2016-11-23,443.449,0.0,43657255.052,43657698.501
2016-11-24,443.449,0.0,43862749.748,43863193.197
2016-11-25,443.449,0.0,44336211.694,44336655.143
2016-11-28,443.449,0.0,44515957.522,44516400.971
2016-11-29,443.449,0.0,45073768.288,45074211.737
2016-11-30,443.449,0.0,44713972.48,44714415.929
2016-12-01,443.449,0.0,45072394.268,45072837.717
2016-12-02,443.449,0.0,44664303.658,44664747.107
2016-12-05,443.449,0.0,43768656.058,43769099.507
2016-12-06,443.449,0.0,43659602.892,43660046.341
2016-12-07,443.449,0.0,43780337.896,43780781.345
2016-12-08,443.449,0.0,43765447.788,43765891.237
2016-12-09,443.449,0.0,44255848.866,44256292.315
2016-12-12,443.449,0.0,43501223.742,43501667.191
2016-12-13,443.449,0.0,43330823.918,43331267.367
2016-12-14,443.449,0.0,43021421.294,43021864.743
2016-12-15,31.556,0.0,42272829.563,42272861.119
2016-12-16,31.556,0.0,42263825.207,42263856.763
2016-12-19,31.556,0.0,42260567.749,42260599.305
2016-12-20,31.556,0.0,42238401.143,42238432.699
2016-12-21,31.556,0.0,42249736.039,42249767.594
2016-12-22,31.556,0.0,42298174.177,42298205.733
2016-12-23,31.556,0.0,42316288.823,42316320.378
2016-12-26,31.556,0.0,42334297.535,42334329.09
2016-12-27,31.556,0.0,42304900.961,42304932.516
2016-12-28,31.556,0.0,42243803.757,42243835.313
2016-12-29,31.556,0.0,42286680.382,42286711.937
2016-12-30,31.556,0.0,42316527.173,42316558.729
2017-01-03,31.556,0.0,42297035.391,42297066.947
2017-01-04,31.556,0.0,42301007.901,42301039.457
2017-01-05,31.556,0.0,42287024.666,42287056.221
2017-01-06,31.556,0.0,42283634.791,42283666.346
2017-01-09,31.556,0.0,42302146.687,42302178.243
2017-01-10,31.556,0.0,42298597.912,42298629.467
2017-01-11,31.556,0.0,42282601.938,42282633.494
2017-01-12,31.556,0.0,42293804.416,42293835.972
2017-01-13,31.556,0.0,42286230.164,42286261.719
2017-01-16,31.556,0.0,42298703.845,42298735.401
2017-01-17,31.556,0.0,42272538.246,42272569.802
2017-01-18,31.556,0.0,42276590.206,42276621.762
2017-01-19,3161.945,0.0,42258663.176,42261825.121
2017-01-20,3161.945,0.0,42539682.039,42542843.984
2017-01-23,3161.945,0.0,42587986.499,42591148.444
2017-01-24,3161.945,0.0,42644422.449,42647584.394
2017-01-25,3161.945,0.0,42774804.251,42777966.197
2017-01-26,3161.945,0.0,42903052.249,42906214.195
2017-02-03,3161.945,0.0,42522562.627,42525724.572
2017-02-06,3161.945,0.0,42562224.65,42565386.595
2017-02-07,3161.945,0.0,42439508.394,42442670.339
2017-02-08,3161.945,0.0,42650471.758,42653633.703
2017-02-09,3161.945,0.0,42828948.876,42832110.821
2017-02-10,3161.945,0.0,43062808.279,43065970.224
2017-02-13,3161.945,0.0,43369860.349,43373022.295
2017-02-14,3161.945,0.0,43317616.558,43320778.503
2017-02-15,3161.945,0.0,43259169.908,43262331.853
2017-02-16,3161.945,0.0,43464917.894,43468079.839
2017-02-17,3161.945,0.0,43214938.472,43218100.418
2017-02-20,3161.945,0.0,43843812.458,43846974.403
2017-02-21,3161.945,0.0,43910161.597,43913323.542
2017-02-22,3161.945,0.0,43975263.81,43978425.755
2017-02-23,3161.945,0.0,43747218.098,43750380.043
2017-02-24,3161.945,0.0,43739911.274,43743073.219
2017-02-27,3161.945,0.0,43364637.029,43367798.974
2017-02-28,3161.945,0.0,43394994.765,43398156.71
2017-03-01,3161.945,0.0,43452326.859,43455488.805
2017-03-02,1282.195,0.0,43126535.085,43127817.28
2017-03-03,1282.195,0.0,43303586.073,43304868.268
2017-03-06,1282.195,0.0,44077925.89,44079208.085
2017-03-07,1282.195,0.0,44416644.821,44417927.016
2017-03-08,1282.195,0.0,44119650.996,44120933.191
2017-03-09,1282.195,0.0,43879697.951,43880980.146
2017-03-10,1282.195,0.0,43791329.656,43792611.851
2017-03-13,1282.195,0.0,44260029.703,44261311.898
2017-03-14,1282.195,0.0,43971322.511,43972604.706
2017-03-15,1282.195,0.0,43966763.74,43968045.935
2017-03-16,1282.195,0.0,44166788.239,44168070.434
2017-03-17,1282.195,0.0,43783537.077,43784819.272
2017-03-20,1282.195,0.0,43876845.912,43878128.107
2017-03-21,1282.195,0.0,44039591.791,44040873.986
2017-03-22,1282.195,0.0,43759261.06,43760543.255
2017-03-23,1282.195,0.0,43754522.633,43755804.828
2017-03-24,1282.195,0.0,44131081.609,44132363.804
2017-03-27,1282.195,0.0,43735636.296,43736918.491
2017-03-28,1282.195,0.0,43664559.891,43665842.086
2017-03-29,1282.195,0.0,43323954.572,43325236.767
2017-03-30,3.71,0.0,42514515.225,42514518.935
2017-03-31,3.71,0.0,42517886.3,42517890.01
2017-04-05,3.71,0.0,42540793.686,42540797.396
2017-04-06,356.748,0.0,42537815.487,42538172.235
2017-04-07,356.748,0.0,42523158.59,42523515.338
2017-04-10,356.748,0.0,42384387.417,42384744.166
2017-04-11,356.748,0.0,42444667.923,42445024.671
2017-04-12,356.748,0.0,42430635.972,42430992.72
2017-04-13,356.748,0.0,42385162.861,42385519.609
2017-04-14,356.748,0.0,42094668.829,42095025.577
2017-04-17,356.748,0.0,42124219.847,42124576.595
2017-04-18,356.748,0.0,41912951.112,41913307.86
2017-04-19,356.748,0.0,41746128.792,41746485.54
2017-04-20,145.259,0.0,41979824.613,41979969.871
2017-04-21,145.259,0.0,41988325.735,41988470.994
2017-04-24,145.259,0.0,41996486.813,41996632.071
2017-04-25,145.259,0.0,42008336.07,42008481.328
2017-04-26,145.259,0.0,42003549.284,42003694.542
2017-04-27,145.259,0.0,42010062.451,42010207.71
2017-04-28,145.259,0.0,42012390.451,42012535.71
2017-05-02,145.259,0.0,42023402.674,42023547.933
2017-05-03,145.259,0.0,42024579.753,42024725.012
2017-05-04,145.259,0.0,42019008.248,42019153.507
2017-05-05,145.259,0.0,42018825.147,42018970.406
2017-05-08,145.259,0.0,42017961.956,42018107.215
2017-05-09,145.259,0.0,42017988.113,42018133.372
2017-05-10,145.259,0.0,41980766.275,41980911.534
2017-05-11,145.259,0.0,41959186.503,41959331.762
2017-05-12,145.259,0.0,41937449.787,41937595.045
2017-05-15,145.259,0.0,41875509.3,41875654.559
2017-05-16,145.259,0.0,41929916.484,41930061.743
2017-05-17,145.259,0.0,41906662.645,41906807.903
2017-05-18,220.773,0.0,41894800.389,41895021.162
2017-05-19,220.773,0.0,42038053.926,42038274.699
2017-05-22,220.773,0.0,42339132.778,42339353.551
2017-05-23,220.773,0.0,42794810.646,42795031.419
2017-05-24,220.773,0.0,42743210.214,42743430.987
2017-05-25,220.773,0.0,43653376.443,43653597.217
2017-05-26,220.773,0.0,43644468.499,43644689.272
2017-05-31,220.773,0.0,43834657.31,43834878.083
2017-06-01,220.773,0.0,44105727.509,44105948.282
2017-06-02,220.773,0.0,43825072.555,43825293.329
2017-06-05,220.773,0.0,43453010.032,43453230.805
2017-06-06,220.773,0.0,43798935.206,43799155.98
2017-06-07,220.773,0.0,44211583.454,44211804.227
2017-06-08,220.773,0.0,44645649.189,44645869.962
2017-06-09,220.773,0.0,44849780.04,44850000.813
2017-06-12,220.773,0.0,44977305.368,44977526.141
2017-06-13,220.773,0.0,44919207.81,44919428.583
2017-06-14,220.773,0.0,44214323.773,44214544.546
2017-06-15,220.773,0.0,44007612.9,44007833.673
2017-06-16,220.773,0.0,43848493.757,43848714.531
2017-06-19,220.773,0.0,44354965.483,44355186.256
2017-06-20,220.773,0.0,44234416.9,44234637.673
2017-06-21,220.773,0.0,44779384.125,44779604.898
2017-06-22,220.773,0.0,44972553.701,44972774.474
2017-06-23,220.773,0.0,45420120.022,45420340.795
2017-06-26,220.773,0.0,45900109.632,45900330.405
2017-06-27,220.773,0.0,46036539.088,46036759.861
2017-06-28,220.773,0.0,45675701.185,45675921.958
2017-06-29,220.773,0.0,45952309.27,45952530.043
2017-06-30,220.773,0.0,45909362.342,45909583.116
2017-07-03,220.773,0.0,45579828.193,45580048.966
2017-07-04,220.773,0.0,45125838.534,45126059.307
2017-07-05,220.773,0.0,45694438.147,45694658.92
2017-07-06,220.773,0.0,45710910.592,45711131.365
2017-07-07,220.773,0.0,45542480.218,45542700.991
2017-07-10,220.773,0.0,45620240.898,45620461.671
2017-07-11,220.773,0.0,46103734.147,46103954.92
2017-07-12,220.773,0.0,45935699.427,45935920.2
2017-07-13,220.773,0.0,46399051.205,46399271.979
2017-07-14,220.773,0.0,46724067.773,46724288.546
2017-07-17,220.773,0.0,46632740.351,46632961.124
2017-07-18,220.773,0.0,46565868.43,46566089.204
2017-07-19,220.773,0.0,47179759.635,47179980.408
2017-07-20,220.773,0.0,47366718.33,47366939.104
2017-07-21,220.773,0.0,46988780.788,46989001.561
2017-07-24,220.773,0.0,47182866.347,47183087.121
2017-07-25,220.773,0.0,46933254.346,46933475.12
2017-07-26,220.773,0.0,46708194.533,46708415.306
2017-07-27,220.773,0.0,46648453.293,46648674.067
2017-07-28,220.773,0.0,46746501.747,46746722.521
2017-07-31,220.773,0.0,46793664.746,46793885.519
2017-08-01,220.773,0.0,47373855.372,47374076.146
2017-08-02,220.773,0.0,47305389.385,47305610.158
2017-08-03,220.773,0.0,46736188.022,46736408.795
2017-08-04,220.773,0.0,46451020.575,46451241.349
2017-08-07,220.773,0.0,46629007.716,46629228.49
2017-08-08,220.773,0.0,46610405.608,46610626.381
2017-08-09,220.773,0.0,46549740.751,46549961.524
2017-08-10,69.599,0.0,46378010.788,46378080.386
2017-08-11,69.599,0.0,46399744.503,46399814.101
2017-08-14,69.599,0.0,46402609.533,46402679.131
2017-08-15,69.599,0.0,46460083.777,46460153.376
2017-08-16,69.599,0.0,46470617.828,46470687.426
2017-08-17,1394.189,0.0,46452805.126,46454199.315
2017-08-18,1394.189,0.0,46159022.611,46160416.8
2017-08-21,1394.189,0.0,46346871.129,46348265.318
2017-08-22,1394.189,0.0,45984501.355,45985895.544
2017-08-23,1394.189,0.0,45793232.342,45794626.531
2017-08-24,1394.189,0.0,45498639.043,45500033.232
2017-08-25,1394.189,0.0,45932889.886,45934284.075
2017-08-28,1394.189,0.0,46691758.373,46693152.562
2017-08-29,1394.189,0.0,46407021.167,46408415.356
2017-08-30,1394.189,0.0,46585393.647,46586787.836
2017-08-31,1394.189,0.0,46857715.723,46859109.912
2017-09-01,1394.189,0.0,47259839.25,47261233.439
2017-09-04,1394.189,0.0,47725229.266,47726623.455
2017-09-05,1394.189,0.0,47764349.594,47765743.783
2017-09-06,1394.189,0.0,48212687.809,48214081.998
2017-09-07,1394.189,0.0,47896608.734,47898002.923
2017-09-08,1394.189,0.0,47767187.338,47768581.527
2017-09-11,1394.189,0.0,48048453.375,48049847.564
2017-09-12,1394.189,0.0,47747171.108,47748565.297
2017-09-13,1394.189,0.0,47847201.584,47848595.773
2017-09-14,1394.189,0.0,47614607.924,47616002.113
2017-09-15,1394.189,0.0,47522963.995,47524358.184
2017-09-18,1394.189,0.0,48008598.274,48009992.463
2017-09-19,1394.189,0.0,47641059.752,47642453.941
2017-09-20,1394.189,0.0,47954554.453,47955948.642
2017-09-21,1394.189,0.0,47450373.49,47451767.679
2017-09-22,1394.189,0.0,47289610.225,47291004.414
2017-09-25,1394.189,0.0,46711825.277,46713219.466
2017-09-26,1394.189,0.0,46606271.335,46607665.524
2017-09-27,1394.189,0.0,46998690.791,47000084.98
2017-09-28,140.487,0.0,46979613.378,46979753.865
2017-09-29,140.487,0.0,46989263.04,46989403.527
2017-10-09,140.487,0.0,47018153.543,47018294.031
2017-10-10,140.487,0.0,47017071.612,47017212.099
2017-10-11,140.487,0.0,47022042.65,47022183.137
2017-10-12,3690.406,0.0,47014878.381,47018568.787
2017-10-13,3690.406,0.0,47034523.785,47038214.191
2017-10-16,3690.406,0.0,47141481.283,47145171.689
2017-10-17,3690.406,0.0,47171427.237,47175117.643
2017-10-18,3690.406,0.0,47685347.885,47689038.291
2017-10-19,3690.406,0.0,47627272.287,47630962.693
2017-10-20,3690.406,0.0,47418213.787,47421904.193
2017-10-23,3690.406,0.0,47386759.93,47390450.336
2017-10-24,3690.406,0.0,47765272.839,47768963.245
2017-10-25,3690.406,0.0,47980448.281,47984138.687
2017-10-26,3690.406,0.0,48230716.295,48234406.701
2017-10-27,3690.406,0.0,48853360.772,48857051.178
2017-10-30,3690.406,0.0,48888013.285,48891703.691
2017-10-31,3690.406,0.0,48723433.657,48727124.063
2017-11-01,3690.406,0.0,48588307.507,48591997.913
2017-11-02,3690.406,0.0,48661036.704,48664727.11
2017-11-03,3690.406,0.0,48685397.2,48689087.606
2017-11-06,3690.406,0.0,48906418.966,48910109.372
2017-11-07,3690.406,0.0,49339221.259,49342911.665
2017-11-08,3690.406,0.0,49199038.697,49202729.103
2017-11-09,3690.406,0.0,49535173.071,49538863.477
2017-11-10,3690.406,0.0,50006379.959,50010070.365
2017-11-13,3690.406,0.0,50139320.442,50143010.848
2017-11-14,3690.406,0.0,49826878.552,49830568.958
2017-11-15,3690.406,0.0,49671326.838,49675017.244
2017-11-16,3690.406,0.0,50154810.275,50158500.681
2017-11-17,3690.406,0.0,50795968.924,50799659.33
2017-11-20,3690.406,0.0,51031390.737,51035081.143
2017-11-21,3690.406,0.0,52097117.334,52100807.74
2017-11-22,3690.406,0.0,52324264.575,52327954.981
2017-11-23,3690.406,0.0,50783765.515,50787455.921
2017-11-24,3690.406,0.0,50815052.369,50818742.775
2017-11-27,3690.406,0.0,50190973.129,50194663.535
2017-11-28,3690.406,0.0,50044201.872,50047892.278
2017-11-29,3690.406,0.0,50015378.617,50019069.023
2017-11-30,3690.406,0.0,49427699.936,49431390.342
2017-12-01,3690.406,0.0,49132102.188,49135792.594
2017-12-04,3690.406,0.0,49530265.377,49533955.783
2017-12-05,3690.406,0.0,50155492.915,50159183.321
2017-12-06,3690.406,0.0,49628984.873,49632675.279
2017-12-07,68.428,0.0,48975871.515,48975939.943
2017-12-08,68.428,0.0,48975293.252,48975361.68
2017-12-11,68.428,0.0,48976906.302,48976974.73
2017-12-12,68.428,0.0,48963119.292,48963187.72
2017-12-13,68.428,0.0,48967228.003,48967296.432
2017-12-14,68.428,0.0,48976206.299,48976274.727
2017-12-15,68.428,0.0,48978275.872,48978344.3
2017-12-18,68.428,0.0,48996354.203,48996422.631
2017-12-19,68.428,0.0,48990693.311,48990761.74
2017-12-20,68.428,0.0,48995106.372,48995174.8
2017-12-21,68.428,0.0,48996628.117,48996696.545
2017-12-22,68.428,0.0,49006123.806,49006192.234
2017-12-25,68.428,0.0,48980528.055,48980596.483
2017-12-26,68.428,0.0,48989323.741,48989392.169
2017-12-27,68.428,0.0,48970454.103,48970522.531
2017-12-28,731.443,0.0,48942774.57,48943506.013
2017-12-29,731.443,0.0,48983132.495,48983863.938
2018-01-02,731.443,0.0,49781039.857,49781771.301
2018-01-03,731.443,0.0,49899179.144,49899910.587
2018-01-04,731.443,0.0,50174568.635,50175300.078
2018-01-05,731.443,0.0,50390112.553,50390843.996
2018-01-08,731.443,0.0,50668640.566,50669372.009
2018-01-09,731.443,0.0,51174170.807,51174902.25
2018-01-10,731.443,0.0,51652265.676,51652997.12
2018-01-11,731.443,0.0,51572880.848,51573612.291
2018-01-12,731.443,0.0,52019380.452,52020111.895
2018-01-15,731.443,0.0,52447646.618,52448378.061
2018-01-16,731.443,0.0,52820133.489,52820864.932
2018-01-17,731.443,0.0,52735904.653,52736636.096
2018-01-18,731.443,0.0,53102702.576,53103434.019
2018-01-19,731.443,0.0,53251554.98,53252286.423
2018-01-22,731.443,0.0,53908698.086,53909429.529
2018-01-23,731.443,0.0,54589042.258,54589773.701
2018-01-24,731.443,0.0,54565716.371,54566447.814
2018-01-25,731.443,0.0,54206482.108,54207213.551
2018-01-26,731.443,0.0,54499311.705,54500043.148
2018-01-29,731.443,0.0,53395887.432,53396618.875
2018-01-30,731.443,0.0,52690864.747,52691596.191
2018-01-31,731.443,0.0,53307447.094,53308178.537
2018-02-01,731.443,0.0,53341836.425,53342567.868
2018-02-02,731.443,0.0,53565623.316,53566354.759
2018-02-05,731.443,0.0,53731900.224,53732631.668
2018-02-06,731.443,0.0,52414337.467,52415068.91
2018-02-07,731.443,0.0,50887285.801,50888017.244
2018-02-08,121.296,0.0,50056124.786,50056246.083
2018-02-09,121.296,0.0,50063476.835,50063598.131
2018-02-12,121.296,0.0,50078863.399,50078984.696
2018-02-13,121.296,0.0,50090372.302,50090493.598
2018-02-14,121.296,0.0,50104890.27,50105011.566
2018-02-22,121.296,0.0,50144659.577,50144780.873
2018-02-23,121.296,0.0,50168111.679,50168232.976
2018-02-26,121.296,0.0,50202235.109,50202356.406
2018-02-27,121.296,0.0,50240143.138,50240264.434
2018-02-28,121.296,0.0,50268992.947,50269114.243
2018-03-01,121.296,0.0,50286302.832,50286424.129
2018-03-02,121.296,0.0,50292755.263,50292876.559
2018-03-05,121.296,0.0,50293903.051,50294024.347
2018-03-06,121.296,0.0,50319061.325,50319182.622
2018-03-07,121.296,0.0,50321170.774,50321292.07
2018-03-08,1712.026,0.0,50324970.982,50326683.009
2018-03-09,1712.026,0.0,52099564.346,52101276.372
2018-03-12,1712.026,0.0,52827926.176,52829638.202
2018-03-13,1712.026,0.0,52554841.005,52556553.031
2018-03-14,1712.026,0.0,51673942.915,51675654.941
2018-03-15,1712.026,0.0,51882211.472,51883923.498
2018-03-16,1712.026,0.0,51113589.027,51115301.053
2018-03-19,1712.026,0.0,51719704.074,51721416.1
2018-03-20,1712.026,0.0,52328706.906,52330418.932
2018-03-21,1712.026,0.0,51354675.626,51356387.652
2018-03-22,1712.026,0.0,50998683.786,51000395.812
2018-03-23,1712.026,0.0,48439050.538,48440762.564
2018-03-26,1712.026,0.0,49971019.395,49972731.421
2018-03-27,1712.026,0.0,51769461.546,51771173.572
2018-03-28,1712.026,0.0,51501759.05,51503471.076
2018-03-29,1712.026,0.0,51699141.581,51700853.607
2018-03-30,1712.026,0.0,53335118.429,53336830.455
2018-04-02,1712.026,0.0,53328745.094,53330457.121
2018-04-03,1712.026,0.0,52549000.886,52550712.913
2018-04-04,1712.026,0.0,51548311.613,51550023.639
2018-04-09,1712.026,0.0,51684152.598,51685864.625
2018-04-10,1712.026,0.0,51512036.086,51513748.113
2018-04-11,1712.026,0.0,51486932.838,51488644.865
2018-04-12,117.308,0.0,51255023.282,51255140.59
2018-04-13,117.308,0.0,51261800.412,51261917.72
2018-04-16,117.308,0.0,51296690.079,51296807.387
2018-04-17,117.308,0.0,51317366.599,51317483.907
2018-04-18,117.308,0.0,51410991.39,51411108.698
2018-04-19,117.308,0.0,51429377.491,51429494.799
2018-04-20,117.308,0.0,51444029.896,51444147.205
2018-04-23,117.308,0.0,51435276.104,51435393.412
2018-04-24,117.308,0.0,51429314.74,51429432.048
2018-04-25,117.308,0.0,51432295.422,51432412.73
2018-04-26,117.308,0.0,51436217.372,51436334.68
2018-04-27,117.308,0.0,51431385.53,51431502.838
2018-05-02,117.308,0.0,51451026.655,51451143.963
2018-05-03,117.308,0.0,51492473.823,51492591.131
2018-05-04,117.308,0.0,51507502.735,51507620.043
2018-05-07,117.308,0.0,51528273.382,51528390.691
2018-05-08,117.308,0.0,51525167.198,51525284.506
2018-05-09,117.308,0.0,51511330.558,51511447.867
2018-05-10,1255.68,0.0,51502556.468,51503812.148
2018-05-11,1255.68,0.0,50658267.517,50659523.197
2018-05-14,1255.68,0.0,50553368.844,50554624.524
2018-05-15,1255.68,0.0,51299694.754,51300950.434
2018-05-16,1255.68,0.0,50986691.228,50987946.908
2018-05-17,1255.68,0.0,50559556.245,50560811.925
2018-05-18,1255.68,0.0,50712775.179,50714030.859
2018-05-21,1255.68,0.0,51423094.888,51424350.568
2018-05-22,1255.68,0.0,51796343.434,51797599.114
2018-05-23,1255.68,0.0,50967322.813,50968578.493
2018-05-24,1255.68,0.0,50758301.308,50759556.988
2018-05-25,1255.68,0.0,49823592.368,49824848.048
2018-05-28,1255.68,0.0,49612778.974,49614034.654
2018-05-29,1255.68,0.0,48970360.538,48971616.218
2018-05-30,1255.68,0.0,47660901.068,47662156.748
2018-05-31,43.509,0.0,48130541.314,48130584.822
2018-06-01,43.509,0.0,48138869.954,48138913.463
2018-06-04,43.509,0.0,48127560.537,48127604.046
2018-06-05,43.509,0.0,48123732.285,48123775.793
2018-06-06,43.509,0.0,48133463.644,48133507.152
2018-06-07,43.509,0.0,48133317.527,48133361.036
2018-06-08,43.509,0.0,48141324.711,48141368.22
2018-06-11,43.509,0.0,48157426.75,48157470.258
2018-06-12,43.509,0.0,48155147.332,48155190.841
2018-06-13,43.509,0.0,48155877.915,48155921.423
2018-06-14,43.509,0.0,48172330.633,48172374.141
2018-06-15,43.509,0.0,48169642.089,48169685.598
2018-06-19,43.509,0.0,48195738.496,48195782.005
2018-06-20,43.509,0.0,48212191.214,48212234.722
2018-06-21,43.509,0.0,48239807.232,48239850.741
2018-06-22,43.509,0.0,48242378.883,48242422.391
2018-06-25,43.509,0.0,48267364.804,48267408.313
2018-06-26,43.509,0.0,48271514.513,48271558.021
2018-06-27,43.509,0.0,48278528.105,48278571.613
2018-06-28,43.509,0.0,48294454.803,48294498.312
2018-06-29,43.509,0.0,48348254.899,48348298.407
2018-07-02,43.509,0.0,48373270.043,48373313.552
2018-07-03,43.509,0.0,48402113.44,48402156.949
2018-07-04,43.509,0.0,48400535.382,48400578.891
2018-07-05,43.509,0.0,48436304.701,48436348.21
2018-07-06,43.509,0.0,48438730.235,48438773.744
2018-07-09,43.509,0.0,48450185.769,48450229.278
2018-07-10,43.509,0.0,48464242.176,48464285.685
2018-07-11,43.509,0.0,48477977.127,48478020.636
2018-07-12,43.509,0.0,48482915.865,48482959.374
2018-07-13,43.509,0.0,48489257.321,48489300.83
2018-07-16,43.509,0.0,48511174.796,48511218.305
2018-07-17,43.509,0.0,48527276.834,48527320.343
2018-07-18,43.509,0.0,48538060.232,48538103.741
2018-07-19,1550.732,0.0,48536682.233,48538232.965
2018-07-20,1550.732,0.0,49131449.648,49133000.38
2018-07-23,1550.732,0.0,49480209.983,49481760.715
2018-07-24,1550.732,0.0,49743833.04,49745383.772
2018-07-25,1550.732,0.0,49826580.21,49828130.942
2018-07-26,1550.732,0.0,49026669.532,49028220.265
2018-07-27,1550.732,0.0,48674169.885,48675720.617
2018-07-30,1550.732,0.0,47608035.42,47609586.152
2018-07-31,1550.732,0.0,47657388.24,47658938.972
2018-08-01,1550.732,0.0,47065279.553,47066830.285
2018-08-02,1638.895,0.0,46080587.665,46082226.56
2018-08-03,1638.895,0.0,45394033.617,45395672.512
2018-08-06,1638.895,0.0,45106341.076,45107979.971
2018-08-07,1638.895,0.0,46443323.59,46444962.485
2018-08-08,1638.895,0.0,45742024.082,45743662.977
2018-08-09,85.163,0.0,46853895.896,46853981.059
2018-08-10,85.163,0.0,46838568.698,46838653.861
2018-08-13,85.163,0.0,46832859.668,46832944.831
2018-08-14,85.163,0.0,46848468.099,46848553.262
2018-08-15,85.163,0.0,46846583.838,46846669.001
2018-08-16,85.163,0.0,46839356.15,46839441.313
2018-08-17,85.163,0.0,46804173.902,46804259.065
2018-08-20,85.163,0.0,46808758.0,46808843.163
2018-08-21,85.163,0.0,46817532.469,46817617.632
2018-08-22,85.163,0.0,46820176.059,46820261.222
2018-08-23,85.163,0.0,46819304.237,46819389.4
2018-08-24,85.163,0.0,46834012.723,46834097.886
2018-08-27,85.163,0.0,46836543.82,46836628.983
2018-08-28,85.163,0.0,46837387.519,46837472.682
2018-08-29,85.163,0.0,46842702.823,46842787.986
2018-08-30,85.163,0.0,46850886.703,46850971.866
2018-08-31,85.163,0.0,46852124.128,46852209.291
2018-09-03,85.163,0.0,46858311.254,46858396.417
2018-09-04,85.163,0.0,46835306.395,46835391.558
2018-09-05,85.163,0.0,46849846.141,46849931.304
2018-09-06,85.163,0.0,46847933.756,46848018.919
2018-09-07,85.163,0.0,46851364.799,46851449.962
2018-09-10,85.163,0.0,46855442.678,46855527.841
2018-09-11,85.163,0.0,46859154.953,46859240.116
2018-09-12,85.163,0.0,46845290.166,46845375.329
2018-09-13,85.163,0.0,46847905.633,46847990.796
2018-09-14,85.163,0.0,46876141.426,46876226.589
2018-09-17,85.163,0.0,46891243.638,46891328.801
2018-09-18,85.163,0.0,46896052.723,46896137.886
2018-09-19,85.163,0.0,46883678.471,46883763.634
2018-09-20,2719.09,0.0,46871976.705,46874695.796
2018-09-21,2719.09,0.0,48438347.951,48441067.041
2018-09-25,2719.09,0.0,47939129.808,47941848.899
2018-09-26,2719.09,0.0,48515706.104,48518425.194
2018-09-27,2719.09,0.0,48406582.883,48409301.973
2018-09-28,2719.09,0.0,48925205.397,48927924.487
2018-10-08,2719.09,0.0,46723332.58,46726051.671
2018-10-09,2719.09,0.0,46741312.63,46744031.72
2018-10-10,2719.09,0.0,46685828.569,46688547.66
2018-10-11,145.86,0.0,44751025.869,44751171.729
2018-10-12,145.86,0.0,44755095.076,44755240.936
2018-10-15,145.86,0.0,44746769.264,44746915.124
2018-10-16,145.86,0.0,44744145.696,44744291.556
2018-10-17,145.86,0.0,44752980.159,44753126.019
2018-10-18,145.86,0.0,44774049.015,44774194.875
2018-10-19,145.86,0.0,44780500.85,44780646.71
2018-10-22,145.86,0.0,44786283.407,44786429.267
2018-10-23,145.86,0.0,44794689.533,44794835.393
2018-10-24,145.86,0.0,44809145.927,44809291.787
2018-10-25,145.86,0.0,44816374.124,44816519.984
2018-10-26,145.86,0.0,44833320.23,44833466.09
2018-10-29,145.86,0.0,44861349.572,44861495.432
2018-10-30,145.86,0.0,44866248.683,44866394.543
2018-10-31,145.86,0.0,44878402.762,44878548.623
2018-11-01,145.86,0.0,44886514.406,44886660.266
2018-11-02,145.86,0.0,44882632.596,44882778.456
2018-11-05,145.86,0.0,44891975.71,44892121.57
2018-11-06,145.86,0.0,44908413.166,44908559.026
2018-11-07,145.86,0.0,44930499.323,44930645.183
2018-11-08,1043.594,0.0,44928206.102,44929249.696
2018-11-09,1043.594,0.0,44699775.563,44700819.157
2018-11-12,1043.594,0.0,46252806.544,46253850.138
2018-11-13,1043.594,0.0,47038927.126,47039970.72
2018-11-14,1043.594,0.0,46825283.528,46826327.123
2018-11-15,1043.594,0.0,47484731.789,47485775.383
2018-11-16,1043.594,0.0,47418332.474,47419376.068
2018-11-19,1043.594,0.0,47118170.4,47119213.994
2018-11-20,1043.594,0.0,45798101.331,45799144.926
2018-11-21,1043.594,0.0,46058092.664,46059136.259
2018-11-22,1043.594,0.0,45750435.747,45751479.341
2018-11-23,1043.594,0.0,44223589.412,44224633.006
2018-11-26,1043.594,0.0,44082292.345,44083335.94
2018-11-27,1043.594,0.0,44449789.745,44450833.339
2018-11-28,1043.594,0.0,45316542.411,45317586.006
2018-11-29,1043.594,0.0,44357996.493,44359040.088
2018-11-30,1043.594,0.0,44921366.804,44922410.398
2018-12-03,1043.594,0.0,46388078.675,46389122.269
2018-12-04,1043.594,0.0,46589459.519,46590503.113
2018-12-05,1043.594,0.0,46691281.939,46692325.533
2018-12-06,1043.594,0.0,45474603.193,45475646.787
2018-12-07,1043.594,0.0,45314362.892,45315406.486
2018-12-10,1043.594,0.0,44835514.01,44836557.604
2018-12-11,1043.594,0.0,45215020.731,45216064.325
2018-12-12,1043.594,0.0,45237049.084,45238092.678
2018-12-13,26.466,0.0,45553733.049,45553759.515
2018-12-14,26.466,0.0,45562284.61,45562311.075
2018-12-17,26.466,0.0,45579280.164,45579306.63
2018-12-18,26.466,0.0,45580248.265,45580274.731
2018-12-19,26.466,0.0,45587213.215,45587239.681
2018-12-20,26.466,0.0,45595038.7,45595065.166
2018-12-21,26.466,0.0,45594231.949,45594258.415
2018-12-24,26.466,0.0,45601438.925,45601465.391
2018-12-25,26.466,0.0,45615906.659,45615933.125
2018-12-26,26.466,0.0,45628034.816,45628061.282
2018-12-27,26.466,0.0,45632122.355,45632148.82
2018-12-28,26.466,0.0,45684265.361,45684291.827
2019-01-02,26.466,0.0,45718874.979,45718901.445
2019-01-03,26.466,0.0,45744341.419,45744367.884
2019-01-04,26.466,0.0,45753457.705,45753484.171
2019-01-07,26.466,0.0,45768705.299,45768731.765
2019-01-08,26.466,0.0,45789815.283,45789841.749
2019-01-09,26.466,0.0,45789761.5,45789787.966
2019-01-10,26.466,0.0,45782151.149,45782177.615
2019-01-11,26.466,0.0,45782393.174,45782419.64
2019-01-14,26.466,0.0,45789949.742,45789976.208
2019-01-15,26.466,0.0,45792369.995,45792396.461
2019-01-16,26.466,0.0,45841366.672,45841393.138
2019-01-17,26.466,0.0,45851854.435,45851880.901
2019-01-18,26.466,0.0,45852634.295,45852660.76
2019-01-21,26.466,0.0,45861481.664,45861508.13
2019-01-22,26.466,0.0,45884796.768,45884823.234
2019-01-23,26.466,0.0,45884420.284,45884446.75
2019-01-24,2327.424,0.0,45876874.995,45879202.419
2019-01-25,2327.424,0.0,46368854.232,46371181.656
2019-01-28,2327.424,0.0,46340140.008,46342467.432
2019-01-29,2327.424,0.0,46646987.631,46649315.055
2019-01-30,2327.424,0.0,46298334.105,46300661.529
2019-01-31,2327.424,0.0,47042050.878,47044378.302
2019-02-01,2327.424,0.0,47508476.046,47510803.47
2019-02-11,2327.424,0.0,48242136.534,48244463.958
2019-02-12,2327.424,0.0,48460253.037,48462580.461
2019-02-13,2327.424,0.0,49402493.352,49404820.776
2019-02-14,2327.424,0.0,49506912.825,49509240.249
2019-02-15,2327.424,0.0,48415998.528,48418325.952
2019-02-18,2327.424,0.0,49810058.748,49812386.172
2019-02-19,2327.424,0.0,49765931.742,49768259.166
2019-02-20,2327.424,0.0,49991414.628,49993742.052
2019-02-21,1274.683,0.0,49790446.215,49791720.898
2019-02-22,1274.683,0.0,51333079.926,51334354.609
2019-02-25,1274.683,0.0,54155544.904,54156819.587
2019-02-26,1274.683,0.0,54529741.238,54531015.921
2019-02-27,1274.683,0.0,53593259.906,53594534.589
2019-02-28,1274.683,0.0,54131198.42,54132473.103
2019-03-01,1274.683,0.0,55265958.902,55267233.585
2019-03-04,1274.683,0.0,57093154.265,57094428.948
2019-03-05,1274.683,0.0,59097271.409,59098546.092
2019-03-06,1274.683,0.0,59940797.604,59942072.287
2019-03-07,1274.683,0.0,59655982.159,59657256.842
2019-03-08,1274.683,0.0,58318952.34,58320227.023
2019-03-11,1274.683,0.0,60903271.549,60904546.232
2019-03-12,1274.683,0.0,62511722.192,62512996.875
2019-03-13,1274.683,0.0,59706885.24,59708159.923
2019-03-14,1274.683,0.0,58167413.364,58168688.047
2019-03-15,1274.683,0.0,58605794.602,58607069.285
2019-03-18,1274.683,0.0,60172016.944,60173291.627
2019-03-19,1274.683,0.0,60236110.201,60237384.884
2019-03-20,1274.683,0.0,59496787.1,59498061.783
2019-03-21,1274.683,0.0,60059167.27,60060441.953
2019-03-22,1274.683,0.0,59707061.485,59708336.168
2019-03-25,1274.683,0.0,58824986.984,58826261.667
2019-03-26,1274.683,0.0,57462577.885,57463852.568
2019-03-27,1274.683,0.0,57729853.427,57731128.11
2019-03-28,1274.683,0.0,57343732.356,57345007.039
2019-03-29,1274.683,0.0,59695855.827,59697130.51
2019-04-01,1274.683,0.0,62069682.108,62070956.791
2019-04-02,1274.683,0.0,61832262.469,61833537.151
2019-04-03,1274.683,0.0,62326509.847,62327784.53
2019-04-04,4183.835,0.0,62623784.002,62627967.837
2019-04-08,4183.835,0.0,62646102.549,62650286.384
2019-04-09,4183.835,0.0,63097657.234,63101841.069
2019-04-10,4183.835,0.0,63399902.686,63404086.521
2019-04-11,4183.835,0.0,62086218.972,62090402.807
2019-04-12,4183.835,0.0,61924278.537,61928462.372
2019-04-15,4183.835,0.0,61955803.708,61959987.543
2019-04-16,4183.835,0.0,63856779.532,63860963.367
2019-04-17,4183.835,0.0,63780968.506,63785152.341
2019-04-18,4183.835,0.0,63588287.235,63592471.07
2019-04-19,4183.835,0.0,64545478.45,64549662.285
2019-04-22,4183.835,0.0,62939812.601,62943996.435
2019-04-23,4183.835,0.0,63049077.633,63053261.468
2019-04-24,4183.835,0.0,63041103.322,63045287.157
2019-04-25,4183.835,0.0,61836980.812,61841164.647
2019-04-26,4183.835,0.0,61065719.939,61069903.774
2019-04-29,4183.835,0.0,61781525.266,61785709.101
2019-04-30,4183.835,0.0,61829630.098,61833813.933
2019-05-06,4183.835,0.0,58448057.715,58452241.55
2019-05-07,4183.835,0.0,58896882.858,58901066.693
2019-05-08,4183.835,0.0,57977979.649,57982163.484
2019-05-09,127.334,0.0,56738908.314,56739035.649
2019-05-10,127.334,0.0,56739962.446,56740089.78
2019-05-13,127.334,0.0,56727741.112,56727868.446
2019-05-14,127.334,0.0,56722206.923,56722334.258
2019-05-15,127.334,0.0,56763054.507,56763181.842
2019-05-16,127.334,0.0,56772871.104,56772998.438
2019-05-17,127.334,0.0,56777417.045,56777544.379
2019-05-20,127.334,0.0,56794546.677,56794674.011
2019-05-21,127.334,0.0,56787859.532,56787986.866
2019-05-22,127.334,0.0,56781699.453,56781826.787
2019-05-23,127.334,0.0,56795007.859,56795135.194
2019-05-24,127.334,0.0,56812236.316,56812363.65
2019-05-27,127.334,0.0,56824754.124,56824881.458
2019-05-28,127.334,0.0,56828048.284,56828175.618
2019-05-29,127.334,0.0,56835163.67,56835291.004
2019-05-30,127.334,0.0,56842839.062,56842966.397
2019-05-31,127.334,0.0,56842476.705,56842604.039
2019-06-03,127.334,0.0,56868171.153,56868298.487
2019-06-04,127.334,0.0,56881710.15,56881837.485
2019-06-05,127.334,0.0,56896962.111,56897089.446
2019-06-06,127.334,0.0,56908524.613,56908651.947
2019-06-10,127.334,0.0,56937414.396,56937541.73
2019-06-11,127.334,0.0,56936030.849,56936158.183
2019-06-12,127.334,0.0,56934284.944,56934412.278
2019-06-13,127.334,0.0,56947560.409,56947687.743
2019-06-14,127.334,0.0,56980469.067,56980596.402
2019-06-17,127.334,0.0,56996972.809,56997100.143
2019-06-18,127.334,0.0,56907404.598,56907531.933
2019-06-19,127.334,0.0,57005998.807,57006126.142
2019-06-20,2923.665,0.0,57032516.374,57035440.039
2019-06-21,2923.665,0.0,56963693.869,56966617.534
2019-06-24,2923.665,0.0,57133129.456,57136053.121
2019-06-25,2923.665,0.0,56477815.363,56480739.028
2019-06-26,2923.665,0.0,56349105.605,56352029.27
2019-06-27,2923.665,0.0,56998411.56,57001335.225
2019-06-28,2923.665,0.0,56902023.448,56904947.113
2019-07-01,2923.665,0.0,58521200.639,58524124.304
2019-07-02,2923.665,0.0,58534315.102,58537238.767
2019-07-03,2923.665,0.0,57843914.482,57846838.147
2019-07-04,2923.665,0.0,57593703.899,57596627.564
2019-07-05,2923.665,0.0,57942396.361,57945320.026
2019-07-08,2923.665,0.0,56696407.307,56699330.972
2019-07-09,2923.665,0.0,56480011.738,56482935.403
2019-07-10,2923.665,0.0,56446675.1,56449598.765
2019-07-11,2923.665,0.0,56415853.756,56418777.421
2019-07-12,2923.665,0.0,56806209.388,56809133.053
2019-07-15,2923.665,0.0,56882866.182,56885789.847
2019-07-16,2923.665,0.0,56531745.784,56534669.449
2019-07-17,2923.665,0.0,56420930.098,56423853.763
2019-07-18,1304.697,0.0,55971253.828,55972558.525
2019-07-19,1304.697,0.0,56613847.101,56615151.798
2019-07-22,1304.697,0.0,55658669.661,55659974.358
2019-07-23,1304.697,0.0,56354811.761,56356116.458
2019-07-24,1304.697,0.0,57044745.355,57046050.052
2019-07-25,1304.697,0.0,57498520.726,57499825.423
2019-07-26,1304.697,0.0,57343513.668,57344818.365
2019-07-29,1304.697,0.0,57514943.346,57516248.043
2019-07-30,1304.697,0.0,58014421.549,58015726.246
2019-07-31,1304.697,0.0,57656993.681,57658298.378
2019-08-01,1304.697,0.0,57784479.176,57785783.872
2019-08-02,1304.697,0.0,57155863.303,57157168.0
2019-08-05,1304.697,0.0,56224337.666,56225642.363
2019-08-06,1304.697,0.0,55362934.008,55364238.704
2019-08-07,1304.697,0.0,55081730.151,55083034.848
2019-08-08,1304.697,0.0,55915997.753,55917302.45
2019-08-09,1304.697,0.0,55355425.79,55356730.487
2019-08-12,1304.697,0.0,56537916.809,56539221.506
2019-08-13,1304.697,0.0,55966781.941,55968086.638
2019-08-14,1304.697,0.0,56418453.542,56419758.239
2019-08-15,1304.697,0.0,57120220.381,57121525.078
2019-08-16,1304.697,0.0,57568855.652,57570160.349
2019-08-19,1304.697,0.0,59582706.445,59584011.142
2019-08-20,1304.697,0.0,59169618.637,59170923.334
2019-08-21,1304.697,0.0,59105029.609,59106334.306
2019-08-22,1304.697,0.0,59238092.112,59239396.809
2019-08-23,1304.697,0.0,59315256.028,59316560.725
2019-08-26,1304.697,0.0,58773195.768,58774500.465
2019-08-27,1304.697,0.0,59776477.201,59777781.898
2019-08-28,1304.697,0.0,59668781.091,59670085.788
2019-08-29,1304.697,0.0,59509896.929,59511201.626
2019-08-30,1304.697,0.0,59144127.413,59145432.11
2019-09-02,1304.697,0.0,60663761.263,60665065.96
2019-09-03,1304.697,0.0,60962558.947,60963863.644
2019-09-04,1304.697,0.0,61292402.836,61293707.533
2019-09-05,1304.697,0.0,62013617.61,62014922.307
2019-09-06,1304.697,0.0,62130558.557,62131863.253
2019-09-09,1304.697,0.0,63635543.122,63636847.818
2019-09-10,1304.697,0.0,63344690.563,63345995.26
2019-09-11,1304.697,0.0,62545386.656,62546691.352
2019-09-12,1304.697,0.0,62803661.995,62804966.691
2019-09-16,1304.697,0.0,62943032.135,62944336.831
2019-09-17,1304.697,0.0,61607278.019,61608582.716
2019-09-18,1304.697,0.0,61655716.119,61657020.815
2019-09-19,1304.697,0.0,62621070.956,62622375.653
2019-09-20,1304.697,0.0,62600804.277,62602108.973
2019-09-23,1304.697,0.0,61839940.974,61841245.671
2019-09-24,1304.697,0.0,62217106.826,62218411.523
2019-09-25,1304.697,0.0,61411212.576,61412517.273
2019-09-26,1992.196,0.0,59597717.291,59599709.488
2019-09-27,1992.196,0.0,59655123.572,59657115.768
2019-09-30,1992.196,0.0,59050951.318,59052943.514
2019-10-08,1992.196,0.0,59598049.295,59600041.492
2019-10-09,1992.196,0.0,59630793.028,59632785.225
2019-10-10,31.21,0.0,59899350.647,59899381.857
2019-10-11,31.21,0.0,59904391.72,59904422.93
2019-10-14,31.21,0.0,59839266.514,59839297.724
2019-10-15,31.21,0.0,59776559.661,59776590.871
2019-10-16,31.21,0.0,59795633.989,59795665.199
2019-10-17,448.179,0.0,59798592.861,59799041.04
2019-10-18,448.179,0.0,58903597.169,58904045.347
2019-10-21,448.179,0.0,59143730.829,59144179.007
2019-10-22,448.179,0.0,59244097.162,59244545.34
2019-10-23,448.179,0.0,58915934.681,58916382.86
2019-10-24,25.222,0.0,58916596.23,58916621.452
2019-10-25,25.222,0.0,59002129.605,59002154.827
2019-10-28,25.222,0.0,58988343.638,58988368.86
2019-10-29,25.222,0.0,58970465.485,58970490.707
2019-10-30,25.222,0.0,58951916.483,58951941.705
2019-10-31,1454.383,0.0,58935482.109,58936936.491
2019-11-01,1454.383,0.0,59488624.579,59490078.962
2019-11-04,1454.383,0.0,59944257.802,59945712.185
2019-11-05,1454.383,0.0,60415717.06,60417171.442
2019-11-06,1454.383,0.0,60053506.102,60054960.485
2019-11-07,1454.383,0.0,60496331.804,60497786.187
2019-11-08,1454.383,0.0,60342599.229,60344053.612
2019-11-11,1454.383,0.0,58999540.874,59000995.257
2019-11-12,1454.383,0.0,58940062.772,58941517.155
2019-11-13,1454.383,0.0,59305098.296,59306552.678
2019-11-14,1454.383,0.0,59685543.75,59686998.133
2019-11-15,1454.383,0.0,59057901.139,59059355.522
2019-11-18,1454.383,0.0,59329704.817,59331159.2
2019-11-19,1454.383,0.0,60972495.146,60973949.528
2019-11-20,1454.383,0.0,60640543.369,60641997.751
2019-11-21,1454.383,0.0,60412652.705,60414107.088
2019-11-22,1454.383,0.0,59234879.084,59236333.466
2019-11-25,1454.383,0.0,58599143.615,58600597.997
2019-11-26,1454.383,0.0,59209479.145,59210933.528
2019-11-27,1454.383,0.0,59043972.254,59045426.637
2019-11-28,1.285,0.0,59005594.551,59005595.836
2019-11-29,1.285,0.0,59015862.565,59015863.85
2019-12-02,1.285,0.0,59012049.687,59012050.972
2019-12-03,1.285,0.0,59018203.806,59018205.091
2019-12-04,1.285,0.0,59019474.765,59019476.05
2019-12-05,1.285,0.0,59030177.581,59030178.866
2019-12-06,1.285,0.0,59034057.352,59034058.637
2019-12-09,1.285,0.0,59050981.18,59050982.465
2019-12-10,1.285,0.0,59061884.674,59061885.959
2019-12-11,1.285,0.0,59065597.213,59065598.498
2019-12-12,927.696,0.0,59052192.618,59053120.314
2019-12-13,927.696,0.0,60233493.132,60234420.827
2019-12-16,927.696,0.0,61088566.229,61089493.925
2019-12-17,927.696,0.0,61818856.671,61819784.366
2019-12-18,927.696,0.0,61503231.971,61504159.667
2019-12-19,927.696,0.0,61435281.938,61436209.633
2019-12-20,927.696,0.0,60792565.134,60793492.83
2019-12-23,927.696,0.0,59588779.312,59589707.008
2019-12-24,927.696,0.0,60729508.134,60730435.83
2019-12-25,927.696,0.0,61227935.341,61228863.037
2019-12-26,927.696,0.0,61545011.48,61545939.176
2019-12-27,927.696,0.0,60651034.303,60651961.999
2019-12-30,927.696,0.0,61428453.65,61429381.346
2019-12-31,927.696,0.0,61698826.365,61699754.061
2020-01-02,927.696,0.0,62886862.521,62887790.217
2020-01-03,927.696,0.0,62999072.893,63000000.589
2020-01-06,927.696,0.0,63819465.842,63820393.537
2020-01-07,927.696,0.0,64961855.413,64962783.109
2020-01-08,927.696,0.0,63914797.65,63915725.345
2020-01-09,927.696,0.0,65645648.309,65646576.004
2020-01-10,927.696,0.0,65338625.878,65339553.574
2020-01-13,927.696,0.0,66398111.811,66399039.507
2020-01-14,927.696,0.0,65968708.635,65969636.331
2020-01-15,927.696,0.0,66026392.219,66027319.915
2020-01-16,927.696,0.0,66222744.93,66223672.626
2020-01-17,927.696,0.0,66310236.218,66311163.914
2020-01-20,927.696,0.0,68014411.951,68015339.646
2020-01-21,927.696,0.0,67494590.588,67495518.284
2020-01-22,927.696,0.0,68416659.818,68417587.514
2020-01-23,927.696,0.0,66146604.383,66147532.079
2020-02-03,927.696,0.0,61618406.987,61619334.683
2020-02-04,927.696,0.0,64600776.283,64601703.979
2020-02-05,927.696,0.0,66554174.197,66555101.893
2020-02-06,927.696,0.0,69046282.78,69047210.476
2020-02-07,927.696,0.0,69168121.381,69169049.077
2020-02-10,927.696,0.0,70073229.695,70074157.391
2020-02-11,927.696,0.0,69602005.835,69602933.53
2020-02-12,927.696,0.0,71552144.014,71553071.71
2020-02-13,927.696,0.0,70842468.823,70843396.519
2020-02-14,927.696,0.0,71001104.684,71002032.38
2020-02-17,927.696,0.0,73641791.989,73642719.685
2020-02-18,927.696,0.0,74491783.331,74492711.027
2020-02-19,927.696,0.0,73410508.644,73411436.339
2020-02-20,927.696,0.0,75033520.406,75034448.102
2020-02-21,927.696,0.0,76402660.576,76403588.271
2020-02-24,927.696,0.0,77683657.511,77684585.207
2020-02-25,927.696,0.0,78484526.362,78485454.058
2020-02-26,927.696,0.0,74826400.276,74827327.971
2020-02-27,927.696,0.0,75375840.619,75376768.315
2020-02-28,927.696,0.0,71081661.315,71082589.01
2020-03-02,927.696,0.0,73272501.758,73273429.453
2020-03-03,927.696,0.0,74574038.455,74574966.15
2020-03-04,927.696,0.0,74440090.796,74441018.492
2020-03-05,927.696,0.0,75817603.338,75818531.034
2020-03-06,927.696,0.0,75246216.399,75247144.095
2020-03-09,927.696,0.0,71819277.582,71820205.277
2020-03-10,927.696,0.0,73732107.236,73733034.932
2020-03-11,927.696,0.0,72107517.075,72108444.771
2020-03-12,97.296,0.0,70180210.952,70180308.249
2020-03-13,97.296,0.0,70135234.682,70135331.979
2020-03-16,97.296,0.0,70142569.035,70142666.332
2020-03-17,97.296,0.0,70126736.147,70126833.443
2020-03-18,97.296,0.0,70128754.064,70128851.36
2020-03-19,97.296,0.0,70163213.881,70163311.177
2020-03-20,97.296,0.0,70181336.329,70181433.626
2020-03-23,97.296,0.0,70269193.34,70269290.636
2020-03-24,97.296,0.0,70308038.246,70308135.542
2020-03-25,97.296,0.0,70319292.015,70319389.311
2020-03-26,97.296,0.0,70336017.444,70336114.74
2020-03-27,97.296,0.0,70351501.078,70351598.374
2020-03-30,97.296,0.0,70352665.261,70352762.557
2020-03-31,97.296,0.0,70371951.892,70372049.189
2020-04-01,97.296,0.0,70431868.511,70431965.807
2020-04-02,97.296,0.0,70456626.803,70456724.099
2020-04-03,97.296,0.0,70456820.833,70456918.13
2020-04-07,97.296,0.0,70528767.343,70528864.639
2020-04-08,97.296,0.0,70556513.704,70556611.001
2020-04-09,97.296,0.0,70602615.351,70602712.647
2020-04-10,97.296,0.0,70617439.281,70617536.578
2020-04-13,97.296,0.0,70648057.294,70648154.59
2020-04-14,97.296,0.0,70640218.462,70640315.758
2020-04-15,97.296,0.0,70669284.231,70669381.527
2020-04-16,1208.897,0.0,70661118.522,70662327.419
2020-04-17,1208.897,0.0,71096736.837,71097945.733
2020-04-20,1208.897,0.0,71894243.971,71895452.868
2020-04-21,1208.897,0.0,71208361.941,71209570.838
2020-04-22,1208.897,0.0,71884867.701,71886076.598
2020-04-23,1208.897,0.0,71404756.965,71405965.862
2020-04-24,1208.897,0.0,70497858.847,70499067.744
2020-04-27,1208.897,0.0,71022722.36,71023931.256
2020-04-28,1208.897,0.0,71446969.529,71448178.425
2020-04-29,1208.897,0.0,71438268.773,71439477.669
2020-04-30,1208.897,0.0,72808829.574,72810038.471
2020-05-06,1208.897,0.0,74245506.27,74246715.166
2020-05-07,1208.897,0.0,74125015.049,74126223.946
2020-05-08,1208.897,0.0,74772435.024,74773643.921
2020-05-11,1208.897,0.0,73983695.493,73984904.39
2020-05-12,1208.897,0.0,74733969.45,74735178.347
2020-05-13,1208.897,0.0,75315576.105,75316785.001
2020-05-14,1208.897,0.0,74505184.956,74506393.853
2020-05-15,1208.897,0.0,74739623.358,74740832.255
2020-05-18,1208.897,0.0,74407056.051,74408264.947
2020-05-19,1208.897,0.0,75436598.588,75437807.485
2020-05-20,1208.897,0.0,74521787.814,74522996.71
2020-05-21,1208.897,0.0,73864305.501,73865514.398
2020-05-22,1208.897,0.0,72005372.995,72006581.891
2020-05-25,1208.897,0.0,72206148.303,72207357.199
2020-05-26,1208.897,0.0,74340739.614,74341948.511
2020-05-27,1208.897,0.0,72880652.15,72881861.047
2020-05-28,1208.897,0.0,72299798.412,72301007.309
2020-05-29,1208.897,0.0,73415162.841,73416371.738
2020-06-01,1208.897,0.0,75932763.327,75933972.224
2020-06-02,1208.897,0.0,75477586.783,75478795.68
2020-06-03,1208.897,0.0,75401281.893,75402490.789
2020-06-04,1208.897,0.0,75692174.937,75693383.833
2020-06-05,1208.897,0.0,76219575.143,76220784.04
2020-06-08,1208.897,0.0,75768849.249,75770058.145
2020-06-09,1208.897,0.0,76754835.232,76756044.129
2020-06-10,1208.897,0.0,77472550.841,77473759.737
2020-06-11,1208.897,0.0,77249117.681,77250326.577
2020-06-12,1208.897,0.0,77640581.33,77641790.227
2020-06-15,1208.897,0.0,78090410.059,78091618.955
2020-06-16,1208.897,0.0,79529676.222,79530885.119
2020-06-17,1208.897,0.0,79652925.79,79654134.686
2020-06-18,1208.897,0.0,79725800.338,79727009.234
2020-06-19,1208.897,0.0,81605188.24,81606397.137
2020-06-22,1208.897,0.0,82429561.113,82430770.01
2020-06-23,1208.897,0.0,83807570.156,83808779.053
2020-06-24,1208.897,0.0,83822561.632,83823770.529
2020-06-29,1208.897,0.0,83472944.643,83474153.54
2020-06-30,1208.897,0.0,85783074.496,85784283.393
2020-07-01,1208.897,0.0,85129821.18,85131030.077
2020-07-02,1208.897,0.0,85297432.992,85298641.889
2020-07-03,1208.897,0.0,86640332.919,86641541.816
2020-07-06,1208.897,0.0,88994941.121,88996150.018
2020-07-07,1208.897,0.0,91168420.202,91169629.099
2020-07-08,1208.897,0.0,93304239.4,93305448.297
2020-07-09,1208.897,0.0,97022519.572,97023728.469
2020-07-10,1208.897,0.0,97754442.076,97755650.973
2020-07-13,1208.897,0.0,101658692.55,101659901.446
2020-07-14,1208.897,0.0,100576653.458,100577862.354
2020-07-15,1208.897,0.0,98971914.608,98973123.505
2020-07-16,1208.897,0.0,93103379.653,93104588.55
2020-07-17,1208.897,0.0,93671303.639,93672512.536
2020-07-20,1208.897,0.0,94899127.01,94900335.906
2020-07-21,1208.897,0.0,96278694.659,96279903.556
2020-07-22,1208.897,0.0,97422712.124,97423921.021
2020-07-23,1208.897,0.0,98500912.75,98502121.647
2020-07-24,1208.897,0.0,92455386.196,92456595.092
2020-07-27,1208.897,0.0,92593278.928,92594487.824
2020-07-28,1208.897,0.0,93816218.898,93817427.795
2020-07-29,1208.897,0.0,97365497.529,97366706.426
2020-07-30,1208.897,0.0,96529260.949,96530469.845
2020-07-31,1208.897,0.0,98350551.163,98351760.06
2020-08-03,1208.897,0.0,100935878.924,100937087.821
2020-08-04,1208.897,0.0,99667975.08,99669183.977
2020-08-05,1208.897,0.0,100631876.694,100633085.591
2020-08-06,1208.897,0.0,99018109.887,99019318.784
2020-08-07,1208.897,0.0,96751606.954,96752815.851
2020-08-10,1208.897,0.0,96234515.366,96235724.263
2020-08-11,1208.897,0.0,94596546.173,94597755.07
2020-08-12,1208.897,0.0,92724873.903,92726082.799
2020-08-13,3813.693,0.0,92240233.9,92244047.593
2020-08-14,3813.693,0.0,93619080.989,93622894.682
2020-08-17,3813.693,0.0,95880359.757,95884173.45
2020-08-18,3813.693,0.0,95726491.245,95730304.938
2020-08-19,3813.693,0.0,94575545.103,94579358.795
2020-08-20,59.598,0.0,93392849.375,93392908.973
2020-08-21,59.598,0.0,93425620.5,93425680.098
2020-08-24,59.598,0.0,93434158.375,93434217.973
2020-08-25,59.598,0.0,93436305.625,93436365.223
2020-08-26,59.598,0.0,93386816.625,93386876.223
2020-08-27,1402.634,0.0,93356719.193,93358121.827
2020-08-28,1402.634,0.0,95698652.436,95700055.07
2020-08-31,1402.634,0.0,95181446.27,95182848.904
2020-09-01,1402.634,0.0,95530921.787,95532324.421
2020-09-02,1402.634,0.0,95539500.391,95540903.025
2020-09-03,1402.634,0.0,95149049.61,95150452.244
2020-09-04,1402.634,0.0,94106622.952,94108025.586
2020-09-07,1402.634,0.0,92510992.743,92512395.377
2020-09-08,1402.634,0.0,93205480.851,93206883.485
2020-09-09,1402.634,0.0,91437513.038,91438915.672
2020-09-10,1402.634,0.0,91685574.382,91686977.016
2020-09-11,1402.634,0.0,92204382.624,92205785.258
2020-09-14,1402.634,0.0,92785855.319,92787257.953
2020-09-15,1402.634,0.0,93523268.015,93524670.649
2020-09-16,1402.634,0.0,92860158.499,92861561.133
2020-09-17,129.011,0.0,92113865.984,92113994.995
2020-09-18,129.011,0.0,92090392.632,92090521.643
2020-09-21,129.011,0.0,92158495.576,92158624.587
2020-09-22,129.011,0.0,92199901.36,92200030.371
2020-09-23,129.011,0.0,92199347.268,92199476.279
2020-09-24,129.011,0.0,92201211.032,92201340.043
2020-09-25,129.011,0.0,92161165.292,92161294.303
2020-09-28,129.011,0.0,92181666.696,92181795.707
2020-09-29,129.011,0.0,92191640.352,92191769.363
2020-09-30,129.011,0.0,92203125.168,92203254.179
2020-10-09,129.011,0.0,92269112.488,92269241.499
2020-10-12,129.011,0.0,92262413.012,92262542.023
2020-10-13,129.011,0.0,92275157.128,92275286.139
2020-10-14,129.011,0.0,92273847.456,92273976.467
2020-10-15,2359.634,0.0,92209111.178,92211470.812
2020-10-16,2359.634,0.0,91755596.495,91757956.129
2020-10-19,2359.634,0.0,90582672.582,90585032.216
2020-10-20,2359.634,0.0,92297354.274,92299713.908
2020-10-21,2359.634,0.0,90948540.271,90950899.904
2020-10-22,2359.634,0.0,90040995.63,90043355.264
2020-10-23,2359.634,0.0,87591177.083,87593536.717
2020-10-26,2359.634,0.0,88160338.651,88162698.284
2020-10-27,2359.634,0.0,89272419.889,89274779.522
2020-10-28,2359.634,0.0,89936475.957,89938835.591
2020-10-29,2359.634,0.0,90928003.426,90930363.06
2020-10-30,2359.634,0.0,89444207.999,89446567.633
2020-11-02,2359.634,0.0,91213084.328,91215443.962
2020-11-03,2359.634,0.0,92422996.789,92425356.422
2020-11-04,2359.634,0.0,92633144.141,92635503.775
2020-11-05,2359.634,0.0,93890155.284,93892514.918
2020-11-06,2359.634,0.0,92044381.977,92046741.611
2020-11-09,2359.634,0.0,94769817.908,94772177.542
2020-11-10,2359.634,0.0,93396422.333,93398781.967
2020-11-11,2359.634,0.0,90308378.743,90310738.377
2020-11-12,1499.04,0.0,90919530.87,90921029.91
2020-11-13,1499.04,0.0,89648020.904,89649519.944
2020-11-16,1499.04,0.0,90563228.676,90564727.717
2020-11-17,1499.04,0.0,90616480.166,90617979.207
2020-11-18,1499.04,0.0,90794873.562,90796372.602
2020-11-19,1499.04,0.0,91498948.67,91500447.71
2020-11-20,1499.04,0.0,91633654.145,91635153.185
2020-11-23,1499.04,0.0,92858832.603,92860331.643
2020-11-24,1499.04,0.0,92248807.401,92250306.442
2020-11-25,1499.04,0.0,91247927.113,91249426.153
2020-11-26,1499.04,0.0,91613259.457,91614758.498
2020-11-27,1499.04,0.0,92873894.909,92875393.949
2020-11-30,1499.04,0.0,92170038.593,92171537.633
