date,order_book_id,symbol,quantity,last_price,avg_price,market_value
2013-01-15,399006.XSHE,创业板指,12841.0,778.603,778.603,9998041.123
2013-01-16,399006.XSHE,创业板指,12841.0,774.485,778.603,9945161.885
2013-01-17,399006.XSHE,创业板指,12841.0,768.308,778.603,9865843.028
2013-01-18,399006.XSHE,创业板指,12841.0,787.386,778.603,10110823.626
2013-01-21,399006.XSHE,创业板指,12841.0,792.6,778.603,10177776.6
2013-01-22,399006.XSHE,创业板指,12841.0,775.135,778.603,9953508.535
2013-01-23,399006.XSHE,创业板指,12841.0,778.478,778.603,9996435.998
2013-01-24,399006.XSHE,创业板指,12841.0,757.869,778.603,9731795.829
2013-01-25,399006.XSHE,创业板指,12841.0,762.848,778.603,9795731.168
2013-01-28,399006.XSHE,创业板指,12841.0,784.76,778.603,10077103.16
2013-01-29,399006.XSHE,创业板指,12841.0,791.671,778.603,10165847.311
2013-01-30,399006.XSHE,创业板指,12841.0,783.682,778.603,10063260.562
2013-01-31,399006.XSHE,创业板指,12841.0,776.005,778.603,9964680.205
2013-02-01,399006.XSHE,创业板指,12841.0,782.363,778.603,10046323.283
2013-02-04,399006.XSHE,创业板指,12841.0,771.902,778.603,9911993.582
2013-02-05,399006.XSHE,创业板指,12841.0,780.981,778.603,10028577.021
2013-02-06,399006.XSHE,创业板指,12841.0,791.263,778.603,10160608.183
2013-02-07,399006.XSHE,创业板指,12841.0,805.586,778.603,10344529.826
2013-02-08,399006.XSHE,创业板指,12841.0,823.028,778.603,10568502.548
2013-02-18,399006.XSHE,创业板指,12841.0,835.277,778.603,10725791.957
2013-02-19,399006.XSHE,创业板指,12841.0,819.709,778.603,10525883.269
2013-02-20,399006.XSHE,创业板指,12841.0,850.863,778.603,10925931.783
2013-02-21,399006.XSHE,创业板指,12841.0,839.298,778.603,10777425.618
2013-02-22,399006.XSHE,创业板指,12841.0,838.763,778.603,10770555.683
2013-02-25,399006.XSHE,创业板指,12841.0,855.694,778.603,10987966.654
2013-02-26,399006.XSHE,创业板指,12841.0,851.217,778.603,10930477.497
2013-02-27,399006.XSHE,创业板指,12841.0,846.09,778.603,10864641.69
2013-02-28,399006.XSHE,创业板指,12841.0,861.095,778.603,11057320.895
2013-03-01,399006.XSHE,创业板指,12841.0,884.891,778.603,11362885.331
2013-03-04,399006.XSHE,创业板指,12841.0,863.5,778.603,11088203.5
2013-03-05,399006.XSHE,创业板指,12841.0,888.099,778.603,11404079.259
2013-03-06,399006.XSHE,创业板指,12841.0,902.903,778.603,11594177.423
2013-03-07,399006.XSHE,创业板指,12841.0,877.337,778.603,11265884.417
2013-03-08,399006.XSHE,创业板指,12841.0,864.699,778.603,11103599.859
2013-03-11,399006.XSHE,创业板指,12841.0,869.15,778.603,11160755.15
2013-03-12,399006.XSHE,创业板指,12841.0,839.836,778.603,10784334.076
2013-03-13,399006.XSHE,创业板指,12841.0,834.049,778.603,10710023.209
2013-03-14,399006.XSHE,创业板指,12841.0,842.036,778.603,10812584.276
2013-03-15,399006.XSHE,创业板指,12841.0,853.906,778.603,10965006.946
2013-03-18,399006.XSHE,创业板指,12841.0,852.117,778.603,10942034.397
2013-03-19,399006.XSHE,创业板指,12841.0,842.685,778.603,10820918.085
2013-03-20,399006.XSHE,创业板指,12841.0,866.267,778.603,11123734.547
2013-03-21,399006.XSHE,创业板指,12841.0,882.734,778.603,11335187.294
2013-03-22,399006.XSHE,创业板指,12841.0,882.001,778.603,11325774.841
2013-03-25,399006.XSHE,创业板指,12841.0,881.756,778.603,11322628.796
2013-03-26,399006.XSHE,创业板指,12841.0,876.361,778.603,11253351.601
2013-03-27,399006.XSHE,创业板指,12841.0,882.752,778.603,11335418.432
2013-03-28,399006.XSHE,创业板指,12841.0,867.511,778.603,11139708.751
2013-03-29,399006.XSHE,创业板指,12841.0,866.455,778.603,11126148.655
2013-04-01,399006.XSHE,创业板指,12841.0,877.001,778.603,11261569.841
2013-04-02,399006.XSHE,创业板指,12841.0,845.163,778.603,10852738.083
2013-04-03,399006.XSHE,创业板指,12841.0,835.138,778.603,10724007.058
2013-04-08,399006.XSHE,创业板指,12841.0,853.484,778.603,10959588.044
2013-04-09,399006.XSHE,创业板指,12841.0,861.991,778.603,11068826.431
2013-04-10,399006.XSHE,创业板指,12841.0,850.533,778.603,10921694.253
2013-04-11,399006.XSHE,创业板指,12841.0,847.782,778.603,10886368.662
2013-04-12,399006.XSHE,创业板指,12841.0,846.612,778.603,10871344.692
2013-05-15,399006.XSHE,创业板指,10602.0,1012.656,1012.656,10736178.912
2013-05-16,399006.XSHE,创业板指,10602.0,1009.526,1012.656,10702994.652
2013-05-17,399006.XSHE,创业板指,10602.0,1023.403,1012.656,10850118.606
2013-05-20,399006.XSHE,创业板指,10602.0,1051.653,1012.656,11149625.106
2013-05-21,399006.XSHE,创业板指,10602.0,1073.583,1012.656,11382126.966
2013-05-22,399006.XSHE,创业板指,10602.0,1039.811,1012.656,11024076.222
2013-05-23,399006.XSHE,创业板指,10602.0,1042.897,1012.656,11056793.994
2013-05-24,399006.XSHE,创业板指,10602.0,1073.782,1012.656,11384236.764
2013-05-27,399006.XSHE,创业板指,10602.0,1089.724,1012.656,11553253.848
2013-05-28,399006.XSHE,创业板指,10602.0,1059.002,1012.656,11227539.204
2013-05-29,399006.XSHE,创业板指,10602.0,1065.96,1012.656,11301307.92
2013-05-30,399006.XSHE,创业板指,10602.0,1073.869,1012.656,11385159.138
2013-05-31,399006.XSHE,创业板指,10602.0,1073.023,1012.656,11376189.846
2013-06-03,399006.XSHE,创业板指,10602.0,1052.136,1012.656,11154745.872
2013-06-04,399006.XSHE,创业板指,10602.0,1022.46,1012.656,10840120.92
2013-06-05,399006.XSHE,创业板指,10602.0,1032.756,1012.656,10949279.112
2013-06-06,399006.XSHE,创业板指,10602.0,1022.13,1012.656,10836622.26
2013-06-07,399006.XSHE,创业板指,10602.0,1030.139,1012.656,10921533.678
2013-06-13,399006.XSHE,创业板指,10602.0,1029.275,1012.656,10912373.55
2013-06-14,399006.XSHE,创业板指,10602.0,1068.147,1012.656,11324494.494
2013-06-17,399006.XSHE,创业板指,10602.0,1073.691,1012.656,11383271.982
2013-06-18,399006.XSHE,创业板指,10602.0,1072.93,1012.656,11375203.86
2013-06-19,399006.XSHE,创业板指,10602.0,1067.625,1012.656,11318960.25
2013-06-20,399006.XSHE,创业板指,10602.0,1029.528,1012.656,10915055.856
2013-06-21,399006.XSHE,创业板指,10602.0,1025.497,1012.656,10872319.194
2013-06-24,399006.XSHE,创业板指,10602.0,971.454,1012.656,10299355.308
2013-06-25,399006.XSHE,创业板指,10602.0,984.746,1012.656,10440277.092
2013-06-26,399006.XSHE,创业板指,10602.0,1038.976,1012.656,11015223.552
2013-06-27,399006.XSHE,创业板指,10602.0,1022.503,1012.656,10840576.806
2013-06-28,399006.XSHE,创业板指,10602.0,1011.658,1012.656,10725598.116
2013-07-01,399006.XSHE,创业板指,10602.0,1055.839,1012.656,11194005.078
2013-07-02,399006.XSHE,创业板指,10602.0,1083.248,1012.656,11484595.296
2013-07-03,399006.XSHE,创业板指,10602.0,1104.578,1012.656,11710735.956
2013-07-04,399006.XSHE,创业板指,10602.0,1087.904,1012.656,11533958.208
2013-07-05,399006.XSHE,创业板指,10602.0,1057.273,1012.656,11209208.346
2013-07-08,399006.XSHE,创业板指,10602.0,1030.604,1012.656,10926463.608
2013-07-09,399006.XSHE,创业板指,10602.0,1050.715,1012.656,11139680.43
2013-07-10,399006.XSHE,创业板指,10602.0,1068.857,1012.656,11332021.914
2013-07-11,399006.XSHE,创业板指,10602.0,1080.782,1012.656,11458450.764
2013-07-12,399006.XSHE,创业板指,10602.0,1096.296,1012.656,11622930.192
2013-07-15,399006.XSHE,创业板指,10602.0,1139.567,1012.656,12081689.334
2013-07-16,399006.XSHE,创业板指,10602.0,1143.195,1012.656,12120153.39
2013-07-17,399006.XSHE,创业板指,10602.0,1129.48,1012.656,11974746.96
2013-07-18,399006.XSHE,创业板指,10602.0,1127.966,1012.656,11958695.532
2013-07-19,399006.XSHE,创业板指,10602.0,1116.005,1012.656,11831885.01
2013-07-22,399006.XSHE,创业板指,10602.0,1153.772,1012.656,12232290.744
2013-07-23,399006.XSHE,创业板指,10602.0,1178.588,1012.656,12495389.976
2013-07-24,399006.XSHE,创业板指,10602.0,1203.308,1012.656,12757471.416
2013-07-25,399006.XSHE,创业板指,10602.0,1150.387,1012.656,12196402.974
2013-07-26,399006.XSHE,创业板指,10602.0,1158.354,1012.656,12280869.108
2013-07-29,399006.XSHE,创业板指,10602.0,1136.984,1012.656,12054304.368
2013-07-30,399006.XSHE,创业板指,10602.0,1124.102,1012.656,11917729.404
2013-07-31,399006.XSHE,创业板指,10602.0,1134.015,1012.656,12022827.03
2013-08-01,399006.XSHE,创业板指,10602.0,1190.113,1012.656,12617578.026
2013-08-02,399006.XSHE,创业板指,10602.0,1188.851,1012.656,12604198.302
2013-08-05,399006.XSHE,创业板指,10602.0,1202.832,1012.656,12752424.864
2013-08-06,399006.XSHE,创业板指,10602.0,1211.782,1012.656,12847312.764
2013-08-07,399006.XSHE,创业板指,10602.0,1175.702,1012.656,12464792.604
2013-08-08,399006.XSHE,创业板指,10602.0,1185.955,1012.656,12573494.91
2013-08-09,399006.XSHE,创业板指,10602.0,1172.519,1012.656,12431046.438
2013-08-12,399006.XSHE,创业板指,10602.0,1161.872,1012.656,12318166.944
2013-08-13,399006.XSHE,创业板指,10602.0,1172.329,1012.656,12429032.058
2013-08-14,399006.XSHE,创业板指,10602.0,1180.656,1012.656,12517314.912
2013-08-15,399006.XSHE,创业板指,10602.0,1167.094,1012.656,12373530.588
2013-08-16,399006.XSHE,创业板指,10602.0,1132.086,1012.656,12002375.772
2013-08-19,399006.XSHE,创业板指,10602.0,1171.402,1012.656,12419204.004
2013-08-20,399006.XSHE,创业板指,10602.0,1175.783,1012.656,12465651.366
2013-08-21,399006.XSHE,创业板指,10602.0,1181.34,1012.656,12524566.68
2013-08-22,399006.XSHE,创业板指,10602.0,1197.134,1012.656,12692014.668
2013-08-23,399006.XSHE,创业板指,10602.0,1219.825,1012.656,12932584.65
2013-08-26,399006.XSHE,创业板指,10602.0,1238.172,1012.656,13127099.544
2013-08-27,399006.XSHE,创业板指,10602.0,1250.751,1012.656,13260462.102
2013-08-28,399006.XSHE,创业板指,10602.0,1227.995,1012.656,13019202.99
2013-08-29,399006.XSHE,创业板指,10602.0,1226.296,1012.656,13001190.192
2013-08-30,399006.XSHE,创业板指,10602.0,1185.145,1012.656,12564907.29
2013-09-02,399006.XSHE,创业板指,10602.0,1210.185,1012.656,12830381.37
2013-09-03,399006.XSHE,创业板指,10602.0,1234.587,1012.656,13089091.374
2013-09-04,399006.XSHE,创业板指,10602.0,1236.35,1012.656,13107782.7
2013-09-05,399006.XSHE,创业板指,10602.0,1267.26,1012.656,13435490.52
2013-09-06,399006.XSHE,创业板指,10602.0,1282.746,1012.656,13599673.092
2013-09-09,399006.XSHE,创业板指,10602.0,1275.912,1012.656,13527219.024
2013-09-10,399006.XSHE,创业板指,10602.0,1263.589,1012.656,13396570.578
2013-09-11,399006.XSHE,创业板指,10602.0,1220.705,1012.656,12941914.41
2013-09-12,399006.XSHE,创业板指,10602.0,1220.633,1012.656,12941151.066
2013-09-13,399006.XSHE,创业板指,10602.0,1253.448,1012.656,13289055.696
2013-09-16,399006.XSHE,创业板指,10602.0,1278.798,1012.656,13557816.396
2013-09-17,399006.XSHE,创业板指,10602.0,1269.36,1012.656,13457754.72
2013-09-18,399006.XSHE,创业板指,10602.0,1289.642,1012.656,13672784.484
2013-09-23,399006.XSHE,创业板指,10602.0,1326.091,1012.656,14059216.782
2013-09-24,399006.XSHE,创业板指,10602.0,1328.404,1012.656,14083739.208
2013-09-25,399006.XSHE,创业板指,10602.0,1323.04,1012.656,14026870.08
2013-09-26,399006.XSHE,创业板指,10602.0,1306.344,1012.656,13849859.088
2013-09-27,399006.XSHE,创业板指,10602.0,1323.759,1012.656,14034492.918
2013-09-30,399006.XSHE,创业板指,10602.0,1367.912,1012.656,14502603.024
2013-10-08,399006.XSHE,创业板指,10602.0,1387.663,1012.656,14712003.126
2013-10-09,399006.XSHE,创业板指,10602.0,1415.833,1012.656,15010661.466
2013-10-10,399006.XSHE,创业板指,10602.0,1378.148,1012.656,14611125.096
2013-10-11,399006.XSHE,创业板指,10602.0,1379.9,1012.656,14629699.8
2013-10-14,399006.XSHE,创业板指,10602.0,1393.602,1012.656,14774968.404
2013-10-15,399006.XSHE,创业板指,10602.0,1389.749,1012.656,14734118.898
2013-10-16,399006.XSHE,创业板指,10602.0,1335.1,1012.656,14154730.2
2013-10-17,399006.XSHE,创业板指,10602.0,1322.988,1012.656,14026318.776
2013-10-18,399006.XSHE,创业板指,10602.0,1349.937,1012.656,14312032.074
2013-10-21,399006.XSHE,创业板指,10602.0,1400.967,1012.656,14853052.134
2013-10-22,399006.XSHE,创业板指,10602.0,1350.473,1012.656,14317714.746
2013-10-23,399006.XSHE,创业板指,10602.0,1311.231,1012.656,13901671.062
2013-10-24,399006.XSHE,创业板指,10602.0,1295.932,1012.656,13739471.064
2013-10-25,399006.XSHE,创业板指,10602.0,1269.171,1012.656,13455750.942
2013-10-28,399006.XSHE,创业板指,10602.0,1279.05,1012.656,13560488.1
2013-10-29,399006.XSHE,创业板指,10602.0,1261.684,1012.656,13376373.768
2013-10-30,399006.XSHE,创业板指,10602.0,1273.291,1012.656,13499431.182
2013-12-31,399006.XSHE,创业板指,10039.0,1304.444,1304.444,13095313.316
2014-01-02,399006.XSHE,创业板指,10039.0,1333.003,1304.444,13382017.117
2014-01-03,399006.XSHE,创业板指,10039.0,1352.84,1304.444,13581160.76
2014-01-06,399006.XSHE,创业板指,10039.0,1323.328,1304.444,13284889.792
2014-01-07,399006.XSHE,创业板指,10039.0,1352.276,1304.444,13575498.764
2014-01-08,399006.XSHE,创业板指,10039.0,1405.023,1304.444,14105025.897
2014-01-09,399006.XSHE,创业板指,10039.0,1380.244,1304.444,13856269.516
2014-01-10,399006.XSHE,创业板指,10039.0,1353.302,1304.444,13585798.778
2014-01-13,399006.XSHE,创业板指,10039.0,1362.788,1304.444,13681028.732
2014-01-14,399006.XSHE,创业板指,10039.0,1400.916,1304.444,14063795.724
2014-01-15,399006.XSHE,创业板指,10039.0,1415.323,1304.444,14208427.597
2014-01-16,399006.XSHE,创业板指,10039.0,1395.163,1304.444,14006041.357
2014-01-17,399006.XSHE,创业板指,10039.0,1395.509,1304.444,14009514.851
2014-01-20,399006.XSHE,创业板指,10039.0,1372.736,1304.444,13780896.704
2014-01-21,399006.XSHE,创业板指,10039.0,1407.152,1304.444,14126398.928
2014-01-22,399006.XSHE,创业板指,10039.0,1431.741,1304.444,14373247.899
2014-01-23,399006.XSHE,创业板指,10039.0,1461.525,1304.444,14672249.475
2014-01-24,399006.XSHE,创业板指,10039.0,1484.432,1304.444,14902212.848
2014-01-27,399006.XSHE,创业板指,10039.0,1477.669,1304.444,14834319.091
2014-01-28,399006.XSHE,创业板指,10039.0,1471.34,1304.444,14770782.26
2014-01-29,399006.XSHE,创业板指,10039.0,1496.527,1304.444,15023634.553
2014-01-30,399006.XSHE,创业板指,10039.0,1495.978,1304.444,15018123.142
2014-02-07,399006.XSHE,创业板指,10039.0,1532.687,1304.444,15386644.793
2014-02-10,399006.XSHE,创业板指,10039.0,1553.415,1304.444,15594733.185
2014-02-11,399006.XSHE,创业板指,10039.0,1527.151,1304.444,15331068.889
2014-02-12,399006.XSHE,创业板指,10039.0,1539.966,1304.444,15459718.674
2014-02-13,399006.XSHE,创业板指,10039.0,1485.131,1304.444,14909230.109
2014-02-14,399006.XSHE,创业板指,10039.0,1515.784,1304.444,15216955.576
2014-02-17,399006.XSHE,创业板指,10039.0,1558.616,1304.444,15646946.024
2014-02-18,399006.XSHE,创业板指,10039.0,1545.341,1304.444,15513678.299
2014-02-19,399006.XSHE,创业板指,10039.0,1544.402,1304.444,15504251.678
2014-02-20,399006.XSHE,创业板指,10039.0,1515.164,1304.444,15210731.396
2014-02-21,399006.XSHE,创业板指,10039.0,1519.665,1304.444,15255916.935
2014-02-24,399006.XSHE,创业板指,10039.0,1540.026,1304.444,15460321.014
2014-02-25,399006.XSHE,创业板指,10039.0,1472.691,1304.444,14784344.949
2014-02-26,399006.XSHE,创业板指,10039.0,1465.985,1304.444,14717023.415
2014-02-27,399006.XSHE,创业板指,10039.0,1414.657,1304.444,14201741.623
2014-02-28,399006.XSHE,创业板指,10039.0,1434.894,1304.444,14404900.866
2014-03-03,399006.XSHE,创业板指,10039.0,1465.139,1304.444,14708530.421
2014-03-04,399006.XSHE,创业板指,10039.0,1460.452,1304.444,14661477.628
2014-03-05,399006.XSHE,创业板指,10039.0,1464.578,1304.444,14702898.542
2014-03-06,399006.XSHE,创业板指,10039.0,1462.528,1304.444,14682318.592
2014-03-07,399006.XSHE,创业板指,10039.0,1460.611,1304.444,14663073.829
2014-03-10,399006.XSHE,创业板指,10039.0,1407.073,1304.444,14125605.847
2014-03-11,399006.XSHE,创业板指,10039.0,1395.813,1304.444,14012566.707
2014-03-12,399006.XSHE,创业板指,10039.0,1399.266,1304.444,14047231.374
2014-03-13,399006.XSHE,创业板指,10039.0,1436.856,1304.444,14424597.384
2014-03-14,399006.XSHE,创业板指,10039.0,1434.021,1304.444,14396136.819
2014-03-17,399006.XSHE,创业板指,10039.0,1477.415,1304.444,14831769.185
2014-03-18,399006.XSHE,创业板指,10039.0,1485.64,1304.444,14914339.96
2014-03-19,399006.XSHE,创业板指,10039.0,1466.217,1304.444,14719352.463
2014-03-20,399006.XSHE,创业板指,10039.0,1417.658,1304.444,14231868.662
2014-03-21,399006.XSHE,创业板指,10039.0,1419.84,1304.444,14253773.76
2014-03-24,399006.XSHE,创业板指,10039.0,1397.294,1304.444,14027434.466
2014-03-25,399006.XSHE,创业板指,10039.0,1394.824,1304.444,14002638.136
2014-03-26,399006.XSHE,创业板指,10039.0,1417.614,1304.444,14231426.946
2014-03-27,399006.XSHE,创业板指,10039.0,1367.964,1304.444,13732990.596
2014-03-28,399006.XSHE,创业板指,10039.0,1330.5,1304.444,13356889.5
2014-04-15,000903.XSHG,中证100,6503.0,2049.025,2049.025,13324809.575
2014-04-16,000903.XSHG,中证100,6503.0,2051.922,2049.025,13343648.766
2014-04-17,000903.XSHG,中证100,6503.0,2042.778,2049.025,13284185.334
2014-04-18,000903.XSHG,中证100,6503.0,2041.294,2049.025,13274534.882
2014-04-21,000903.XSHG,中证100,6503.0,2006.053,2049.025,13045362.659
2014-04-22,000903.XSHG,中证100,6503.0,2021.686,2049.025,13147024.058
2014-04-23,000903.XSHG,中证100,6503.0,2022.216,2049.025,13150470.648
2014-04-24,000903.XSHG,中证100,6503.0,2021.223,2049.025,13144013.169
2014-04-25,000903.XSHG,中证100,6503.0,2002.834,2049.025,13024429.502
2014-04-28,000903.XSHG,中证100,6503.0,1979.991,2049.025,12875881.473
2014-04-29,000903.XSHG,中证100,6503.0,2000.926,2049.025,13012021.778
2014-04-30,000903.XSHG,中证100,6503.0,2000.624,2049.025,13010057.872
2014-05-05,000903.XSHG,中证100,6503.0,1993.796,2049.025,12965655.388
2014-05-06,000903.XSHG,中证100,6503.0,1993.737,2049.025,12965271.711
2014-05-07,000903.XSHG,中证100,6503.0,1977.936,2049.025,12862517.808
2014-05-08,000903.XSHG,中证100,6503.0,1977.304,2049.025,12858407.912
2014-05-09,000903.XSHG,中证100,6503.0,1978.212,2049.025,12864312.636
2014-05-12,000903.XSHG,中证100,6503.0,2017.73,2049.025,13121298.19
2014-05-13,000903.XSHG,中证100,6503.0,2013.503,2049.025,13093810.009
2014-05-14,000903.XSHG,中证100,6503.0,2010.866,2049.025,13076661.598
2014-05-15,000903.XSHG,中证100,6503.0,1991.396,2049.025,12950048.188
2014-05-16,000903.XSHG,中证100,6503.0,1994.182,2049.025,12968165.546
2014-05-19,000903.XSHG,中证100,6503.0,1961.277,2049.025,12754184.331
2014-05-20,000903.XSHG,中证100,6503.0,1960.803,2049.025,12751101.909
2014-05-21,000903.XSHG,中证100,6503.0,1976.987,2049.025,12856346.461
2014-05-22,000903.XSHG,中证100,6503.0,1974.572,2049.025,12840641.716
2014-05-23,000903.XSHG,中证100,6503.0,1990.165,2049.025,12942042.995
2014-05-26,000903.XSHG,中证100,6503.0,1994.017,2049.025,12967092.551
2014-05-27,000903.XSHG,中证100,6503.0,1987.559,2049.025,12925096.177
2014-05-28,000903.XSHG,中证100,6503.0,2007.536,2049.025,13055006.608
2014-05-29,000903.XSHG,中证100,6503.0,1998.68,2049.025,12997416.04
2014-05-30,000903.XSHG,中证100,6503.0,1997.897,2049.025,12992324.191
2014-06-03,000903.XSHG,中证100,6503.0,1993.127,2049.025,12961304.881
2014-06-04,000903.XSHG,中证100,6503.0,1974.447,2049.025,12839828.841
2014-06-05,000903.XSHG,中证100,6503.0,1996.313,2049.025,12982023.439
2014-06-06,000903.XSHG,中证100,6503.0,1979.99,2049.025,12875874.97
2014-06-09,000903.XSHG,中证100,6503.0,1982.533,2049.025,12892412.099
2014-06-10,000903.XSHG,中证100,6503.0,2007.928,2049.025,13057555.784
2014-06-11,000903.XSHG,中证100,6503.0,2003.529,2049.025,13028949.087
2014-06-12,000903.XSHG,中证100,6503.0,1996.985,2049.025,12986393.455
2014-06-13,000903.XSHG,中证100,6503.0,2021.218,2049.025,13143980.654
2014-06-16,000903.XSHG,中证100,6503.0,2036.854,2049.025,13245661.562
2014-06-17,000903.XSHG,中证100,6503.0,2013.882,2049.025,13096274.646
2014-06-18,000903.XSHG,中证100,6503.0,2003.12,2049.025,13026289.36
2014-06-19,000903.XSHG,中证100,6503.0,1977.985,2049.025,12862836.455
2014-06-20,000903.XSHG,中证100,6503.0,1984.521,2049.025,12905340.063
2014-06-23,000903.XSHG,中证100,6503.0,1976.245,2049.025,12851521.235
2014-06-24,000903.XSHG,中证100,6503.0,1984.468,2049.025,12904995.404
2014-06-25,000903.XSHG,中证100,6503.0,1973.274,2049.025,12832200.822
2014-06-26,000903.XSHG,中证100,6503.0,1985.262,2049.025,12910158.786
2014-06-27,000903.XSHG,中证100,6503.0,1982.075,2049.025,12889433.725
2014-06-30,399006.XSHE,创业板指,9226.0,1404.71,1404.71,12959854.46
2014-07-01,399006.XSHE,创业板指,9226.0,1411.736,1404.71,13024676.336
2014-07-02,399006.XSHE,创业板指,9226.0,1419.937,1404.71,13100338.762
2014-07-03,399006.XSHE,创业板指,9226.0,1422.603,1404.71,13124935.278
2014-07-04,399006.XSHE,创业板指,9226.0,1411.638,1404.71,13023772.188
2014-07-07,399006.XSHE,创业板指,9226.0,1393.889,1404.71,12860019.914
2014-07-08,399006.XSHE,创业板指,9226.0,1410.725,1404.71,13015348.85
2014-07-09,399006.XSHE,创业板指,9226.0,1384.579,1404.71,12774125.854
2014-07-10,399006.XSHE,创业板指,9226.0,1363.882,1404.71,12583175.332
2014-07-11,399006.XSHE,创业板指,9226.0,1359.342,1404.71,12541289.292
2014-07-14,399006.XSHE,创业板指,9226.0,1367.07,1404.71,12612587.82
2014-07-15,399006.XSHE,创业板指,9226.0,1341.269,1404.71,12374547.794
2014-07-16,399006.XSHE,创业板指,9226.0,1318.615,1404.71,12165541.99
2014-07-17,399006.XSHE,创业板指,9226.0,1312.809,1404.71,12111975.834
2014-07-18,399006.XSHE,创业板指,9226.0,1305.922,1404.71,12048436.372
2014-07-21,399006.XSHE,创业板指,9226.0,1306.965,1404.71,12058059.09
2014-07-22,399006.XSHE,创业板指,9226.0,1329.349,1404.71,12264573.874
2014-07-23,399006.XSHE,创业板指,9226.0,1293.094,1404.71,11930085.244
2014-07-24,399006.XSHE,创业板指,9226.0,1271.879,1404.71,11734355.654
2014-07-25,399006.XSHE,创业板指,9226.0,1285.768,1404.71,11862495.568
2014-07-28,399006.XSHE,创业板指,9226.0,1314.527,1404.71,12127826.102
2014-07-29,399006.XSHE,创业板指,9226.0,1331.764,1404.71,12286854.664
2014-07-30,399006.XSHE,创业板指,9226.0,1342.738,1404.71,12388100.788
2014-07-31,000903.XSHG,中证100,5681.0,2182.764,2182.764,12400282.284
2014-08-01,000903.XSHG,中证100,5681.0,2163.66,2182.764,12291752.46
2014-08-04,000903.XSHG,中证100,5681.0,2211.153,2182.764,12561560.193
2014-08-05,000903.XSHG,中证100,5681.0,2198.781,2182.764,12491274.861
2014-08-06,000903.XSHG,中证100,5681.0,2184.706,2182.764,12411314.786
2014-08-07,000903.XSHG,中证100,5681.0,2150.511,2182.764,12217052.991
2014-08-08,000903.XSHG,中证100,5681.0,2153.024,2182.764,12231329.344
2014-08-11,000903.XSHG,中证100,5681.0,2184.379,2182.764,12409457.099
2014-08-12,000903.XSHG,中证100,5681.0,2169.529,2182.764,12325094.249
2014-08-13,000903.XSHG,中证100,5681.0,2171.929,2182.764,12338728.649
2014-08-14,000903.XSHG,中证100,5681.0,2152.473,2182.764,12228199.113
2014-08-15,000903.XSHG,中证100,5681.0,2171.593,2182.764,12336819.833
2014-08-18,000903.XSHG,中证100,5681.0,2176.888,2182.764,12366900.728
2014-08-19,000903.XSHG,中证100,5681.0,2172.502,2182.764,12341983.862
2014-08-20,000903.XSHG,中证100,5681.0,2162.54,2182.764,12285389.74
2014-08-21,000903.XSHG,中证100,5681.0,2148.119,2182.764,12203464.039
2014-08-22,000903.XSHG,中证100,5681.0,2157.792,2182.764,12258416.352
2014-08-25,000903.XSHG,中证100,5681.0,2133.869,2182.764,12122509.789
2014-08-26,000903.XSHG,中证100,5681.0,2123.02,2182.764,12060876.62
2014-08-27,000903.XSHG,中证100,5681.0,2123.908,2182.764,12065921.348
2014-08-28,000903.XSHG,中证100,5681.0,2107.825,2182.764,11974553.825
2014-08-29,000903.XSHG,中证100,5681.0,2134.178,2182.764,12124265.218
2014-09-01,000903.XSHG,中证100,5681.0,2144.292,2182.764,12181722.852
2014-09-02,000903.XSHG,中证100,5681.0,2172.72,2182.764,12343222.32
2014-09-03,000903.XSHG,中证100,5681.0,2194.717,2182.764,12468187.277
2014-09-04,000903.XSHG,中证100,5681.0,2211.253,2182.764,12562128.293
2014-09-05,000903.XSHG,中证100,5681.0,2235.585,2182.764,12700358.385
2014-09-09,000903.XSHG,中证100,5681.0,2223.585,2182.764,12632186.385
2014-09-10,000903.XSHG,中证100,5681.0,2205.267,2182.764,12528121.827
2014-09-11,000903.XSHG,中证100,5681.0,2194.12,2182.764,12464795.72
2014-09-12,000903.XSHG,中证100,5681.0,2206.587,2182.764,12535620.747
2014-09-15,399006.XSHE,创业板指,8181.0,1526.135,1526.135,12485310.435
2014-09-16,399006.XSHE,创业板指,8181.0,1473.13,1526.135,12051676.53
2014-09-17,399006.XSHE,创业板指,8181.0,1479.118,1526.135,12100664.358
2014-09-18,399006.XSHE,创业板指,8181.0,1490.787,1526.135,12196128.447
2014-09-19,399006.XSHE,创业板指,8181.0,1499.124,1526.135,12264333.444
2014-09-22,399006.XSHE,创业板指,8181.0,1483.353,1526.135,12135310.893
2014-09-23,399006.XSHE,创业板指,8181.0,1500.99,1526.135,12279599.19
2014-09-24,399006.XSHE,创业板指,8181.0,1517.421,1526.135,12414021.201
2014-09-25,399006.XSHE,创业板指,8181.0,1508.416,1526.135,12340351.296
2014-09-26,399006.XSHE,创业板指,8181.0,1511.357,1526.135,12364411.617
2014-09-29,399006.XSHE,创业板指,8181.0,1526.175,1526.135,12485637.675
2014-09-30,399006.XSHE,创业板指,8181.0,1540.874,1526.135,12605890.194
2014-10-08,399006.XSHE,创业板指,8181.0,1557.568,1526.135,12742463.808
2014-10-09,399006.XSHE,创业板指,8181.0,1561.166,1526.135,12771899.046
2014-10-10,399006.XSHE,创业板指,8181.0,1554.217,1526.135,12715049.277
2014-10-13,399006.XSHE,创业板指,8181.0,1548.327,1526.135,12666863.187
2014-10-14,399006.XSHE,创业板指,8181.0,1539.119,1526.135,12591532.539
2014-10-15,399006.XSHE,创业板指,8181.0,1545.623,1526.135,12644741.763
2014-10-16,399006.XSHE,创业板指,8181.0,1526.56,1526.135,12488787.36
2014-10-17,399006.XSHE,创业板指,8181.0,1511.054,1526.135,12361932.774
2014-10-20,399006.XSHE,创业板指,8181.0,1532.38,1526.135,12536400.78
2014-10-21,399006.XSHE,创业板指,8181.0,1517.483,1526.135,12414528.423
2014-10-22,399006.XSHE,创业板指,8181.0,1504.552,1526.135,12308739.912
2014-10-23,399006.XSHE,创业板指,8181.0,1477.837,1526.135,12090184.497
2014-10-24,399006.XSHE,创业板指,8181.0,1477.588,1526.135,12088147.428
2014-10-27,399006.XSHE,创业板指,8181.0,1492.01,1526.135,12206133.81
2014-10-28,399006.XSHE,创业板指,8181.0,1522.052,1526.135,12451907.412
2014-10-29,399006.XSHE,创业板指,8181.0,1530.084,1526.135,12517617.204
2014-10-30,399006.XSHE,创业板指,8181.0,1525.767,1526.135,12482299.827
2014-10-31,399006.XSHE,创业板指,8181.0,1513.267,1526.135,12380037.327
2014-11-03,399006.XSHE,创业板指,8181.0,1529.892,1526.135,12516046.452
2014-11-04,399006.XSHE,创业板指,8181.0,1516.396,1526.135,12405635.676
2014-11-05,399006.XSHE,创业板指,8181.0,1512.487,1526.135,12373656.147
2014-11-06,399006.XSHE,创业板指,8181.0,1532.52,1526.135,12537546.12
2014-11-07,399006.XSHE,创业板指,8181.0,1522.625,1526.135,12456595.125
2014-11-10,399006.XSHE,创业板指,8181.0,1514.818,1526.135,12392726.058
2014-11-11,399006.XSHE,创业板指,8181.0,1461.508,1526.135,11956596.948
2014-11-12,399006.XSHE,创业板指,8181.0,1475.753,1526.135,12073135.293
2014-11-13,399006.XSHE,创业板指,8181.0,1442.859,1526.135,11804029.479
2014-11-14,399006.XSHE,创业板指,8181.0,1441.213,1526.135,11790563.553
2014-11-17,399006.XSHE,创业板指,8181.0,1471.685,1526.135,12039854.985
2014-11-18,399006.XSHE,创业板指,8181.0,1481.86,1526.135,12123096.66
2014-11-19,399006.XSHE,创业板指,8181.0,1505.552,1526.135,12316920.912
2014-11-20,399006.XSHE,创业板指,8181.0,1494.591,1526.135,12227248.971
2014-11-21,399006.XSHE,创业板指,8181.0,1504.833,1526.135,12311038.773
2014-11-24,399006.XSHE,创业板指,8181.0,1507.811,1526.135,12335401.791
2014-11-25,399006.XSHE,创业板指,8181.0,1541.922,1526.135,12614463.882
2014-11-26,399006.XSHE,创业板指,8181.0,1554.22,1526.135,12715073.82
2014-11-27,399006.XSHE,创业板指,8181.0,1563.409,1526.135,12790249.029
2014-11-28,399006.XSHE,创业板指,8181.0,1570.851,1526.135,12851132.031
2014-12-01,399006.XSHE,创业板指,8181.0,1552.306,1526.135,12699415.386
2014-12-02,399006.XSHE,创业板指,8181.0,1565.417,1526.135,12806676.477
2014-12-03,399006.XSHE,创业板指,8181.0,1604.447,1526.135,13125980.907
2014-12-04,399006.XSHE,创业板指,8181.0,1621.845,1526.135,13268313.945
2014-12-05,399006.XSHE,创业板指,8181.0,1581.907,1526.135,12941581.167
2014-12-08,399006.XSHE,创业板指,8181.0,1567.163,1526.135,12820960.503
2014-12-09,399006.XSHE,创业板指,8181.0,1504.623,1526.135,12309320.763
2014-12-10,399006.XSHE,创业板指,8181.0,1572.685,1526.135,12866135.985
2014-12-11,399006.XSHE,创业板指,8181.0,1587.665,1526.135,12988687.365
2014-12-12,399006.XSHE,创业板指,8181.0,1623.569,1526.135,13282417.989
2014-12-15,000903.XSHG,中证100,4559.0,2972.92,2972.92,13553542.28
2014-12-16,000903.XSHG,中证100,4559.0,3076.748,2972.92,14026894.132
2014-12-17,000903.XSHG,中证100,4559.0,3167.472,2972.92,14440504.848
2014-12-18,000903.XSHG,中证100,4559.0,3157.54,2972.92,14395224.86
2014-12-19,000903.XSHG,中证100,4559.0,3206.92,2972.92,14620348.28
2014-12-22,000903.XSHG,中证100,4559.0,3254.839,2972.92,14838811.001
2014-12-23,000903.XSHG,中证100,4559.0,3191.661,2972.92,14550782.499
2014-12-24,000903.XSHG,中证100,4559.0,3068.601,2972.92,13989751.959
2014-12-25,000903.XSHG,中证100,4559.0,3183.713,2972.92,14514547.567
2014-12-26,000903.XSHG,中证100,4559.0,3304.46,2972.92,15065033.14
2014-12-29,000903.XSHG,中证100,4559.0,3329.573,2972.92,15179523.307
2014-12-30,000903.XSHG,中证100,4559.0,3360.928,2972.92,15322470.752
2014-12-31,000903.XSHG,中证100,4559.0,3440.6,2972.92,15685695.4
2015-01-05,000903.XSHG,中证100,4559.0,3551.909,2972.92,16193153.131
2015-01-06,000903.XSHG,中证100,4559.0,3534.738,2972.92,16114870.542
2015-01-07,000903.XSHG,中证100,4559.0,3538.264,2972.92,16130945.576
2015-01-08,000903.XSHG,中证100,4559.0,3439.101,2972.92,15678861.459
2015-01-09,000903.XSHG,中证100,4559.0,3441.214,2972.92,15688494.626
2015-01-12,000903.XSHG,中证100,4559.0,3406.257,2972.92,15529125.663
2015-01-13,000903.XSHG,中证100,4559.0,3393.349,2972.92,15470278.091
2015-01-14,000903.XSHG,中证100,4559.0,3388.049,2972.92,15446115.391
2015-01-15,000903.XSHG,中证100,4559.0,3507.541,2972.92,15990879.419
2015-01-16,000903.XSHG,中证100,4559.0,3528.496,2972.92,16086413.264
2015-01-19,000903.XSHG,中证100,4559.0,3221.499,2972.92,14686813.941
2015-01-20,000903.XSHG,中证100,4559.0,3236.217,2972.92,14753913.303
2015-01-21,000903.XSHG,中证100,4559.0,3400.475,2972.92,15502765.525
2015-01-22,000903.XSHG,中证100,4559.0,3405.991,2972.92,15527912.969
2015-01-23,000903.XSHG,中证100,4559.0,3423.606,2972.92,15608219.754
2015-01-26,000903.XSHG,中证100,4559.0,3441.571,2972.92,15690122.189
2015-01-27,000903.XSHG,中证100,4559.0,3395.855,2972.92,15481702.945
2015-01-28,000903.XSHG,中证100,4559.0,3345.453,2972.92,15251920.227
2015-01-29,000903.XSHG,中证100,4559.0,3298.043,2972.92,15035778.037
2015-01-30,000903.XSHG,中证100,4559.0,3251.422,2972.92,14823232.898
2015-02-02,000903.XSHG,中证100,4559.0,3157.278,2972.92,14394030.402
2015-02-03,000903.XSHG,中证100,4559.0,3245.495,2972.92,14796211.705
2015-02-04,000903.XSHG,中证100,4559.0,3211.562,2972.92,14641511.158
2015-02-05,000903.XSHG,中证100,4559.0,3175.342,2972.92,14476384.178
2015-02-06,000903.XSHG,中证100,4559.0,3131.178,2972.92,14275040.502
2015-02-09,000903.XSHG,中证100,4559.0,3174.538,2972.92,14472718.742
2015-02-10,000903.XSHG,中证100,4559.0,3228.357,2972.92,14718079.563
2015-02-11,000903.XSHG,中证100,4559.0,3243.835,2972.92,14788643.765
2015-02-12,000903.XSHG,中证100,4559.0,3248.296,2972.92,14808981.464
2015-02-13,000903.XSHG,中证100,4559.0,3266.732,2972.92,14893031.188
2015-02-16,000903.XSHG,中证100,4559.0,3273.484,2972.92,14923813.556
2015-02-17,000903.XSHG,中证100,4559.0,3296.195,2972.92,15027353.005
2015-02-25,000903.XSHG,中证100,4559.0,3249.516,2972.92,14814543.444
2015-02-26,000903.XSHG,中证100,4559.0,3337.783,2972.92,15216952.697
2015-02-27,000903.XSHG,中证100,4559.0,3334.105,2972.92,15200184.695
2015-03-02,000903.XSHG,中证100,4559.0,3344.728,2972.92,15248614.952
2015-03-03,000903.XSHG,中证100,4559.0,3241.408,2972.92,14777579.072
2015-03-04,000903.XSHG,中证100,4559.0,3247.872,2972.92,14807048.448
2015-03-05,000903.XSHG,中证100,4559.0,3205.974,2972.92,14616035.466
2015-03-06,000903.XSHG,中证100,4559.0,3203.012,2972.92,14602531.708
2015-03-09,000903.XSHG,中证100,4559.0,3271.344,2972.92,14914057.296
2015-03-10,000903.XSHG,中证100,4559.0,3233.462,2972.92,14741353.258
2015-03-11,000903.XSHG,中证100,4559.0,3245.741,2972.92,14797333.219
2015-03-12,000903.XSHG,中证100,4559.0,3331.304,2972.92,15187414.936
2015-03-13,000903.XSHG,中证100,4559.0,3348.507,2972.92,15265843.413
2015-03-16,000903.XSHG,中证100,4559.0,3421.415,2972.92,15598230.985
2015-03-17,000903.XSHG,中证100,4559.0,3470.876,2972.92,15823723.684
2015-03-18,000903.XSHG,中证100,4559.0,3558.007,2972.92,16220953.913
2015-03-19,000903.XSHG,中证100,4559.0,3544.445,2972.92,16159124.755
2015-03-20,000903.XSHG,中证100,4559.0,3596.394,2972.92,16395960.246
2015-03-23,000903.XSHG,中证100,4559.0,3659.88,2972.92,16685392.92
2015-03-24,000903.XSHG,中证100,4559.0,3635.324,2972.92,16573442.116
2015-03-25,000903.XSHG,中证100,4559.0,3591.218,2972.92,16372362.862
2015-03-26,000903.XSHG,中证100,4559.0,3626.382,2972.92,16532675.538
2015-03-27,000903.XSHG,中证100,4559.0,3636.209,2972.92,16577476.831
2015-03-30,000903.XSHG,中证100,4559.0,3766.868,2972.92,17173151.212
2015-03-31,399006.XSHE,创业板指,7271.0,2335.171,2335.171,16979028.341
2015-04-01,399006.XSHE,创业板指,7271.0,2404.909,2335.171,17486093.339
2015-04-02,399006.XSHE,创业板指,7271.0,2475.325,2335.171,17998088.075
2015-04-03,399006.XSHE,创业板指,7271.0,2510.16,2335.171,18251373.36
2015-04-07,399006.XSHE,创业板指,7271.0,2556.698,2335.171,18589751.158
2015-04-08,399006.XSHE,创业板指,7271.0,2488.158,2335.171,18091396.818
2015-04-09,399006.XSHE,创业板指,7271.0,2496.487,2335.171,18151956.977
2015-04-10,399006.XSHE,创业板指,7271.0,2552.829,2335.171,18561619.659
2015-04-13,399006.XSHE,创业板指,7271.0,2577.776,2335.171,18743009.296
2015-04-14,399006.XSHE,创业板指,7271.0,2558.848,2335.171,18605383.808
2015-04-15,399006.XSHE,创业板指,7271.0,2441.739,2335.171,17753884.269
2015-04-16,399006.XSHE,创业板指,7271.0,2484.33,2335.171,18063563.43
2015-04-17,399006.XSHE,创业板指,7271.0,2463.99,2335.171,17915671.29
2015-04-20,399006.XSHE,创业板指,7271.0,2424.848,2335.171,17631069.808
2015-04-21,399006.XSHE,创业板指,7271.0,2566.091,2335.171,18658047.661
2015-04-22,399006.XSHE,创业板指,7271.0,2634.931,2335.171,19158583.301
2015-04-23,399006.XSHE,创业板指,7271.0,2706.185,2335.171,19676671.135
2015-04-24,399006.XSHE,创业板指,7271.0,2734.75,2335.171,19884367.25
2015-04-27,399006.XSHE,创业板指,7271.0,2747.497,2335.171,19977050.687
2015-04-28,399006.XSHE,创业板指,7271.0,2687.974,2335.171,19544258.954
2015-04-29,399006.XSHE,创业板指,7271.0,2797.524,2335.171,20340797.004
2015-04-30,399006.XSHE,创业板指,7271.0,2857.89,2335.171,20779718.19
2015-05-04,399006.XSHE,创业板指,7271.0,2845.252,2335.171,20687827.292
2015-05-05,399006.XSHE,创业板指,7271.0,2783.443,2335.171,20238414.053
2015-05-06,399006.XSHE,创业板指,7271.0,2846.558,2335.171,20697323.218
2015-05-07,399006.XSHE,创业板指,7271.0,2806.047,2335.171,20402767.737
2015-05-08,399006.XSHE,创业板指,7271.0,2973.596,2335.171,21621016.516
2015-05-11,399006.XSHE,创业板指,7271.0,3146.83,2335.171,22880600.93
2015-05-12,399006.XSHE,创业板指,7271.0,3250.296,2335.171,23632902.216
2015-05-13,399006.XSHE,创业板指,7271.0,3192.147,2335.171,23210100.837
2015-05-14,399006.XSHE,创业板指,7271.0,3141.593,2335.171,22842522.703
2015-05-15,399006.XSHE,创业板指,7271.0,3145.335,2335.171,22869730.785
2015-05-18,399006.XSHE,创业板指,7271.0,3278.483,2335.171,23837849.893
2015-05-19,399006.XSHE,创业板指,7271.0,3322.774,2335.171,24159889.754
2015-05-20,399006.XSHE,创业板指,7271.0,3406.284,2335.171,24767090.964
2015-05-21,399006.XSHE,创业板指,7271.0,3527.413,2335.171,25647819.923
2015-05-22,399006.XSHE,创业板指,7271.0,3516.627,2335.171,25569394.917
2015-05-25,399006.XSHE,创业板指,7271.0,3467.916,2335.171,25215217.236
2015-05-26,399006.XSHE,创业板指,7271.0,3618.231,2335.171,26308157.601
2015-05-27,399006.XSHE,创业板指,7271.0,3628.673,2335.171,26384081.383
2015-05-28,399006.XSHE,创业板指,7271.0,3432.982,2335.171,24961212.122
2015-05-29,399006.XSHE,创业板指,7271.0,3542.844,2335.171,25760018.724
2015-06-01,399006.XSHE,创业板指,7271.0,3718.753,2335.171,27039053.063
2015-06-02,399006.XSHE,创业板指,7271.0,3901.543,2335.171,28368119.153
2015-06-03,399006.XSHE,创业板指,7271.0,3982.251,2335.171,28954947.021
2015-06-04,399006.XSHE,创业板指,7271.0,3943.467,2335.171,28672948.557
2015-06-05,399006.XSHE,创业板指,7271.0,3885.832,2335.171,28253884.472
2015-06-08,399006.XSHE,创业板指,7271.0,3704.553,2335.171,26935804.863
2015-06-09,399006.XSHE,创业板指,7271.0,3705.536,2335.171,26942952.256
2015-06-10,399006.XSHE,创业板指,7271.0,3834.699,2335.171,27882096.429
2015-06-11,399006.XSHE,创业板指,7271.0,3862.138,2335.171,28081605.398
2015-06-12,399006.XSHE,创业板指,7271.0,3899.705,2335.171,28354755.055
2015-06-15,399006.XSHE,创业板指,7271.0,3696.027,2335.171,26873812.317
2015-06-16,399006.XSHE,创业板指,7271.0,3590.669,2335.171,26107754.299
2015-06-17,399006.XSHE,创业板指,7271.0,3741.357,2335.171,27203406.747
2015-06-18,399006.XSHE,创业板指,7271.0,3504.554,2335.171,25481612.134
2015-06-19,399006.XSHE,创业板指,7271.0,3314.976,2335.171,24103190.496
2015-06-23,399006.XSHE,创业板指,7271.0,3393.94,2335.171,24677337.74
2015-06-24,399006.XSHE,创业板指,7271.0,3383.404,2335.171,24600730.484
2015-06-25,399006.XSHE,创业板指,7271.0,3206.381,2335.171,23313596.251
2015-06-26,399006.XSHE,创业板指,7271.0,2920.703,2335.171,21236431.513
2015-06-29,399006.XSHE,创业板指,7271.0,2689.76,2335.171,19557244.96
2015-10-15,399006.XSHE,创业板指,8641.0,2404.533,2404.533,20777569.653
2015-10-16,399006.XSHE,创业板指,8641.0,2449.03,2404.533,21162068.23
2015-10-19,399006.XSHE,创业板指,8641.0,2433.599,2404.533,21028728.959
2015-10-20,399006.XSHE,创业板指,8641.0,2511.164,2404.533,21698968.124
2015-10-21,399006.XSHE,创业板指,8641.0,2344.74,2404.533,20260898.34
2015-10-22,399006.XSHE,创业板指,8641.0,2458.138,2404.533,21240770.458
2015-10-23,399006.XSHE,创业板指,8641.0,2538.383,2404.533,21934167.503
2015-10-26,399006.XSHE,创业板指,8641.0,2527.477,2404.533,21839928.757
2015-10-27,399006.XSHE,创业板指,8641.0,2563.958,2404.533,22155161.078
2015-10-28,399006.XSHE,创业板指,8641.0,2485.235,2404.533,21474915.635
2015-10-29,399006.XSHE,创业板指,8641.0,2485.276,2404.533,21475269.916
2015-10-30,399006.XSHE,创业板指,8641.0,2478.277,2404.533,21414791.557
2015-11-02,399006.XSHE,创业板指,8641.0,2432.038,2404.533,21015240.358
2015-11-03,399006.XSHE,创业板指,8641.0,2429.27,2404.533,20991322.07
2015-11-04,399006.XSHE,创业板指,8641.0,2584.317,2404.533,22331083.197
2015-11-05,399006.XSHE,创业板指,8641.0,2564.722,2404.533,22161762.802
2015-11-06,399006.XSHE,创业板指,8641.0,2661.412,2404.533,22997261.092
2015-11-09,399006.XSHE,创业板指,8641.0,2724.619,2404.533,23543432.779
2015-11-10,399006.XSHE,创业板指,8641.0,2746.609,2404.533,23733448.369
2015-11-11,399006.XSHE,创业板指,8641.0,2804.677,2404.533,24235213.957
2015-11-12,399006.XSHE,创业板指,8641.0,2783.298,2404.533,24050478.018
2015-11-13,399006.XSHE,创业板指,8641.0,2710.161,2404.533,23418501.201
2015-11-16,399006.XSHE,创业板指,8641.0,2797.162,2404.533,24170276.842
2015-11-17,399006.XSHE,创业板指,8641.0,2717.052,2404.533,23478046.332
2015-11-18,399006.XSHE,创业板指,8641.0,2661.165,2404.533,22995126.765
2015-11-19,399006.XSHE,创业板指,8641.0,2770.752,2404.533,23942068.032
2015-11-20,399006.XSHE,创业板指,8641.0,2800.15,2404.533,24196096.15
2015-11-23,399006.XSHE,创业板指,8641.0,2770.577,2404.533,23940555.857
2015-11-24,399006.XSHE,创业板指,8641.0,2816.048,2404.533,24333470.768
2015-11-25,399006.XSHE,创业板指,8641.0,2897.569,2404.533,25037893.729
2015-11-26,399006.XSHE,创业板指,8641.0,2833.198,2404.533,24481663.918
2015-11-27,399006.XSHE,创业板指,8641.0,2649.55,2404.533,22894761.55
2015-11-30,399006.XSHE,创业板指,8641.0,2672.581,2404.533,23093772.421
2015-12-01,399006.XSHE,创业板指,8641.0,2655.345,2404.533,22944836.145
2015-12-02,399006.XSHE,创业板指,8641.0,2613.263,2404.533,22581205.583
2015-12-03,399006.XSHE,创业板指,8641.0,2708.123,2404.533,23400890.843
2015-12-04,399006.XSHE,创业板指,8641.0,2692.161,2404.533,23262963.201
2015-12-07,399006.XSHE,创业板指,8641.0,2738.149,2404.533,23660345.509
2015-12-08,399006.XSHE,创业板指,8641.0,2691.658,2404.533,23258616.778
2015-12-09,399006.XSHE,创业板指,8641.0,2667.912,2404.533,23053427.592
2015-12-10,399006.XSHE,创业板指,8641.0,2695.507,2404.533,23291875.987
2015-12-11,399006.XSHE,创业板指,8641.0,2671.292,2404.533,23082634.172
2015-12-14,399006.XSHE,创业板指,8641.0,2709.265,2404.533,23410758.865
2015-12-15,399006.XSHE,创业板指,8641.0,2745.7,2404.533,23725593.7
2015-12-16,399006.XSHE,创业板指,8641.0,2763.114,2404.533,23876068.074
2015-12-17,399006.XSHE,创业板指,8641.0,2835.701,2404.533,24503292.341
2015-12-18,399006.XSHE,创业板指,8641.0,2830.259,2404.533,24456268.019
2015-12-21,399006.XSHE,创业板指,8641.0,2829.921,2404.533,24453347.361
2015-12-22,399006.XSHE,创业板指,8641.0,2839.852,2404.533,24539161.132
2015-12-23,399006.XSHE,创业板指,8641.0,2783.942,2404.533,24056042.822
2015-12-24,399006.XSHE,创业板指,8641.0,2795.78,2404.533,24158334.98
2015-12-25,399006.XSHE,创业板指,8641.0,2794.73,2404.533,24149261.93
2015-12-28,399006.XSHE,创业板指,8641.0,2735.485,2404.533,23637325.885
2015-12-29,399006.XSHE,创业板指,8641.0,2749.822,2404.533,23761211.902
2015-12-30,399006.XSHE,创业板指,8641.0,2779.513,2404.533,24017771.833
2015-12-31,399006.XSHE,创业板指,8641.0,2714.048,2404.533,23452088.768
2016-01-04,399006.XSHE,创业板指,8641.0,2491.24,2404.533,21526804.84
2016-01-05,399006.XSHE,创业板指,8641.0,2416.725,2404.533,20882920.725
2016-01-06,399006.XSHE,创业板指,8641.0,2468.366,2404.533,21329150.606
2016-01-07,399006.XSHE,创业板指,8641.0,2256.524,2404.533,19498623.884
2016-01-08,399006.XSHE,创业板指,8641.0,2248.99,2404.533,19433522.59
2016-01-11,399006.XSHE,创业板指,8641.0,2106.358,2404.533,18201039.478
2016-01-12,399006.XSHE,创业板指,8641.0,2147.531,2404.533,18556815.371
2016-01-13,399006.XSHE,创业板指,8641.0,2059.776,2404.533,17798524.416
2016-01-14,399006.XSHE,创业板指,8641.0,2175.012,2404.533,18794278.692
2016-03-31,000903.XSHG,中证100,6068.0,3007.841,3007.841,18251577.368
2016-04-01,000903.XSHG,中证100,6068.0,3016.821,3007.841,18306069.221
2016-04-05,000903.XSHG,中证100,6068.0,3039.165,3007.841,18441653.22
2016-04-06,000903.XSHG,中证100,6068.0,3026.337,3007.841,18363814.736
2016-04-07,000903.XSHG,中证100,6068.0,2986.464,3007.841,18121865.372
2016-04-08,000903.XSHG,中证100,6068.0,2965.532,3007.841,17994849.996
2016-04-11,000903.XSHG,中证100,6068.0,2999.93,3007.841,18203572.813
2016-04-12,000903.XSHG,中证100,6068.0,2992.706,3007.841,18159743.042
2016-04-13,000903.XSHG,中证100,6068.0,3029.425,3007.841,18382549.686
2016-04-14,000903.XSHG,中证100,6068.0,3040.219,3007.841,18448050.106
2016-04-15,399006.XSHE,创业板指,7986.0,2309.676,2309.676,18445072.536
2016-04-18,399006.XSHE,创业板指,7986.0,2265.593,2309.676,18093025.698
2016-04-19,399006.XSHE,创业板指,7986.0,2272.52,2309.676,18148344.72
2016-04-20,399006.XSHE,创业板指,7986.0,2145.239,2309.676,17131878.654
2016-04-21,399006.XSHE,创业板指,7986.0,2110.162,2309.676,16851753.732
2016-04-22,399006.XSHE,创业板指,7986.0,2136.924,2309.676,17065475.064
2016-04-25,399006.XSHE,创业板指,7986.0,2126.834,2309.676,16984896.324
2016-04-26,399006.XSHE,创业板指,7986.0,2155.697,2309.676,17215396.242
2016-04-27,399006.XSHE,创业板指,7986.0,2146.611,2309.676,17142835.446
2016-04-28,399006.XSHE,创业板指,7986.0,2155.229,2309.676,17211658.794
2016-04-29,399006.XSHE,创业板指,7986.0,2138.738,2309.676,17079961.668
2016-05-03,399006.XSHE,创业板指,7986.0,2217.23,2309.676,17706798.78
2016-05-04,399006.XSHE,创业板指,7986.0,2211.018,2309.676,17657189.748
2016-05-05,399006.XSHE,创业板指,7986.0,2224.095,2309.676,17761622.67
2016-05-06,399006.XSHE,创业板指,7986.0,2129.194,2309.676,17003743.284
2016-05-09,399006.XSHE,创业板指,7986.0,2053.597,2309.676,16400025.642
2016-05-10,399006.XSHE,创业板指,7986.0,2054.222,2309.676,16405016.892
2016-05-11,399006.XSHE,创业板指,7986.0,2034.925,2309.676,16250911.05
2016-05-12,399006.XSHE,创业板指,7986.0,2034.565,2309.676,16248036.09
2016-05-13,399006.XSHE,创业板指,7986.0,2025.223,2309.676,16173430.878
2016-05-16,399006.XSHE,创业板指,7986.0,2057.857,2309.676,16434046.002
2016-05-17,399006.XSHE,创业板指,7986.0,2081.44,2309.676,16622379.84
2016-05-18,399006.XSHE,创业板指,7986.0,2020.475,2309.676,16135513.35
2016-05-19,399006.XSHE,创业板指,7986.0,2037.403,2309.676,16270700.358
2016-05-20,399006.XSHE,创业板指,7986.0,2065.301,2309.676,16493493.786
2016-05-23,399006.XSHE,创业板指,7986.0,2098.234,2309.676,16756496.724
2016-05-24,399006.XSHE,创业板指,7986.0,2075.509,2309.676,16575014.874
2016-05-25,399006.XSHE,创业板指,7986.0,2067.253,2309.676,16509082.458
2016-05-26,399006.XSHE,创业板指,7986.0,2086.007,2309.676,16658851.902
2016-05-27,399006.XSHE,创业板指,7986.0,2069.885,2309.676,16530101.61
2016-05-30,399006.XSHE,创业板指,7986.0,2058.518,2309.676,16439324.748
2016-06-30,399006.XSHE,创业板指,7740.0,2227.79,2227.79,17243094.6
2016-07-01,399006.XSHE,创业板指,7740.0,2211.177,2227.79,17114509.98
2016-07-04,399006.XSHE,创业板指,7740.0,2248.712,2227.79,17405030.88
2016-07-05,399006.XSHE,创业板指,7740.0,2246.024,2227.79,17384225.76
2016-07-06,399006.XSHE,创业板指,7740.0,2241.56,2227.79,17349674.4
2016-07-07,399006.XSHE,创业板指,7740.0,2233.922,2227.79,17290556.28
2016-07-08,399006.XSHE,创业板指,7740.0,2239.002,2227.79,17329875.48
2016-07-11,399006.XSHE,创业板指,7740.0,2218.588,2227.79,17171871.12
2016-07-12,399006.XSHE,创业板指,7740.0,2247.354,2227.79,17394519.96
2016-07-13,399006.XSHE,创业板指,7740.0,2285.369,2227.79,17688756.06
2016-07-14,399006.XSHE,创业板指,7740.0,2293.079,2227.79,17748431.46
2016-07-15,399006.XSHE,创业板指,7740.0,2263.784,2227.79,17521688.16
2016-07-18,399006.XSHE,创业板指,7740.0,2249.871,2227.79,17414001.54
2016-07-19,399006.XSHE,创业板指,7740.0,2273.719,2227.79,17598585.06
2016-07-20,399006.XSHE,创业板指,7740.0,2268.535,2227.79,17558460.9
2016-07-21,399006.XSHE,创业板指,7740.0,2265.128,2227.79,17532090.72
2016-07-22,399006.XSHE,创业板指,7740.0,2249.999,2227.79,17414992.26
2016-07-25,399006.XSHE,创业板指,7740.0,2245.885,2227.79,17383149.9
2016-07-26,399006.XSHE,创业板指,7740.0,2279.55,2227.79,17643717.0
2016-07-27,399006.XSHE,创业板指,7740.0,2155.386,2227.79,16682687.64
2016-07-28,399006.XSHE,创业板指,7740.0,2139.744,2227.79,16561618.56
2016-07-29,399006.XSHE,创业板指,7740.0,2122.412,2227.79,16427468.88
2016-08-01,399006.XSHE,创业板指,7740.0,2099.179,2227.79,16247645.46
2016-08-02,399006.XSHE,创业板指,7740.0,2113.214,2227.79,16356276.36
2016-08-03,399006.XSHE,创业板指,7740.0,2108.314,2227.79,16318350.36
2016-08-04,399006.XSHE,创业板指,7740.0,2129.652,2227.79,16483506.48
2016-08-05,399006.XSHE,创业板指,7740.0,2109.055,2227.79,16324085.7
2016-08-08,399006.XSHE,创业板指,7740.0,2130.594,2227.79,16490797.56
2016-08-09,399006.XSHE,创业板指,7740.0,2154.505,2227.79,16675868.7
2016-08-10,399006.XSHE,创业板指,7740.0,2137.001,2227.79,16540387.74
2016-08-11,399006.XSHE,创业板指,7740.0,2103.395,2227.79,16280277.3
2016-08-12,399006.XSHE,创业板指,7740.0,2123.841,2227.79,16438529.34
2016-08-15,000903.XSHG,中证100,5341.0,3177.344,3177.344,16970195.906
2016-08-16,000903.XSHG,中证100,5341.0,3156.212,3177.344,16857328.826
2016-08-17,000903.XSHG,中证100,5341.0,3146.15,3177.344,16803586.616
2016-08-18,000903.XSHG,中证100,5341.0,3132.461,3177.344,16730473.667
2016-08-19,000903.XSHG,中证100,5341.0,3132.039,3177.344,16728222.969
2016-08-22,000903.XSHG,中证100,5341.0,3110.606,3177.344,16613748.248
2016-08-23,000903.XSHG,中证100,5341.0,3115.902,3177.344,16642032.582
2016-08-24,000903.XSHG,中证100,5341.0,3101.324,3177.344,16564172.552
2016-08-25,000903.XSHG,中证100,5341.0,3084.393,3177.344,16473744.615
2016-08-26,000903.XSHG,中证100,5341.0,3079.513,3177.344,16447680.535
2016-08-29,000903.XSHG,中证100,5341.0,3075.044,3177.344,16423807.868
2016-08-30,000903.XSHG,中证100,5341.0,3083.547,3177.344,16469222.925
2016-08-31,000903.XSHG,中证100,5341.0,3104.515,3177.344,16581211.945
2016-09-01,000903.XSHG,中证100,5341.0,3079.921,3177.344,16449855.925
2016-09-02,000903.XSHG,中证100,5341.0,3096.004,3177.344,16535759.5
2016-09-05,000903.XSHG,中证100,5341.0,3098.946,3177.344,16551471.654
2016-09-06,000903.XSHG,中证100,5341.0,3111.02,3177.344,16615959.422
2016-09-07,000903.XSHG,中证100,5341.0,3110.885,3177.344,16615235.717
2016-09-08,000903.XSHG,中证100,5341.0,3109.644,3177.344,16608610.206
2016-09-09,000903.XSHG,中证100,5341.0,3093.338,3177.344,16521520.394
2016-09-12,000903.XSHG,中证100,5341.0,3052.272,3177.344,16302184.752
2016-09-13,000903.XSHG,中证100,5341.0,3044.325,3177.344,16259742.496
2016-09-14,000903.XSHG,中证100,5341.0,3021.965,3177.344,16140316.133
2016-09-19,000903.XSHG,中证100,5341.0,3043.704,3177.344,16256423.598
2016-09-20,000903.XSHG,中证100,5341.0,3036.657,3177.344,16218783.435
2016-09-21,000903.XSHG,中证100,5341.0,3044.237,3177.344,16259268.749
2016-09-22,000903.XSHG,中证100,5341.0,3072.499,3177.344,16410215.023
2016-09-23,000903.XSHG,中证100,5341.0,3057.901,3177.344,16332249.775
2016-09-26,000903.XSHG,中证100,5341.0,3012.705,3177.344,16090859.541
2016-09-27,000903.XSHG,中证100,5341.0,3029.252,3177.344,16179233.864
2016-09-28,000903.XSHG,中证100,5341.0,3021.075,3177.344,16135558.905
2016-09-29,000903.XSHG,中证100,5341.0,3034.547,3177.344,16207516.061
2016-11-15,000903.XSHG,中证100,5061.0,3209.402,3209.402,16242784.534
2016-11-16,000903.XSHG,中证100,5061.0,3207.043,3209.402,16230846.647
2016-11-17,000903.XSHG,中证100,5061.0,3216.291,3209.402,16277650.775
2016-11-18,000903.XSHG,中证100,5061.0,3202.082,3209.402,16205735.484
2016-11-21,000903.XSHG,中证100,5061.0,3231.867,3209.402,16356477.875
2016-11-22,000903.XSHG,中证100,5061.0,3257.58,3209.402,16486613.898
2016-11-23,000903.XSHG,中证100,5061.0,3272.658,3209.402,16562921.126
2016-11-24,000903.XSHG,中证100,5061.0,3288.062,3209.402,16640882.794
2016-11-25,000903.XSHG,中证100,5061.0,3323.554,3209.402,16820507.3
2016-11-28,000903.XSHG,中证100,5061.0,3337.028,3209.402,16888700.226
2016-11-29,000903.XSHG,中证100,5061.0,3378.843,3209.402,17100325.435
2016-11-30,000903.XSHG,中证100,5061.0,3351.872,3209.402,16963824.192
2016-12-01,000903.XSHG,中证100,5061.0,3378.74,3209.402,17099804.152
2016-12-02,000903.XSHG,中证100,5061.0,3348.149,3209.402,16944980.571
2016-12-05,000903.XSHG,中证100,5061.0,3281.009,3209.402,16605185.031
2016-12-06,000903.XSHG,中证100,5061.0,3272.834,3209.402,16563811.862
2016-12-07,000903.XSHG,中证100,5061.0,3281.884,3209.402,16609616.948
2016-12-08,000903.XSHG,中证100,5061.0,3280.768,3209.402,16603967.86
2016-12-09,000903.XSHG,中证100,5061.0,3317.53,3209.402,16790018.824
2016-12-12,000903.XSHG,中证100,5061.0,3260.961,3209.402,16503725.139
2016-12-13,000903.XSHG,中证100,5061.0,3248.188,3209.402,16439077.95
2016-12-14,000903.XSHG,中证100,5061.0,3224.994,3209.402,16321695.14
2016-12-15,000903.XSHG,中证100,5061.0,3169.861,3209.402,16042667.027
2016-12-16,000903.XSHG,中证100,5061.0,3168.807,3209.402,16037334.758
2016-12-19,000903.XSHG,中证100,5061.0,3148.177,3209.402,15932925.315
2016-12-20,000903.XSHG,中证100,5061.0,3127.303,3209.402,15827279.977
2016-12-21,000903.XSHG,中证100,5061.0,3151.717,3209.402,15950840.243
2016-12-22,000903.XSHG,中证100,5061.0,3146.582,3209.402,15924853.526
2016-12-23,000903.XSHG,中证100,5061.0,3123.199,3209.402,15806508.621
2016-12-26,000903.XSHG,中证100,5061.0,3142.393,3209.402,15903649.961
2016-12-27,000903.XSHG,中证100,5061.0,3137.017,3209.402,15876445.567
2016-12-28,000903.XSHG,中证100,5061.0,3122.928,3209.402,15805140.632
2016-12-29,000903.XSHG,中证100,5061.0,3119.459,3209.402,15787584.53
2016-12-30,000903.XSHG,中证100,5061.0,3134.446,3209.402,15863431.206
2017-01-03,000903.XSHG,中证100,5061.0,3166.403,3209.402,16025164.571
2017-01-04,000903.XSHG,中证100,5061.0,3188.314,3209.402,16136058.166
2017-01-05,000903.XSHG,中证100,5061.0,3187.499,3209.402,16131934.969
2017-01-06,000903.XSHG,中证100,5061.0,3169.13,3209.402,16038968.954
2017-01-09,000903.XSHG,中证100,5061.0,3181.002,3209.402,16099051.628
2017-01-10,000903.XSHG,中证100,5061.0,3175.163,3209.402,16069501.967
2017-01-11,000903.XSHG,中证100,5061.0,3158.72,3209.402,15986283.944
2017-01-12,000903.XSHG,中证100,5061.0,3149.72,3209.402,15940730.896
2017-01-13,000903.XSHG,中证100,5061.0,3164.273,3209.402,16014385.147
2017-01-16,000903.XSHG,中证100,5061.0,3184.477,3209.402,16116638.603
2017-01-17,000903.XSHG,中证100,5061.0,3184.609,3209.402,16117307.667
2017-01-18,000903.XSHG,中证100,5061.0,3203.436,3209.402,16212589.596
2017-01-19,000903.XSHG,中证100,5061.0,3192.465,3209.402,16157066.883
2017-01-20,000903.XSHG,中证100,5061.0,3213.695,3209.402,16264510.901
2017-01-23,000903.XSHG,中证100,5061.0,3217.344,3209.402,16282979.502
2017-01-24,000903.XSHG,中证100,5061.0,3221.608,3209.402,16304557.076
2017-01-25,000903.XSHG,中证100,5061.0,3231.458,3209.402,16354406.914
2017-01-26,000903.XSHG,中证100,5061.0,3241.146,3209.402,16403440.918
2017-02-03,000903.XSHG,中证100,5061.0,3212.402,3209.402,16257965.51
2017-02-06,000903.XSHG,中证100,5061.0,3215.398,3209.402,16273129.784
2017-02-07,000903.XSHG,中证100,5061.0,3206.127,3209.402,16226210.771
2017-02-08,000903.XSHG,中证100,5061.0,3222.065,3209.402,16306869.953
2017-02-09,000903.XSHG,中证100,5061.0,3235.548,3209.402,16375108.428
2017-02-10,000903.XSHG,中证100,5061.0,3253.215,3209.402,16464521.621
2017-02-13,000903.XSHG,中证100,5061.0,3276.412,3209.402,16581919.108
2017-02-14,000903.XSHG,中证100,5061.0,3272.465,3209.402,16561944.353
2017-02-15,000903.XSHG,中证100,5061.0,3268.049,3209.402,16539598.013
2017-02-16,000903.XSHG,中证100,5061.0,3283.593,3209.402,16618263.161
2017-02-17,000903.XSHG,中证100,5061.0,3264.708,3209.402,16522686.682
2017-02-20,000903.XSHG,中证100,5061.0,3312.217,3209.402,16763128.719
2017-02-21,000903.XSHG,中证100,5061.0,3317.229,3209.402,16788496.475
2017-02-22,000903.XSHG,中证100,5061.0,3322.147,3209.402,16813387.485
2017-02-23,000903.XSHG,中证100,5061.0,3304.919,3209.402,16726197.083
2017-02-24,000903.XSHG,中证100,5061.0,3304.367,3209.402,16723403.411
2017-02-27,000903.XSHG,中证100,5061.0,3276.017,3209.402,16579922.037
2017-02-28,000903.XSHG,中证100,5061.0,3278.31,3209.402,16591528.934
2017-03-01,000903.XSHG,中证100,5061.0,3282.642,3209.402,16613449.138
2017-03-02,000903.XSHG,中证100,5061.0,3258.93,3209.402,16493445.236
2017-03-03,000903.XSHG,中证100,5061.0,3248.565,3209.402,16440988.477
2017-03-06,000903.XSHG,中证100,5061.0,3259.644,3209.402,16497056.26
2017-03-07,000903.XSHG,中证100,5061.0,3268.51,3209.402,16541926.58
2017-03-08,000903.XSHG,中证100,5061.0,3268.871,3209.402,16543755.119
2017-03-09,000903.XSHG,中证100,5061.0,3249.627,3209.402,16446362.247
2017-03-10,000903.XSHG,中证100,5061.0,3249.435,3209.402,16445391.547
2017-03-13,000903.XSHG,中证100,5061.0,3270.664,3209.402,16552829.998
2017-03-14,000903.XSHG,中证100,5061.0,3273.7,3209.402,16568195.194
2017-03-15,399006.XSHE,创业板指,8483.0,1957.82,1957.82,16608187.06
2017-03-16,399006.XSHE,创业板指,8483.0,1966.727,1957.82,16683745.141
2017-03-17,399006.XSHE,创业板指,8483.0,1949.661,1957.82,16538974.263
2017-03-20,399006.XSHE,创业板指,8483.0,1953.816,1957.82,16574221.128
2017-03-21,399006.XSHE,创业板指,8483.0,1961.063,1957.82,16635697.429
2017-03-22,399006.XSHE,创业板指,8483.0,1948.58,1957.82,16529804.14
2017-03-23,399006.XSHE,创业板指,8483.0,1948.369,1957.82,16528014.227
2017-03-24,399006.XSHE,创业板指,8483.0,1965.137,1957.82,16670257.171
2017-03-27,399006.XSHE,创业板指,8483.0,1947.528,1957.82,16520880.024
2017-03-28,399006.XSHE,创业板指,8483.0,1944.363,1957.82,16494031.329
2017-03-29,399006.XSHE,创业板指,8483.0,1929.196,1957.82,16365369.668
2017-03-30,399006.XSHE,创业板指,8483.0,1893.701,1957.82,16064265.583
2017-05-31,000903.XSHG,中证100,4694.0,3445.579,3445.579,16173548.295
2017-06-01,000903.XSHG,中证100,4694.0,3466.886,3445.579,16273564.292
2017-06-02,000903.XSHG,中证100,4694.0,3444.826,3445.579,16170011.836
2017-06-05,000903.XSHG,中证100,4694.0,3415.58,3445.579,16032732.989
2017-06-06,000903.XSHG,中证100,4694.0,3442.771,3445.579,16160368.013
2017-06-07,000903.XSHG,中证100,4694.0,3475.207,3445.579,16312621.658
2017-06-08,000903.XSHG,中证100,4694.0,3509.326,3445.579,16472777.652
2017-06-09,000903.XSHG,中证100,4694.0,3525.372,3445.579,16548095.229
2017-06-12,000903.XSHG,中证100,4694.0,3535.396,3445.579,16595147.885
2017-06-13,000903.XSHG,中证100,4694.0,3530.829,3445.579,16573711.795
2017-06-14,000903.XSHG,中证100,4694.0,3475.422,3445.579,16313632.746
2017-06-15,000903.XSHG,中证100,4694.0,3459.174,3445.579,16237363.225
2017-06-16,000903.XSHG,中证100,4694.0,3446.667,3445.579,16178653.49
2017-06-19,000903.XSHG,中证100,4694.0,3486.477,3445.579,16365524.916
2017-06-20,000903.XSHG,中证100,4694.0,3477.002,3445.579,16321046.449
2017-06-21,000903.XSHG,中证100,4694.0,3519.838,3445.579,16522121.45
2017-06-22,000903.XSHG,中证100,4694.0,3535.022,3445.579,16593394.676
2017-06-23,000903.XSHG,中证100,4694.0,3570.203,3445.579,16758531.943
2017-06-26,000903.XSHG,中证100,4694.0,3607.932,3445.579,16935632.339
2017-06-27,000903.XSHG,中证100,4694.0,3618.656,3445.579,16985970.325
2017-06-28,000903.XSHG,中证100,4694.0,3590.293,3445.579,16852832.995
2017-06-29,000903.XSHG,中证100,4694.0,3612.035,3445.579,16954892.29
2017-06-30,000903.XSHG,中证100,4694.0,3608.659,3445.579,16939046.285
2017-07-03,000903.XSHG,中证100,4694.0,3582.756,3445.579,16817459.011
2017-07-04,000903.XSHG,中证100,4694.0,3547.071,3445.579,16649951.743
2017-07-05,000903.XSHG,中证100,4694.0,3591.765,3445.579,16859746.318
2017-07-06,000903.XSHG,中证100,4694.0,3593.06,3445.579,16865824.109
2017-07-07,000903.XSHG,中证100,4694.0,3579.821,3445.579,16803678.835
2017-07-10,000903.XSHG,中证100,4694.0,3585.933,3445.579,16832369.971
2017-07-11,000903.XSHG,中证100,4694.0,3623.938,3445.579,17010763.094
2017-07-12,000903.XSHG,中证100,4694.0,3610.729,3445.579,16948763.804
2017-07-13,000903.XSHG,中证100,4694.0,3647.151,3445.579,17119725.386
2017-07-14,000903.XSHG,中证100,4694.0,3672.698,3445.579,17239645.82
2017-07-17,000903.XSHG,中证100,4694.0,3665.52,3445.579,17205949.002
2017-07-18,000903.XSHG,中证100,4694.0,3660.263,3445.579,17181275.461
2017-07-19,000903.XSHG,中证100,4694.0,3708.517,3445.579,17407781.145
2017-07-20,000903.XSHG,中证100,4694.0,3723.213,3445.579,17476762.761
2017-07-21,000903.XSHG,中证100,4694.0,3693.506,3445.579,17337316.225
2017-07-24,000903.XSHG,中证100,4694.0,3708.762,3445.579,17408927.42
2017-07-25,000903.XSHG,中证100,4694.0,3689.141,3445.579,17316828.793
2017-07-26,000903.XSHG,中证100,4694.0,3671.451,3445.579,17233789.116
2017-07-27,000903.XSHG,中证100,4694.0,3666.755,3445.579,17211746.562
2017-07-28,000903.XSHG,中证100,4694.0,3674.462,3445.579,17247923.22
2017-07-31,000903.XSHG,中证100,4694.0,3678.169,3445.579,17265324.817
2017-08-01,000903.XSHG,中证100,4694.0,3723.774,3445.579,17479396.095
2017-08-02,000903.XSHG,中证100,4694.0,3718.392,3445.579,17454134.395
2017-08-03,000903.XSHG,中证100,4694.0,3673.651,3445.579,17244117.794
2017-08-04,000903.XSHG,中证100,4694.0,3651.236,3445.579,17138900.376
2017-08-07,000903.XSHG,中证100,4694.0,3665.226,3445.579,17204571.783
2017-08-08,000903.XSHG,中证100,4694.0,3663.764,3445.579,17197708.216
2017-08-09,000903.XSHG,中证100,4694.0,3658.995,3445.579,17175324.877
2017-08-10,000903.XSHG,中证100,4694.0,3646.652,3445.579,17117383.08
2017-08-11,000903.XSHG,中证100,4694.0,3583.258,3445.579,16819812.583
2017-08-14,000903.XSHG,中证100,4694.0,3614.481,3445.579,16966375.692
2017-08-31,399006.XSHE,创业板指,9204.0,1849.379,1849.379,17021684.316
2017-09-01,399006.XSHE,创业板指,9204.0,1865.25,1849.379,17167761.0
2017-09-04,399006.XSHE,创业板指,9204.0,1883.618,1849.379,17336820.072
2017-09-05,399006.XSHE,创业板指,9204.0,1885.162,1849.379,17351031.048
2017-09-06,399006.XSHE,创业板指,9204.0,1902.857,1849.379,17513895.828
2017-09-07,399006.XSHE,创业板指,9204.0,1890.382,1849.379,17399075.928
2017-09-08,399006.XSHE,创业板指,9204.0,1885.274,1849.379,17352061.896
2017-09-11,399006.XSHE,创业板指,9204.0,1896.375,1849.379,17454235.5
2017-09-12,399006.XSHE,创业板指,9204.0,1884.484,1849.379,17344790.736
2017-09-13,399006.XSHE,创业板指,9204.0,1888.432,1849.379,17381128.128
2017-09-14,399006.XSHE,创业板指,9204.0,1879.252,1849.379,17296635.408
2017-09-15,399006.XSHE,创业板指,9204.0,1875.635,1849.379,17263344.54
2017-09-18,399006.XSHE,创业板指,9204.0,1894.802,1849.379,17439757.608
2017-09-19,399006.XSHE,创业板指,9204.0,1880.296,1849.379,17306244.384
2017-09-20,399006.XSHE,创业板指,9204.0,1892.669,1849.379,17420125.476
2017-09-21,399006.XSHE,创业板指,9204.0,1872.77,1849.379,17236975.08
2017-09-22,399006.XSHE,创业板指,9204.0,1866.425,1849.379,17178575.7
2017-09-25,399006.XSHE,创业板指,9204.0,1843.621,1849.379,16968687.684
2017-09-26,399006.XSHE,创业板指,9204.0,1839.455,1849.379,16930343.82
2017-09-27,399006.XSHE,创业板指,9204.0,1854.943,1849.379,17072895.372
2017-09-28,399006.XSHE,创业板指,9204.0,1854.734,1849.379,17070971.736
2017-09-29,399006.XSHE,创业板指,9204.0,1866.982,1849.379,17183702.328
2017-10-09,399006.XSHE,创业板指,9204.0,1889.838,1849.379,17394068.952
2017-10-10,399006.XSHE,创业板指,9204.0,1917.458,1849.379,17648283.432
2017-10-11,399006.XSHE,创业板指,9204.0,1901.551,1849.379,17501875.404
2017-10-12,399006.XSHE,创业板指,9204.0,1899.986,1849.379,17487471.144
2017-10-13,399006.XSHE,创业板指,9204.0,1926.074,1849.379,17727585.096
2017-10-16,399006.XSHE,创业板指,9204.0,1882.686,1849.379,17328241.944
2017-10-17,399006.XSHE,创业板指,9204.0,1876.991,1849.379,17275825.164
2017-10-18,399006.XSHE,创业板指,9204.0,1868.159,1849.379,17194535.436
2017-10-19,399006.XSHE,创业板指,9204.0,1862.611,1849.379,17143471.644
2017-10-20,399006.XSHE,创业板指,9204.0,1880.214,1849.379,17305489.656
2017-10-23,399006.XSHE,创业板指,9204.0,1898.759,1849.379,17476177.836
2017-10-24,399006.XSHE,创业板指,9204.0,1901.693,1849.379,17503182.372
2017-10-25,399006.XSHE,创业板指,9204.0,1913.264,1849.379,17609681.856
2017-10-26,399006.XSHE,创业板指,9204.0,1910.722,1849.379,17586285.288
2017-10-27,399006.XSHE,创业板指,9204.0,1896.224,1849.379,17452845.696
2017-10-30,399006.XSHE,创业板指,9204.0,1855.986,1849.379,17082495.144
2017-10-31,000903.XSHG,中证100,4304.0,3997.0,3997.0,17203089.291
2017-11-01,000903.XSHG,中证100,4304.0,3985.915,3997.0,17155379.451
2017-11-02,000903.XSHG,中证100,4304.0,3991.882,3997.0,17181058.406
2017-11-03,000903.XSHG,中证100,4304.0,3993.88,3997.0,17189659.52
2017-11-06,000903.XSHG,中证100,4304.0,4012.011,3997.0,17267697.066
2017-11-07,000903.XSHG,中证100,4304.0,4047.516,3997.0,17420509.294
2017-11-08,000903.XSHG,中证100,4304.0,4036.016,3997.0,17371014.155
2017-11-09,000903.XSHG,中证100,4304.0,4063.591,3997.0,17489695.234
2017-11-10,000903.XSHG,中证100,4304.0,4102.246,3997.0,17656067.214
2017-11-13,000903.XSHG,中证100,4304.0,4113.152,3997.0,17703005.347
2017-11-14,000903.XSHG,中证100,4304.0,4087.521,3997.0,17592689.523
2017-11-15,000903.XSHG,中证100,4304.0,4074.76,3997.0,17537767.901
2017-11-16,000903.XSHG,中证100,4304.0,4114.422,3997.0,17708474.44
2017-11-17,000903.XSHG,中证100,4304.0,4167.02,3997.0,17934852.358
2017-11-20,000903.XSHG,中证100,4304.0,4186.332,3997.0,18017974.219
2017-11-21,000903.XSHG,中证100,4304.0,4273.759,3997.0,18394257.014
2017-11-22,000903.XSHG,中证100,4304.0,4292.392,3997.0,18474457.32
2017-11-23,000903.XSHG,中证100,4304.0,4166.019,3997.0,17930543.624
2017-11-24,000903.XSHG,中证100,4304.0,4168.585,3997.0,17941590.27
2017-11-27,000903.XSHG,中证100,4304.0,4117.389,3997.0,17721242.686
2017-11-28,000903.XSHG,中证100,4304.0,4105.349,3997.0,17669421.235
2017-11-29,000903.XSHG,中证100,4304.0,4102.984,3997.0,17659244.427
2017-11-30,000903.XSHG,中证100,4304.0,4054.774,3997.0,17451749.018
2017-12-01,000903.XSHG,中证100,4304.0,4030.525,3997.0,17347380.461
2017-12-04,000903.XSHG,中证100,4304.0,4063.188,3997.0,17487962.443
2017-12-05,000903.XSHG,中证100,4304.0,4114.479,3997.0,17708715.464
2017-12-06,000903.XSHG,中证100,4304.0,4071.287,3997.0,17522817.957
2017-12-07,000903.XSHG,中证100,4304.0,4018.698,3997.0,17296474.47
2017-12-08,000903.XSHG,中证100,4304.0,4050.912,3997.0,17435126.97
2017-12-11,000903.XSHG,中证100,4304.0,4119.848,3997.0,17731824.501
2017-12-12,000903.XSHG,中证100,4304.0,4059.324,3997.0,17471332.218
2017-12-13,000903.XSHG,中证100,4304.0,4098.143,3997.0,17638408.333
2017-12-14,000903.XSHG,中证100,4304.0,4073.764,3997.0,17533481.117
2017-12-15,000903.XSHG,中证100,4304.0,4020.942,3997.0,17306133.938
2017-12-18,000903.XSHG,中证100,4304.0,4032.462,3997.0,17355716.878
2017-12-19,000903.XSHG,中证100,4304.0,4090.117,3997.0,17603863.138
2017-12-20,000903.XSHG,中证100,4304.0,4095.832,3997.0,17628459.206
2017-12-21,000903.XSHG,中证100,4304.0,4134.635,3997.0,17795470.762
2017-12-22,000903.XSHG,中证100,4304.0,4118.875,3997.0,17727637.139
2017-12-25,000903.XSHG,中证100,4304.0,4113.161,3997.0,17703046.666
2017-12-26,000903.XSHG,中证100,4304.0,4122.964,3997.0,17745235.765
2017-12-27,000903.XSHG,中证100,4304.0,4044.972,3997.0,17409559.058
2017-12-28,000903.XSHG,中证100,4304.0,4077.885,3997.0,17551216.61
2017-12-29,000903.XSHG,中证100,4304.0,4081.247,3997.0,17565689.24
2018-01-02,000903.XSHG,中证100,4304.0,4147.729,3997.0,17851824.325
2018-01-03,000903.XSHG,中证100,4304.0,4157.572,3997.0,17894189.888
2018-01-04,000903.XSHG,中证100,4304.0,4180.517,3997.0,17992946.459
2018-01-05,000903.XSHG,中证100,4304.0,4198.476,3997.0,18070241.995
2018-01-08,000903.XSHG,中证100,4304.0,4221.683,3997.0,18170124.062
2018-01-09,000903.XSHG,中证100,4304.0,4263.804,3997.0,18351410.694
2018-01-10,000903.XSHG,中证100,4304.0,4303.638,3997.0,18522858.813
2018-01-11,000903.XSHG,中证100,4304.0,4297.024,3997.0,18494390.866
2018-01-12,000903.XSHG,中证100,4304.0,4334.226,3997.0,18654508.704
2018-01-15,000903.XSHG,中证100,4304.0,4369.909,3997.0,18808087.906
2018-01-16,000903.XSHG,中证100,4304.0,4400.944,3997.0,18941664.267
2018-01-17,000903.XSHG,中证100,4304.0,4393.926,3997.0,18911459.226
2018-01-18,000903.XSHG,中证100,4304.0,4424.488,3997.0,19042995.491
2018-01-19,000903.XSHG,中证100,4304.0,4436.89,3997.0,19096374.99
2018-01-22,000903.XSHG,中证100,4304.0,4491.643,3997.0,19332031.042
2018-01-23,000903.XSHG,中证100,4304.0,4548.329,3997.0,19576007.155
2018-01-24,000903.XSHG,中证100,4304.0,4546.385,3997.0,19567642.331
2018-01-25,000903.XSHG,中证100,4304.0,4516.454,3997.0,19438818.446
2018-01-26,000903.XSHG,中证100,4304.0,4540.852,3997.0,19543829.16
2018-01-29,000903.XSHG,中证100,4304.0,4448.916,3997.0,19148133.603
2018-01-30,000903.XSHG,中证100,4304.0,4390.174,3997.0,18895307.605
2018-01-31,000903.XSHG,中证100,4304.0,4441.547,3997.0,19116418.288
2018-02-01,000903.XSHG,中证100,4304.0,4444.412,3997.0,19128750.539
2018-02-02,000903.XSHG,中证100,4304.0,4463.058,3997.0,19209002.062
2018-02-05,000903.XSHG,中证100,4304.0,4476.912,3997.0,19268630.109
2018-02-06,000903.XSHG,中证100,4304.0,4367.134,3997.0,18796143.014
2018-02-07,000903.XSHG,中证100,4304.0,4239.9,3997.0,18248531.752
2018-02-08,000903.XSHG,中证100,4304.0,4171.933,3997.0,17955997.91
2018-02-09,000903.XSHG,中证100,4304.0,3989.358,3997.0,17170198.554
2018-02-12,000903.XSHG,中证100,4304.0,4021.286,3997.0,17307615.374
2018-02-13,000903.XSHG,中证100,4304.0,4079.643,3997.0,17558783.042
2018-02-14,000903.XSHG,中证100,4304.0,4115.389,3997.0,17712633.395
2018-02-22,000903.XSHG,中证100,4304.0,4202.265,3997.0,18086546.838
2018-02-23,000903.XSHG,中证100,4304.0,4228.19,3997.0,18198129.33
2018-02-26,000903.XSHG,中证100,4304.0,4263.699,3997.0,18350962.648
2018-02-27,000903.XSHG,中证100,4304.0,4186.868,3997.0,18020280.302
2018-03-15,399006.XSHE,创业板指,9617.0,1848.71,1848.71,17779048.878
2018-03-16,399006.XSHE,创业板指,9617.0,1821.322,1848.71,17515656.559
2018-03-19,399006.XSHE,创业板指,9617.0,1842.92,1848.71,17723360.678
2018-03-20,399006.XSHE,创业板指,9617.0,1864.62,1848.71,17932054.387
2018-03-21,399006.XSHE,创业板指,9617.0,1829.913,1848.71,17598272.359
2018-03-22,399006.XSHE,创业板指,9617.0,1817.228,1848.71,17476280.714
2018-03-23,399006.XSHE,创业板指,9617.0,1726.021,1848.71,16599142.995
2018-03-26,399006.XSHE,创业板指,9617.0,1780.609,1848.71,17124119.638
2018-03-27,399006.XSHE,创业板指,9617.0,1844.693,1848.71,17740411.619
2018-03-28,399006.XSHE,创业板指,9617.0,1835.154,1848.71,17648675.056
2018-03-29,399006.XSHE,创业板指,9617.0,1842.187,1848.71,17716314.302
2018-03-30,399006.XSHE,创业板指,9617.0,1900.482,1848.71,18276932.509
2018-04-02,399006.XSHE,创业板指,9617.0,1900.255,1848.71,18274748.488
2018-04-03,399006.XSHE,创业板指,9617.0,1872.47,1848.71,18007544.952
2018-04-04,399006.XSHE,创业板指,9617.0,1836.813,1848.71,17664627.736
2018-04-09,399006.XSHE,创业板指,9617.0,1841.653,1848.71,17711177.863
2018-04-10,399006.XSHE,创业板指,9617.0,1835.52,1848.71,17652196.802
2018-04-11,399006.XSHE,创业板指,9617.0,1834.626,1848.71,17643594.395
2018-04-12,399006.XSHE,创业板指,9617.0,1826.89,1848.71,17569198.245
2018-04-13,399006.XSHE,创业板指,9617.0,1824.594,1848.71,17547123.383
2018-04-16,399006.XSHE,创业板指,9617.0,1838.709,1848.71,17682862.53
2018-04-17,399006.XSHE,创业板指,9617.0,1783.741,1848.71,17154234.312
2018-04-18,399006.XSHE,创业板指,9617.0,1822.264,1848.71,17524716.735
2018-04-19,399006.XSHE,创业板指,9617.0,1820.281,1848.71,17505640.454
2018-04-20,399006.XSHE,创业板指,9617.0,1782.809,1848.71,17145269.345
2018-04-23,399006.XSHE,创业板指,9617.0,1753.048,1848.71,16859058.769
2018-04-24,399006.XSHE,创业板指,9617.0,1806.861,1848.71,17376581.275
2018-04-25,399006.XSHE,创业板指,9617.0,1819.406,1848.71,17497231.349
2018-04-26,399006.XSHE,创业板指,9617.0,1781.276,1848.71,17130532.254
2018-04-27,399006.XSHE,创业板指,9617.0,1805.596,1848.71,17364414.809
2018-05-02,399006.XSHE,创业板指,9617.0,1801.571,1848.71,17325706.384
2018-05-03,399006.XSHE,创业板指,9617.0,1826.791,1848.71,17568250.97
2018-05-04,399006.XSHE,创业板指,9617.0,1814.855,1848.71,17453459.573
2018-05-07,399006.XSHE,创业板指,9617.0,1852.336,1848.71,17813914.35
2018-05-08,399006.XSHE,创业板指,9617.0,1856.868,1848.71,17857499.556
2018-05-09,399006.XSHE,创业板指,9617.0,1855.809,1848.71,17847311.306
2018-05-10,399006.XSHE,创业板指,9617.0,1865.359,1848.71,17939155.58
2018-05-11,399006.XSHE,创业板指,9617.0,1834.78,1848.71,17645076.375
2018-05-14,399006.XSHE,创业板指,9617.0,1830.98,1848.71,17608538.507
2018-06-15,000903.XSHG,中证100,4612.0,3872.599,3872.599,17860424.282
2018-06-19,000903.XSHG,中证100,4612.0,3761.531,3872.599,17348182.817
2018-06-20,000903.XSHG,中证100,4612.0,3768.494,3872.599,17380293.406
2018-06-21,000903.XSHG,中证100,4612.0,3735.292,3872.599,17227164.859
2018-06-22,000903.XSHG,中证100,4612.0,3737.845,3872.599,17238940.218
2018-06-25,000903.XSHG,中证100,4612.0,3678.623,3872.599,16965807.431
2018-06-26,000903.XSHG,中证100,4612.0,3639.322,3872.599,16784551.68
2018-06-27,000903.XSHG,中证100,4612.0,3555.036,3872.599,16395827.877
2018-06-28,000903.XSHG,中证100,4612.0,3515.748,3872.599,16214631.16
2018-06-29,000903.XSHG,中证100,4612.0,3600.849,3872.599,16607115.127
2018-07-02,000903.XSHG,中证100,4612.0,3478.567,3872.599,16043150.082
2018-07-03,000903.XSHG,中证100,4612.0,3473.822,3872.599,16021268.448
2018-07-04,000903.XSHG,中证100,4612.0,3435.607,3872.599,15845021.329
2018-07-05,000903.XSHG,中证100,4612.0,3435.919,3872.599,15846459.35
2018-07-06,000903.XSHG,中证100,4612.0,3468.792,3872.599,15998068.243
2018-07-09,000903.XSHG,中证100,4612.0,3568.303,3872.599,16457014.82
2018-07-10,000903.XSHG,中证100,4612.0,3567.502,3872.599,16453319.224
2018-07-11,000903.XSHG,中证100,4612.0,3506.75,3872.599,16173132.845
2018-07-12,000903.XSHG,中证100,4612.0,3573.663,3872.599,16481732.372
2018-07-13,000903.XSHG,中证100,4612.0,3581.646,3872.599,16518551.813
2018-07-16,000903.XSHG,中证100,4612.0,3551.665,3872.599,16380277.135
2018-07-17,000903.XSHG,中证100,4612.0,3524.967,3872.599,16257149.649
2018-07-18,000903.XSHG,中证100,4612.0,3507.345,3872.599,16175874.679
2018-07-19,000903.XSHG,中证100,4612.0,3516.793,3872.599,16219448.394
2018-07-20,000903.XSHG,中证100,4612.0,3594.448,3872.599,16577593.715
2018-07-23,000903.XSHG,中证100,4612.0,3628.875,3872.599,16736370.116
2018-07-24,000903.XSHG,中证100,4612.0,3684.639,3872.599,16993553.684
2018-07-25,000903.XSHG,中证100,4612.0,3678.796,3872.599,16966606.23
2018-07-26,000903.XSHG,中证100,4612.0,3635.832,3872.599,16768455.8
2018-07-27,000903.XSHG,中证100,4612.0,3625.75,3872.599,16721957.616
2018-07-30,000903.XSHG,中证100,4612.0,3634.685,3872.599,16763166.298
2018-11-30,399006.XSHE,创业板指,12618.0,1329.389,1329.389,16774224.093
2018-12-03,399006.XSHE,创业板指,12618.0,1372.794,1329.389,17321913.43
2018-12-04,399006.XSHE,创业板指,12618.0,1378.754,1329.389,17397111.663
2018-12-05,399006.XSHE,创业板指,12618.0,1381.767,1329.389,17435133.482
2018-12-06,399006.XSHE,创业板指,12618.0,1345.761,1329.389,16980809.774
2018-12-07,399006.XSHE,创业板指,12618.0,1341.019,1329.389,16920973.957
2018-12-10,399006.XSHE,创业板指,12618.0,1326.848,1329.389,16742165.54
2018-12-11,399006.XSHE,创业板指,12618.0,1338.079,1329.389,16883878.298
2018-12-12,399006.XSHE,创业板指,12618.0,1338.731,1329.389,16892103.973
2018-12-13,399006.XSHE,创业板指,12618.0,1348.504,1329.389,17015422.21
2018-12-14,399006.XSHE,创业板指,12618.0,1310.458,1329.389,16535353.997
2018-12-17,399006.XSHE,创业板指,12618.0,1299.175,1329.389,16392986.365
2018-12-18,399006.XSHE,创业板指,12618.0,1293.335,1329.389,16319302.292
2018-12-19,399006.XSHE,创业板指,12618.0,1268.814,1329.389,16009893.79
2018-12-20,399006.XSHE,创业板指,12618.0,1278.157,1329.389,16127788.811
2018-12-21,399006.XSHE,创业板指,12618.0,1270.304,1329.389,16028699.657
2018-12-24,399006.XSHE,创业板指,12618.0,1284.332,1329.389,16205703.7
2018-12-25,399006.XSHE,创业板指,12618.0,1273.447,1329.389,16068358.031
2018-12-26,399006.XSHE,创业板指,12618.0,1264.07,1329.389,15950037.784
2018-12-27,399006.XSHE,创业板指,12618.0,1248.076,1329.389,15748229.277
2018-12-28,399006.XSHE,创业板指,12618.0,1250.525,1329.389,15779129.497
2019-01-02,399006.XSHE,创业板指,12618.0,1228.767,1329.389,15504579.482
2019-01-03,399006.XSHE,创业板指,12618.0,1214.497,1329.389,15324521.884
2019-01-04,399006.XSHE,创业板指,12618.0,1245.157,1329.389,15711387.241
2019-01-07,399006.XSHE,创业板指,12618.0,1268.058,1329.389,16000359.629
2019-01-08,399006.XSHE,创业板指,12618.0,1263.51,1329.389,15942971.704
2019-01-09,399006.XSHE,创业板指,12618.0,1262.517,1329.389,15930435.721
2019-01-10,399006.XSHE,创业板指,12618.0,1258.989,1329.389,15885918.155
2019-01-11,399006.XSHE,创业板指,12618.0,1261.56,1329.389,15918367.865
2019-01-14,399006.XSHE,创业板指,12618.0,1245.999,1329.389,15722020.429
2019-02-15,000903.XSHG,中证100,4523.0,3531.437,3531.437,15972688.646
2019-02-18,000903.XSHG,中证100,4523.0,3633.119,3531.437,16432596.332
2019-02-19,000903.XSHG,中证100,4523.0,3629.9,3531.437,16418038.605
2019-02-20,000903.XSHG,中证100,4523.0,3646.347,3531.437,16492426.576
2019-02-21,000903.XSHG,中证100,4523.0,3632.774,3531.437,16431035.897
2019-02-22,000903.XSHG,中证100,4523.0,3704.306,3531.437,16754574.229
2019-02-25,000903.XSHG,中证100,4523.0,3931.506,3531.437,17782202.543
2019-02-26,000903.XSHG,中证100,4523.0,3863.428,3531.437,17474285.749
2019-02-27,000903.XSHG,中证100,4523.0,3870.753,3531.437,17507415.367
2019-02-28,399006.XSHE,创业板指,11374.0,1535.68,1535.68,17466828.87
2019-03-01,399006.XSHE,创业板指,11374.0,1567.873,1535.68,17832988.639
2019-03-04,399006.XSHE,创业板指,11374.0,1619.71,1535.68,18422580.403
2019-03-05,399006.XSHE,创业板指,11374.0,1676.566,1535.68,19069260.547
2019-03-06,399006.XSHE,创业板指,11374.0,1700.496,1535.68,19341446.054
2019-03-07,399006.XSHE,创业板指,11374.0,1692.416,1535.68,19249542.996
2019-03-08,399006.XSHE,创业板指,11374.0,1654.485,1535.68,18818115.802
2019-03-11,399006.XSHE,创业板指,11374.0,1727.801,1535.68,19652013.124
2019-03-12,399006.XSHE,创业板指,11374.0,1773.432,1535.68,20171021.255
2019-03-13,399006.XSHE,创业板指,11374.0,1693.86,1535.68,19265968.19
2019-03-14,399006.XSHE,创业板指,11374.0,1650.186,1535.68,18769217.839
2019-03-15,399006.XSHE,创业板指,11374.0,1662.623,1535.68,18910672.865
2019-03-18,399006.XSHE,创业板指,11374.0,1707.056,1535.68,19416054.944
2019-03-19,399006.XSHE,创业板指,11374.0,1708.874,1535.68,19436736.288
2019-03-20,399006.XSHE,创业板指,11374.0,1687.9,1535.68,19198174.6
2019-03-21,399006.XSHE,创业板指,11374.0,1703.854,1535.68,19379641.083
2019-03-22,399006.XSHE,创业板指,11374.0,1693.865,1535.68,19266025.06
2019-03-25,399006.XSHE,创业板指,11374.0,1668.841,1535.68,18981400.946
2019-03-26,399006.XSHE,创业板指,11374.0,1630.19,1535.68,18541784.472
2019-03-27,399006.XSHE,创业板指,11374.0,1637.773,1535.68,18628027.827
2019-03-28,399006.XSHE,创业板指,11374.0,1626.819,1535.68,18503435.894
2019-03-29,399006.XSHE,创业板指,11374.0,1693.547,1535.68,19262409.265
2019-04-01,399006.XSHE,创业板指,11374.0,1760.892,1535.68,20028385.608
2019-04-02,399006.XSHE,创业板指,11374.0,1754.157,1535.68,19951776.031
2019-04-03,399006.XSHE,创业板指,11374.0,1768.178,1535.68,20111257.709
2019-04-04,399006.XSHE,创业板指,11374.0,1777.263,1535.68,20214587.087
2019-04-08,399006.XSHE,创业板指,11374.0,1739.655,1535.68,19786837.107
2019-04-09,399006.XSHE,创业板指,11374.0,1741.171,1535.68,19804074.404
2019-04-10,399006.XSHE,创业板指,11374.0,1726.636,1535.68,19638762.414
2019-04-11,399006.XSHE,创业板指,11374.0,1691.104,1535.68,19234619.171
2019-04-12,399006.XSHE,创业板指,11374.0,1695.729,1535.68,19287226.196
2019-04-15,399006.XSHE,创业板指,11374.0,1666.897,1535.68,18959287.615
2019-04-16,399006.XSHE,创业板指,11374.0,1697.529,1535.68,19307691.434
2019-04-17,399006.XSHE,创业板指,11374.0,1717.437,1535.68,19534131.85
2019-04-18,399006.XSHE,创业板指,11374.0,1704.547,1535.68,19387515.303
2019-04-19,399006.XSHE,创业板指,11374.0,1715.795,1535.68,19515454.605
2019-04-22,399006.XSHE,创业板指,11374.0,1697.512,1535.68,19307502.625
2019-04-23,399006.XSHE,创业板指,11374.0,1683.8,1535.68,19151541.2
2019-04-24,399006.XSHE,创业板指,11374.0,1718.846,1535.68,19550155.541
2019-04-25,399006.XSHE,创业板指,11374.0,1669.978,1535.68,18994326.36
2019-04-26,399006.XSHE,创业板指,11374.0,1657.824,1535.68,18856093.588
2019-04-29,399006.XSHE,创业板指,11374.0,1615.616,1535.68,18376020.934
2019-04-30,000903.XSHG,中证100,4444.0,4154.38,4154.38,18462062.498
2019-05-06,000903.XSHG,中证100,4444.0,3927.169,4154.38,17452339.48
2019-05-07,000903.XSHG,中证100,4444.0,3957.326,4154.38,17586356.744
2019-05-08,000903.XSHG,中证100,4444.0,3895.584,4154.38,17311976.185
2019-05-09,000903.XSHG,中证100,4444.0,3813.278,4154.38,16946205.654
2019-05-10,000903.XSHG,中证100,4444.0,3953.0,4154.38,17567133.333
2019-05-13,000903.XSHG,中证100,4444.0,3886.634,4154.38,17272201.052
2019-05-14,000903.XSHG,中证100,4444.0,3862.439,4154.38,17164679.805
2019-07-15,000903.XSHG,中证100,4281.0,4102.327,4102.327,17562061.887
2019-07-16,000903.XSHG,中证100,4281.0,4077.005,4102.327,17453656.693
2019-07-17,000903.XSHG,中证100,4281.0,4069.013,4102.327,17419443.369
2019-07-18,000903.XSHG,中证100,4281.0,4037.758,4102.327,17285640.714
2019-07-19,000903.XSHG,中证100,4281.0,4085.77,4102.327,17491183.082
2019-07-22,000903.XSHG,中证100,4281.0,4070.679,4102.327,17426578.083
2019-07-23,000903.XSHG,中证100,4281.0,4068.596,4102.327,17417657.764
2019-07-24,000903.XSHG,中证100,4281.0,4096.231,4102.327,17535963.627
2019-07-25,000903.XSHG,中证100,4281.0,4134.55,4102.327,17700009.834
2019-07-26,000903.XSHG,中证100,4281.0,4139.479,4102.327,17721109.599
2019-07-29,000903.XSHG,中证100,4281.0,4135.489,4102.327,17704027.553
2019-07-30,000903.XSHG,中证100,4281.0,4152.316,4102.327,17776066.936
2019-07-31,399006.XSHE,创业板指,11200.0,1570.393,1570.393,17588406.08
2019-08-01,399006.XSHE,创业板指,11200.0,1573.866,1570.393,17627295.84
2019-08-02,399006.XSHE,创业板指,11200.0,1556.744,1570.393,17435535.04
2019-08-05,399006.XSHE,创业板指,11200.0,1531.372,1570.393,17151370.88
2019-08-06,399006.XSHE,创业板指,11200.0,1507.91,1570.393,16888597.6
2019-08-07,399006.XSHE,创业板指,11200.0,1500.251,1570.393,16802815.68
2019-08-08,399006.XSHE,创业板指,11200.0,1522.974,1570.393,17057311.04
2019-08-09,399006.XSHE,创业板指,11200.0,1507.706,1570.393,16886307.2
2019-08-12,399006.XSHE,创业板指,11200.0,1539.913,1570.393,17247028.96
2019-08-13,399006.XSHE,创业板指,11200.0,1524.357,1570.393,17072802.88
2019-08-14,399006.XSHE,创业板指,11200.0,1536.659,1570.393,17210586.4
2019-09-30,399006.XSHE,创业板指,10702.0,1627.545,1627.545,17417990.871
2019-10-08,399006.XSHE,创业板指,10702.0,1616.584,1627.545,17300684.108
2019-10-09,399006.XSHE,创业板指,10702.0,1622.415,1627.545,17363085.33
2019-10-10,399006.XSHE,创业板指,10702.0,1666.966,1627.545,17839873.343
2019-10-11,399006.XSHE,创业板指,10702.0,1666.834,1627.545,17838462.819
2019-10-14,399006.XSHE,创业板指,10702.0,1679.378,1627.545,17972707.637
2019-10-15,399006.XSHE,创业板指,10702.0,1660.887,1627.545,17774812.674
2019-10-16,399006.XSHE,创业板指,10702.0,1656.372,1627.545,17726492.074
2019-10-17,399006.XSHE,创业板指,10702.0,1658.259,1627.545,17746689.958
2019-10-18,399006.XSHE,创业板指,10702.0,1648.625,1627.545,17643587.961
2019-10-21,399006.XSHE,创业板指,10702.0,1644.508,1627.545,17599521.405
2019-10-22,399006.XSHE,创业板指,10702.0,1666.869,1627.545,17838826.687
2019-10-23,399006.XSHE,创业板指,10702.0,1650.29,1627.545,17661403.58
2019-10-24,399006.XSHE,创业板指,10702.0,1653.865,1627.545,17699658.949
2019-10-25,399006.XSHE,创业板指,10702.0,1675.34,1627.545,17929490.82
2019-10-28,399006.XSHE,创业板指,10702.0,1704.417,1627.545,18240668.594
2019-10-29,399006.XSHE,创业板指,10702.0,1686.58,1627.545,18049781.3
2019-10-30,399006.XSHE,创业板指,10702.0,1684.078,1627.545,18023004.896
2019-11-15,399006.XSHE,创业板指,10677.0,1674.784,1674.784,17881666.633
2019-11-18,399006.XSHE,创业板指,10677.0,1682.492,1674.784,17963963.881
2019-11-19,399006.XSHE,创业板指,10677.0,1729.079,1674.784,18461371.145
2019-11-20,399006.XSHE,创业板指,10677.0,1719.665,1674.784,18360862.137
2019-11-21,399006.XSHE,创业板指,10677.0,1713.202,1674.784,18291860.957
2019-11-22,399006.XSHE,创业板指,10677.0,1679.803,1674.784,17935252.36
2019-11-25,399006.XSHE,创业板指,10677.0,1661.774,1674.784,17742763.133
2019-11-26,399006.XSHE,创业板指,10677.0,1679.082,1674.784,17927561.717
2019-11-27,399006.XSHE,创业板指,10677.0,1674.389,1674.784,17877449.218
2019-11-28,399006.XSHE,创业板指,10677.0,1673.795,1674.784,17871107.08
2019-11-29,399006.XSHE,创业板指,10677.0,1664.896,1674.784,17776097.795
2019-12-02,399006.XSHE,创业板指,10677.0,1669.536,1674.784,17825633.737
2019-12-03,399006.XSHE,创业板指,10677.0,1675.385,1674.784,17888087.78
2019-12-04,399006.XSHE,创业板指,10677.0,1673.779,1674.784,17870941.586
2019-12-05,399006.XSHE,创业板指,10677.0,1709.826,1674.784,18255816.473
2019-12-06,399006.XSHE,创业板指,10677.0,1726.801,1674.784,18437055.345
2019-12-09,399006.XSHE,创业板指,10677.0,1721.071,1674.784,18375871.864
2019-12-10,399006.XSHE,创业板指,10677.0,1734.022,1674.784,18514148.623
2019-12-11,399006.XSHE,创业板指,10677.0,1718.259,1674.784,18345856.681
2019-12-12,399006.XSHE,创业板指,10677.0,1720.986,1674.784,18374967.522
2019-12-13,399006.XSHE,创业板指,10677.0,1755.413,1674.784,18742546.736
2019-12-16,399006.XSHE,创业板指,10677.0,1780.333,1674.784,19008615.441
2019-12-17,399006.XSHE,创业板指,10677.0,1801.616,1674.784,19235856.167
2019-12-18,399006.XSHE,创业板指,10677.0,1792.418,1674.784,19137644.851
2019-12-19,399006.XSHE,创业板指,10677.0,1790.438,1674.784,19116501.188
2019-12-20,399006.XSHE,创业板指,10677.0,1771.707,1674.784,18916510.301
2019-12-23,399006.XSHE,创业板指,10677.0,1736.624,1674.784,18541934.448
2019-12-24,399006.XSHE,创业板指,10677.0,1769.869,1674.784,18896889.178
2019-12-25,399006.XSHE,创业板指,10677.0,1784.395,1674.784,19051982.212
2019-12-26,399006.XSHE,创业板指,10677.0,1793.635,1674.784,19150645.166
2019-12-27,399006.XSHE,创业板指,10677.0,1767.582,1674.784,18872470.879
2019-12-30,399006.XSHE,创业板指,10677.0,1790.238,1674.784,19114376.464
2019-12-31,399006.XSHE,创业板指,10677.0,1798.118,1674.784,19198506.954
2020-01-02,399006.XSHE,创业板指,10677.0,1832.742,1674.784,19568182.063
2020-01-03,399006.XSHE,创业板指,10677.0,1836.012,1674.784,19603097.989
2020-01-06,399006.XSHE,创业板指,10677.0,1859.921,1674.784,19858375.449
2020-01-07,399006.XSHE,创业板指,10677.0,1893.214,1674.784,20213846.946
2020-01-08,399006.XSHE,创业板指,10677.0,1862.699,1674.784,19888039.358
2020-01-09,399006.XSHE,创业板指,10677.0,1913.142,1674.784,20426619.269
2020-01-10,399006.XSHE,创业板指,10677.0,1904.195,1674.784,20331084.677
2020-01-13,399006.XSHE,创业板指,10677.0,1935.072,1674.784,20660759.473
2020-01-14,399006.XSHE,创业板指,10677.0,1922.557,1674.784,20527144.292
2020-01-15,399006.XSHE,创业板指,10677.0,1924.238,1674.784,20545093.397
2020-01-16,399006.XSHE,创业板指,10677.0,1929.961,1674.784,20606191.462
2020-01-17,399006.XSHE,创业板指,10677.0,1932.511,1674.784,20633415.676
2020-01-20,399006.XSHE,创业板指,10677.0,1982.176,1674.784,21163695.287
2020-01-21,399006.XSHE,创业板指,10677.0,1967.027,1674.784,21001945.144
2020-01-22,399006.XSHE,创业板指,10677.0,1993.899,1674.784,21288860.691
2020-01-23,399006.XSHE,创业板指,10677.0,1927.742,1674.784,20582499.199
2020-02-03,399006.XSHE,创业板指,10677.0,1795.774,1674.784,19173483.269
2020-02-04,399006.XSHE,创业板指,10677.0,1882.691,1674.784,20101491.807
2020-02-05,399006.XSHE,创业板指,10677.0,1939.62,1674.784,20709320.605
2020-02-06,399006.XSHE,创业板指,10677.0,2012.248,1674.784,21484777.234
2020-02-07,399006.XSHE,创业板指,10677.0,2015.799,1674.784,21522689.126
2020-02-10,399006.XSHE,创业板指,10677.0,2042.177,1674.784,21804327.032
2020-02-11,399006.XSHE,创业板指,10677.0,2028.444,1674.784,21657698.723
2020-02-12,399006.XSHE,创业板指,10677.0,2085.278,1674.784,22264513.206
2020-02-13,399006.XSHE,创业板指,10677.0,2064.596,1674.784,22043687.221
2020-02-14,399006.XSHE,创业板指,10677.0,2069.219,1674.784,22093049.128
2020-02-17,399006.XSHE,创业板指,10677.0,2146.178,1674.784,22914738.235
2020-02-18,399006.XSHE,创业板指,10677.0,2170.949,1674.784,23179225.676
2020-02-19,399006.XSHE,创业板指,10677.0,2139.437,1674.784,22842770.984
2020-02-20,399006.XSHE,创业板指,10677.0,2186.737,1674.784,23347795.22
2020-02-21,399006.XSHE,创业板指,10677.0,2226.639,1674.784,23773823.535
2020-02-24,399006.XSHE,创业板指,10677.0,2263.972,1674.784,24172424.773
2020-02-25,399006.XSHE,创业板指,10677.0,2287.312,1674.784,24421627.021
2020-02-26,399006.XSHE,创业板指,10677.0,2180.701,1674.784,23283346.712
2020-02-27,399006.XSHE,创业板指,10677.0,2196.714,1674.784,23454313.243
2020-02-28,399006.XSHE,创业板指,10677.0,2071.566,1674.784,22118115.521
2020-03-02,399006.XSHE,创业板指,10677.0,2135.415,1674.784,22799828.09
2020-03-03,399006.XSHE,创业板指,10677.0,2173.347,1674.784,23204820.581
2020-03-04,399006.XSHE,创业板指,10677.0,2169.443,1674.784,23163140.776
2020-03-05,399006.XSHE,创业板指,10677.0,2209.588,1674.784,23591774.279
2020-03-06,399006.XSHE,创业板指,10677.0,2192.936,1674.784,23413978.74
2020-03-09,399006.XSHE,创业板指,10677.0,2093.063,1674.784,22347635.786
2020-03-10,399006.XSHE,创业板指,10677.0,2148.81,1674.784,22942841.167
2020-03-11,399006.XSHE,创业板指,10677.0,2101.463,1674.784,22437325.789
2020-03-12,399006.XSHE,创业板指,10677.0,2045.926,1674.784,21844346.564
2020-03-13,399006.XSHE,创业板指,10677.0,2030.58,1674.784,21680502.66
2020-03-16,399006.XSHE,创业板指,10677.0,1910.767,1674.784,20401254.988
2020-03-17,399006.XSHE,创业板指,10677.0,1917.702,1674.784,20475303.186
2020-03-18,399006.XSHE,创业板指,10677.0,1887.042,1674.784,20147946.366
2020-03-19,399006.XSHE,创业板指,10677.0,1894.943,1674.784,20232307.479
2020-03-20,399006.XSHE,创业板指,10677.0,1915.046,1674.784,20446950.413
2020-03-23,399006.XSHE,创业板指,10677.0,1827.052,1674.784,19507436.339
2020-03-24,399006.XSHE,创业板指,10677.0,1876.91,1674.784,20039770.205
2020-03-25,399006.XSHE,创业板指,10677.0,1937.855,1674.784,20690473.564
2020-03-26,399006.XSHE,创业板指,10677.0,1927.275,1674.784,20577518.378
2020-03-27,399006.XSHE,创业板指,10677.0,1903.881,1674.784,20327737.437
2020-03-30,399006.XSHE,创业板指,10677.0,1860.485,1674.784,19864393.007
2020-04-30,399006.XSHE,创业板指,9655.0,2069.432,2069.432,19980366.926
2020-05-06,399006.XSHE,创业板指,9655.0,2110.267,2069.432,20374623.058
2020-05-07,399006.XSHE,创业板指,9655.0,2106.842,2069.432,20341557.579
2020-05-08,399006.XSHE,创业板指,9655.0,2125.243,2069.432,20519224.062
2020-05-11,399006.XSHE,创业板指,9655.0,2102.825,2069.432,20302776.341
2020-05-12,399006.XSHE,创业板指,9655.0,2124.15,2069.432,20508668.25
2020-05-13,399006.XSHE,创业板指,9655.0,2140.681,2069.432,20668274.089
2020-05-14,399006.XSHE,创业板指,9655.0,2117.647,2069.432,20445884.681
2020-05-15,399006.XSHE,创业板指,9655.0,2124.311,2069.432,20510219.808
2020-05-18,399006.XSHE,创业板指,9655.0,2114.858,2069.432,20418955.921
2020-05-19,399006.XSHE,创业板指,9655.0,2144.121,2069.432,20701485.359
2020-05-20,399006.XSHE,创业板指,9655.0,2118.119,2069.432,20450440.876
2020-05-21,399006.XSHE,创业板指,9655.0,2099.432,2069.432,20270013.064
2020-05-22,399006.XSHE,创业板指,9655.0,2046.596,2069.432,19759880.518
2020-05-25,399006.XSHE,创业板指,9655.0,2052.302,2069.432,19814977.741
2020-05-26,399006.XSHE,创业板指,9655.0,2112.973,2069.432,20400757.212
2020-05-27,399006.XSHE,创业板指,9655.0,2071.474,2069.432,20000076.643
2020-05-28,399006.XSHE,创业板指,9655.0,2054.964,2069.432,19840677.42
2020-05-29,399006.XSHE,创业板指,9655.0,2086.666,2069.432,20146758.299
2020-06-01,399006.XSHE,创业板指,9655.0,2158.223,2069.432,20837644.031
2020-06-02,399006.XSHE,创业板指,9655.0,2145.286,2069.432,20712733.433
2020-06-03,399006.XSHE,创业板指,9655.0,2143.117,2069.432,20691793.67
2020-06-04,399006.XSHE,创业板指,9655.0,2151.385,2069.432,20771621.209
2020-06-05,399006.XSHE,创业板指,9655.0,2166.375,2069.432,20916351.591
2020-06-08,399006.XSHE,创业板指,9655.0,2153.564,2069.432,20792662.351
2020-06-09,399006.XSHE,创业板指,9655.0,2181.589,2069.432,21063238.898
2020-06-10,399006.XSHE,创业板指,9655.0,2201.988,2069.432,21260196.071
2020-06-11,399006.XSHE,创业板指,9655.0,2195.638,2069.432,21198881.028
2020-06-12,399006.XSHE,创业板指,9655.0,2206.764,2069.432,21306307.385
2020-06-15,399006.XSHE,创业板指,9655.0,2219.55,2069.432,21429750.422
2020-06-16,399006.XSHE,创业板指,9655.0,2260.457,2069.432,21824717.163
2020-06-17,399006.XSHE,创业板指,9655.0,2263.961,2069.432,21858539.593
2020-06-18,399006.XSHE,创业板指,9655.0,2266.032,2069.432,21878537.995
2020-06-19,399006.XSHE,创业板指,9655.0,2319.449,2069.432,22394283.957
2020-06-22,399006.XSHE,创业板指,9655.0,2342.88,2069.432,22620510.262
2020-06-23,399006.XSHE,创业板指,9655.0,2382.047,2069.432,22998666.682
2020-06-24,399006.XSHE,创业板指,9655.0,2382.473,2069.432,23002780.677
2020-06-29,399006.XSHE,创业板指,9655.0,2372.536,2069.432,22906837.977
2020-06-30,399006.XSHE,创业板指,9655.0,2438.197,2069.432,23540789.139
2020-07-01,399006.XSHE,创业板指,9655.0,2419.629,2069.432,23361521.857
2020-07-02,399006.XSHE,创业板指,9655.0,2424.393,2069.432,23407518.277
2020-07-03,399006.XSHE,创业板指,9655.0,2462.562,2069.432,23776039.972
2020-07-06,399006.XSHE,创业板指,9655.0,2529.487,2069.432,24422196.985
2020-07-07,399006.XSHE,创业板指,9655.0,2591.263,2069.432,25018648.127
2020-07-08,399006.XSHE,创业板指,9655.0,2651.969,2069.432,25604764.557
2020-07-09,399006.XSHE,创业板指,9655.0,2757.653,2069.432,26625143.577
2020-07-10,399006.XSHE,创业板指,9655.0,2778.457,2069.432,26825999.439
2020-07-13,399006.XSHE,创业板指,9655.0,2889.427,2069.432,27897412.858
2020-07-14,399006.XSHE,创业板指,9655.0,2858.672,2069.432,27600477.194
2020-07-15,399006.XSHE,创业板指,9655.0,2813.061,2069.432,27160101.058
2020-07-16,399006.XSHE,创业板指,9655.0,2646.26,2069.432,25549644.162
2020-07-17,399006.XSHE,创业板指,9655.0,2662.402,2069.432,25705495.172
2020-07-20,399006.XSHE,创业板指,9655.0,2697.301,2069.432,26042437.293
2020-07-21,399006.XSHE,创业板指,9655.0,2736.512,2069.432,26421021.429
2020-07-22,399006.XSHE,创业板指,9655.0,2769.028,2069.432,26734965.34
2020-07-23,399006.XSHE,创业板指,9655.0,2799.673,2069.432,27030847.642
2020-07-24,399006.XSHE,创业板指,9655.0,2627.843,2069.432,25371820.303
2020-07-27,399006.XSHE,创业板指,9655.0,2631.762,2069.432,25409661.144
2020-07-28,399006.XSHE,创业板指,9655.0,2666.521,2069.432,25745263.151
2020-07-29,399006.XSHE,创业板指,9655.0,2767.402,2069.432,26719264.379
2020-07-30,399006.XSHE,创业板指,9655.0,2743.634,2069.432,26489782.408
2020-07-31,399006.XSHE,创业板指,9655.0,2795.4,2069.432,26989585.069
2020-08-03,399006.XSHE,创业板指,9655.0,2868.882,2069.432,27699056.675
2020-08-04,399006.XSHE,创业板指,9655.0,2832.845,2069.432,27351115.579
2020-08-05,399006.XSHE,创业板指,9655.0,2860.242,2069.432,27615631.683
2020-08-06,399006.XSHE,创业板指,9655.0,2814.374,2069.432,27172778.073
2020-08-07,399006.XSHE,创业板指,9655.0,2749.953,2069.432,26550799.112
2020-08-10,399006.XSHE,创业板指,9655.0,2735.256,2069.432,26408897.646
2020-08-11,399006.XSHE,创业板指,9655.0,2688.7,2069.432,25959402.362
2020-08-12,399006.XSHE,创业板指,9655.0,2635.502,2069.432,25445773.741
2020-08-13,399006.XSHE,创业板指,9655.0,2622.64,2069.432,25321594.027
2020-08-14,399006.XSHE,创业板指,9655.0,2668.712,2069.432,25766418.222
2020-08-17,399006.XSHE,创业板指,9655.0,2696.392,2069.432,26033668.622
2020-08-18,399006.XSHE,创业板指,9655.0,2701.061,2069.432,26078740.093
2020-08-19,399006.XSHE,创业板指,9655.0,2612.835,2069.432,25226925.787
2020-08-20,399006.XSHE,创业板指,9655.0,2587.861,2069.432,24985801.817
2020-08-21,399006.XSHE,创业板指,9655.0,2632.452,2069.432,25416324.06
2020-08-24,399006.XSHE,创业板指,9655.0,2684.629,2069.432,25920095.891
2020-08-25,399006.XSHE,创业板指,9655.0,2701.604,2069.432,26083988.551
2020-08-26,399006.XSHE,创业板指,9655.0,2644.144,2069.432,25529210.32
2020-08-27,399006.XSHE,创业板指,9655.0,2689.171,2069.432,25963941.178
2020-08-28,399006.XSHE,创业板指,9655.0,2757.839,2069.432,26626932.648
2020-08-31,000903.XSHG,中证100,5458.0,4824.199,4824.199,26330478.142
2020-09-01,000903.XSHG,中证100,5458.0,4841.912,4824.199,26427155.15
2020-09-02,000903.XSHG,中证100,5458.0,4842.347,4824.199,26429528.289
2020-09-03,000903.XSHG,中证100,5458.0,4822.557,4824.199,26321516.106
2020-09-04,000903.XSHG,中证100,5458.0,4769.722,4824.199,26033144.859
2020-09-07,000903.XSHG,中证100,5458.0,4688.849,4824.199,25591738.388
2020-09-08,000903.XSHG,中证100,5458.0,4724.049,4824.199,25783857.805
2020-09-09,000903.XSHG,中证100,5458.0,4634.441,4824.199,25294776.795
2020-09-10,000903.XSHG,中证100,5458.0,4647.013,4824.199,25363399.137
2020-09-11,000903.XSHG,中证100,5458.0,4673.309,4824.199,25506919.43
2020-09-14,000903.XSHG,中证100,5458.0,4702.78,4824.199,25667774.877
2020-10-15,399006.XSHE,创业板指,9447.0,2737.963,2737.963,25865534.572
2020-10-16,399006.XSHE,创业板指,9447.0,2724.497,2737.963,25738319.38
2020-10-19,399006.XSHE,创业板指,9447.0,2689.669,2737.963,25409303.043
2020-10-20,399006.XSHE,创业板指,9447.0,2740.583,2737.963,25890287.601
2020-10-21,399006.XSHE,创业板指,9447.0,2700.533,2737.963,25511932.417
2020-10-22,399006.XSHE,创业板指,9447.0,2673.585,2737.963,25257357.495
2020-10-23,399006.XSHE,创业板指,9447.0,2600.843,2737.963,24570160.042
2020-10-26,399006.XSHE,创业板指,9447.0,2617.743,2737.963,24729815.287
2020-10-27,399006.XSHE,创业板指,9447.0,2650.764,2737.963,25041764.674
2020-10-28,399006.XSHE,创业板指,9447.0,2670.481,2737.963,25228038.73
2020-10-29,399006.XSHE,创业板指,9447.0,2699.923,2737.963,25506171.636
2020-10-30,399006.XSHE,创业板指,9447.0,2655.865,2737.963,25089952.876
2020-11-02,399006.XSHE,创业板指,9447.0,2708.388,2737.963,25586139.547
2020-11-03,399006.XSHE,创业板指,9447.0,2744.314,2737.963,25925531.524
2020-11-04,399006.XSHE,创业板指,9447.0,2750.554,2737.963,25984479.859
2020-11-05,399006.XSHE,创业板指,9447.0,2787.878,2737.963,26337083.466
2020-11-06,399006.XSHE,创业板指,9447.0,2733.072,2737.963,25819326.461
2020-11-09,399006.XSHE,创业板指,9447.0,2813.998,2737.963,26583837.217
2020-11-10,399006.XSHE,创业板指,9447.0,2773.218,2737.963,26198586.667
2020-11-11,399006.XSHE,创业板指,9447.0,2681.524,2737.963,25332361.007
2020-11-12,399006.XSHE,创业板指,9447.0,2700.51,2737.963,25511716.081
2020-11-13,399006.XSHE,创业板指,9447.0,2706.813,2737.963,25571266.19
2020-11-16,399006.XSHE,创业板指,9447.0,2712.409,2737.963,25624124.989
2020-11-17,399006.XSHE,创业板指,9447.0,2658.092,2737.963,25110996.069
2020-11-18,399006.XSHE,创业板指,9447.0,2620.672,2737.963,24757490.273
2020-11-19,399006.XSHE,创业板指,9447.0,2645.161,2737.963,24988835.967
2020-11-20,399006.XSHE,创业板指,9447.0,2667.093,2737.963,25196022.848
2020-11-23,399006.XSHE,创业板指,9447.0,2686.358,2737.963,25378021.192
2020-11-24,399006.XSHE,创业板指,9447.0,2674.798,2737.963,25268819.54
2020-11-25,399006.XSHE,创业板指,9447.0,2615.531,2737.963,24708922.302
2020-11-26,399006.XSHE,创业板指,9447.0,2609.386,2737.963,24650871.431
2020-11-27,399006.XSHE,创业板指,9447.0,2618.991,2737.963,24741606.088
2020-11-30,000903.XSHG,中证100,4876.0,5097.337,5097.337,24854612.774
2020-12-01,000903.XSHG,中证100,4876.0,5207.926,5097.337,25393844.738
2020-12-02,000903.XSHG,中证100,4876.0,5206.775,5097.337,25388235.875
2020-12-03,000903.XSHG,中证100,4876.0,5193.534,5097.337,25323671.296
2020-12-04,000903.XSHG,中证100,4876.0,5202.048,5097.337,25365187.511
2020-12-07,000903.XSHG,中证100,4876.0,5150.547,5097.337,25114066.684
2020-12-08,000903.XSHG,中证100,4876.0,5132.537,5097.337,25026252.362
2020-12-09,000903.XSHG,中证100,4876.0,5069.906,5097.337,24720862.144
2020-12-10,000903.XSHG,中证100,4876.0,5066.949,5097.337,24706445.274
2020-12-11,000903.XSHG,中证100,4876.0,5017.748,5097.337,24466538.76
2020-12-14,000903.XSHG,中证100,4876.0,5066.582,5097.337,24704651.882
2020-12-15,000903.XSHG,中证100,4876.0,5067.21,5097.337,24707715.472
2020-12-16,000903.XSHG,中证100,4876.0,5091.907,5097.337,24828139.02
2020-12-17,000903.XSHG,中证100,4876.0,5168.357,5097.337,25200906.782
2020-12-18,000903.XSHG,中证100,4876.0,5142.88,5097.337,25076682.88
2020-12-21,000903.XSHG,中证100,4876.0,5169.922,5097.337,25208537.234
2020-12-22,000903.XSHG,中证100,4876.0,5102.028,5097.337,24877487.065
2020-12-23,000903.XSHG,中证100,4876.0,5136.342,5097.337,25044805.055
2020-12-24,000903.XSHG,中证100,4876.0,5139.46,5097.337,25060006.96
2020-12-25,000903.XSHG,中证100,4876.0,5169.61,5097.337,25207017.385
2020-12-28,000903.XSHG,中证100,4876.0,5208.673,5097.337,25397491.986
2020-12-29,000903.XSHG,中证100,4876.0,5191.028,5097.337,25311452.528
2020-12-30,000903.XSHG,中证100,4876.0,5263.933,5097.337,25666937.308
