,price,pe1,pb1,pe2,pb2,pe3,pb3,pe4,pb4
2014-06-06,5328.32,19.92,2.49,27.14,3.24,32.21,3.99,47.39,5.07
2014-06-09,5311.37,19.97,2.5,27.11,3.24,32.35,3.98,46.82,5.05
2014-06-10,5366.74,20.21,2.53,27.41,3.27,32.51,4.02,47.25,5.09
2014-06-11,5391.79,20.22,2.53,27.5,3.28,32.64,4.06,47.51,5.12
2014-06-12,5397.59,20.17,2.53,27.4,3.27,33.16,3.97,47.51,5.14
2014-06-13,5423.95,20.35,2.56,27.54,3.29,33.05,4.01,47.68,5.17
2014-06-16,5436.35,20.67,2.63,27.2,3.46,33.54,4.43,51.5,5.39
2014-06-17,5386.07,20.44,2.6,26.96,3.43,32.72,4.49,51.12,5.36
2014-06-18,5347.98,20.28,2.58,26.77,3.41,32.72,4.46,50.8,5.33
2014-06-19,5230.46,19.93,2.53,26.22,3.34,32.47,4.35,50.82,5.23
2014-06-20,5253.68,20.04,2.55,26.36,3.35,32.34,4.37,51.32,5.22
2014-06-23,5296.79,20.04,2.55,26.47,3.37,32.33,4.37,52.91,5.29
2014-06-24,5341.67,20.19,2.56,26.73,3.4,32.76,4.32,53.49,5.34
2014-06-25,5324.55,20.03,2.54,26.63,3.38,32.83,4.31,53.1,5.32
2014-06-26,5379.83,20.18,2.56,26.9,3.42,32.81,4.32,53.98,5.38
2014-06-27,5385.81,20.11,2.56,26.93,3.42,32.94,4.35,53.57,5.38
2014-06-30,5423.58,20.26,2.58,27.16,3.46,33.18,4.54,53.35,5.4
2014-07-01,5453.72,20.29,2.59,27.24,3.47,32.89,4.51,53.87,5.43
2014-07-02,5476.26,20.36,2.6,27.39,3.49,32.69,4.49,53.73,5.43
2014-07-03,5520.96,20.47,2.61,27.61,3.52,33.05,4.53,53.85,5.49
2014-07-04,5513.99,20.51,2.61,27.59,3.52,32.53,4.5,53.88,5.47
2014-07-07,5470.04,20.45,2.61,27.38,3.49,32.16,4.54,53.86,5.43
2014-07-08,5481.33,20.47,2.61,27.44,3.5,31.9,4.48,53.69,5.44
2014-07-09,5383.73,20.13,2.57,26.98,3.44,31.18,4.48,52.52,5.34
2014-07-10,5360.16,20.0,2.55,26.9,3.43,30.78,4.36,51.54,5.3
2014-07-11,5368.2,20.03,2.55,26.97,3.45,31.12,4.37,51.42,5.3
2014-07-14,5415.48,20.23,2.58,27.24,3.48,31.46,4.38,52.28,5.33
2014-07-15,5421.54,20.24,2.58,27.3,3.48,31.26,4.47,52.53,5.33
2014-07-16,5366.26,20.11,2.56,27.15,3.45,31.15,4.4,51.75,5.26
2014-07-17,5315.27,19.95,2.54,26.94,3.43,30.83,4.32,51.17,5.21
2014-07-18,5315.36,19.96,2.54,26.98,3.43,30.72,4.39,51.43,5.19
2014-07-21,5341.1,20.09,2.56,27.08,3.44,31.05,4.45,51.76,5.23
2014-07-22,5384.2,20.29,2.58,27.31,3.47,31.13,4.53,52.31,5.27
2014-07-23,5321.39,20.3,2.58,27.08,3.44,30.5,4.49,51.45,5.2
2014-07-24,5316.55,20.49,2.61,27.21,3.45,30.3,4.52,50.92,5.16
2014-07-25,5376.77,20.64,2.62,27.42,3.48,30.84,4.44,51.4,5.21
2014-07-28,5487.13,21.12,2.69,27.98,3.55,31.54,4.62,52.77,5.33
2014-07-29,5524.75,21.18,2.7,28.09,3.57,31.64,4.69,52.99,5.36
2014-07-30,5548.59,21.22,2.7,28.14,3.58,31.56,4.7,52.76,5.38
2014-07-31,5595.7,21.56,2.73,28.44,3.61,32.45,4.72,53.19,5.39
2014-08-01,5577.12,21.43,2.72,28.33,3.59,32.34,4.68,52.95,5.37
2014-08-04,5630.4,21.8,2.76,28.67,3.64,32.42,4.7,53.24,5.4
2014-08-05,5654.69,21.76,2.76,28.76,3.65,32.94,4.72,53.66,5.43
2014-08-06,5638.25,21.58,2.73,28.64,3.64,32.71,4.71,53.28,5.42
2014-08-07,5592.57,21.33,2.7,28.38,3.6,32.53,4.71,53.05,5.38
2014-08-08,5623.05,21.33,2.71,28.37,3.61,32.74,4.62,53.2,5.41
2014-08-11,5693.99,21.64,2.75,28.69,3.66,32.97,4.72,53.73,5.46
2014-08-12,5700.34,21.57,2.74,28.78,3.67,33.04,4.66,54.64,5.46
2014-08-13,5688.47,21.67,2.75,28.75,3.67,32.82,4.64,54.6,5.44
2014-08-14,5646.59,21.44,2.72,28.54,3.64,32.5,4.57,53.85,5.41
2014-08-15,5713.78,21.69,2.75,28.75,3.68,32.47,4.63,54.09,5.43
2014-08-18,5823.14,21.91,2.78,29.18,3.74,33.27,4.74,55.18,5.53
2014-08-19,5841.25,21.94,2.78,29.24,3.74,33.15,4.76,57.54,5.55
2014-08-20,5819.2,21.79,2.72,29.07,3.71,32.89,4.74,57.1,5.52
2014-08-21,5867.77,21.84,2.73,29.1,3.71,32.73,4.61,58.19,5.45
2014-08-22,5902.67,21.99,2.73,29.42,3.73,33.16,4.64,60.11,5.47
2014-08-25,5845.42,21.64,2.68,29.05,3.67,32.75,4.68,54.28,5.41
2014-08-26,5773.92,21.4,2.66,28.5,3.61,32.26,4.49,52.79,5.33
2014-08-27,5783.16,21.18,2.65,28.35,3.61,32.4,4.54,53.05,5.32
2014-08-28,5749.34,20.25,2.57,27.95,3.56,32.03,4.51,52.41,5.27
2014-08-29,5782.48,20.38,2.59,28.13,3.59,32.2,4.52,52.85,5.31
2014-09-01,5867.17,20.59,2.61,28.49,3.63,32.3,4.6,53.88,5.38
2014-09-02,5923.78,20.78,2.63,28.76,3.67,32.55,4.62,54.44,5.43
2014-09-03,5982.29,21.0,2.66,29.02,3.7,32.94,4.63,54.85,5.48
2014-09-04,6000.84,21.2,2.68,29.19,3.72,32.86,4.63,55.04,5.5
2014-09-05,6019.51,21.29,2.7,29.32,3.73,32.88,4.65,55.33,5.5
2014-09-09,6045.71,21.29,2.69,29.38,3.76,33.3,4.63,55.93,5.51
2014-09-10,6054.54,21.18,2.68,29.33,3.75,33.08,4.73,56.04,5.53
2014-09-11,6040.8,21.05,2.66,29.29,3.74,32.94,4.69,55.75,5.53
2014-09-12,6083.18,21.16,2.68,29.49,3.77,32.9,4.73,56.2,5.55
2014-09-15,6116.5,21.13,2.68,29.68,3.8,32.81,4.81,56.08,5.56
2014-09-16,5931.74,20.64,2.61,28.92,3.7,32.39,4.64,54.35,5.4
2014-09-17,5980.13,20.82,2.64,29.13,3.73,32.9,4.66,54.61,5.45
2014-09-18,6021.85,20.93,2.65,29.25,3.74,33.25,4.67,55.53,5.5
2014-09-19,6070.89,21.09,2.67,29.51,3.78,33.58,4.7,56.0,5.53
2014-09-22,5991.78,20.7,2.62,29.02,3.73,32.96,4.64,56.09,5.48
2014-09-23,6048.31,20.87,2.64,29.29,3.76,33.57,4.64,57.54,5.52
2014-09-24,6111.64,21.17,2.68,29.7,3.81,33.74,4.7,57.85,5.57
2014-09-25,6102.25,21.14,2.68,29.54,3.8,33.51,4.72,57.57,5.56
2014-09-26,6105.2,21.17,2.68,29.54,3.8,33.22,4.73,57.72,5.59
2014-09-29,6124.95,21.2,2.68,29.61,3.81,33.21,4.73,58.06,5.64
2014-09-30,6161.51,21.25,2.69,29.75,3.83,33.48,4.75,58.89,5.69
2014-10-08,6264.99,21.55,2.73,30.32,3.88,34.11,4.84,59.32,5.79
2014-10-09,6253.59,21.55,2.73,30.24,3.88,33.74,4.82,59.32,5.78
2014-10-10,6235.66,21.41,2.71,30.24,3.88,33.7,4.76,58.7,5.74
2014-10-13,6222.35,21.25,2.69,30.13,3.86,33.83,4.79,59.1,5.73
2014-10-14,6210.59,21.2,2.68,30.03,3.85,33.9,4.78,59.09,5.74
2014-10-15,6283.7,21.46,2.72,30.39,3.9,34.87,4.83,59.6,5.8
2014-10-16,6205.07,21.26,2.69,30.04,3.86,34.4,4.75,58.59,5.72
2014-10-17,6154.61,21.18,2.68,29.88,3.83,34.52,4.68,57.95,5.68
2014-10-20,6217.33,21.3,2.7,30.15,3.87,34.77,4.68,58.59,5.72
2014-10-21,6159.77,21.13,2.67,29.85,3.83,33.65,4.66,55.59,5.71
2014-10-22,6085.92,21.06,2.66,29.58,3.79,32.95,4.56,56.69,5.65
2014-10-23,6024.93,20.84,2.63,29.27,3.74,32.49,4.57,55.82,5.58
2014-10-24,6040.49,20.82,2.64,29.01,3.72,32.61,4.49,55.84,5.53
2014-10-27,6072.62,20.63,2.6,28.89,3.71,32.33,4.45,52.84,5.52
2014-10-28,6179.49,20.86,2.63,29.41,3.76,33.12,4.61,54.06,5.58
2014-10-29,6232.8,20.06,2.58,29.27,3.76,33.49,4.68,54.12,5.6
2014-10-30,6243.22,20.03,2.58,29.21,3.76,33.0,4.66,53.17,5.67
2014-10-31,6247.98,20.3,2.61,29.29,3.77,32.18,4.57,52.98,5.66
2014-11-03,6263.97,20.24,2.61,29.29,3.78,32.23,4.62,53.35,5.66
2014-11-04,6209.2,20.05,2.58,28.95,3.75,31.72,4.56,52.87,5.6
2014-11-05,6189.83,20.04,2.58,28.88,3.75,31.52,4.53,52.63,5.57
2014-11-06,6216.82,20.04,2.58,28.91,3.75,32.15,4.6,53.02,5.61
2014-11-07,6175.19,19.98,2.57,28.71,3.73,31.6,4.55,52.96,5.57
2014-11-10,6240.44,20.33,2.62,29.13,3.77,31.69,4.61,53.28,5.61
2014-11-11,6117.14,20.15,2.59,28.67,3.7,31.77,4.59,52.03,5.5
2014-11-12,6194.11,20.37,2.62,29.03,3.75,31.63,4.63,52.43,5.55
2014-11-13,6136.88,20.36,2.62,28.82,3.72,31.24,4.58,51.73,5.48
2014-11-14,6163.93,20.47,2.64,29.03,3.75,31.71,4.6,51.45,5.5
2014-11-17,6203.83,20.33,2.62,29.1,3.76,31.91,4.57,52.02,5.56
2014-11-18,6197.26,20.13,2.59,28.94,3.74,31.44,4.55,52.56,5.57
2014-11-19,6253.69,20.22,2.6,29.17,3.76,31.33,4.67,52.93,5.6
2014-11-20,6241.24,20.33,2.62,29.12,3.76,31.01,4.65,52.58,5.57
2014-11-21,6304.62,20.71,2.66,29.49,3.81,31.12,4.65,53.05,5.61
2014-11-24,6394.58,21.37,2.75,29.98,3.88,30.92,4.78,53.41,5.65
2014-11-25,6507.65,21.66,2.79,30.39,3.93,31.45,4.86,55.04,5.76
2014-11-26,6547.37,22.37,2.87,30.63,3.95,32.15,4.8,55.77,5.76
2014-11-27,6570.92,22.79,2.93,30.79,3.97,31.98,4.7,56.12,5.76
2014-11-28,6566.53,22.9,2.94,30.72,3.96,31.69,4.69,55.6,5.75
2014-12-01,6582.55,22.82,2.93,30.9,3.97,32.46,4.7,56.03,5.8
2014-12-02,6670.96,23.62,3.03,31.36,4.02,32.51,4.8,57.03,5.8
2014-12-03,6729.72,23.69,3.04,31.73,4.07,33.87,4.81,57.28,5.86
2014-12-04,6862.15,24.84,3.19,32.44,4.16,34.16,4.92,57.22,5.91
2014-12-05,6704.3,24.53,3.15,31.77,4.07,33.31,4.83,55.03,5.74
2014-12-08,6743.48,25.65,3.29,32.18,4.12,33.49,4.73,55.06,5.76
2014-12-09,6570.28,24.32,3.12,31.46,4.03,33.26,4.67,53.23,5.67
2014-12-10,6850.44,24.89,3.2,32.83,4.2,34.58,4.81,55.44,5.92
2014-12-11,6836.67,24.28,3.12,32.68,4.19,34.59,4.92,55.49,5.89
2014-12-12,6903.56,24.5,3.15,32.82,4.2,35.2,4.94,55.89,5.94
2014-12-15,6994.97,24.28,3.17,31.73,4.26,34.52,4.95,52.29,5.83
2014-12-16,6974.22,25.02,3.27,31.74,4.27,33.94,4.84,51.88,5.78
2014-12-17,6885.11,24.96,3.26,31.29,4.21,33.2,4.76,50.93,5.7
2014-12-18,6873.15,25.1,3.28,31.24,4.2,32.67,4.77,51.38,5.69
2014-12-19,6752.46,24.71,3.23,30.72,4.13,32.02,4.79,50.09,5.57
2014-12-22,6558.71,24.55,3.21,30.11,4.04,31.61,4.67,47.85,5.41
2014-12-23,6542.07,24.77,3.24,30.1,4.03,31.77,4.6,47.63,5.39
2014-12-24,6579.19,24.09,3.15,30.1,4.03,31.76,4.69,48.14,5.44
2014-12-25,6635.13,25.02,3.27,30.43,4.08,31.83,4.73,48.33,5.46
2014-12-26,6723.85,26.22,3.43,30.91,4.15,31.85,4.71,48.62,5.51
2014-12-29,6688.41,27.14,3.55,30.81,4.13,31.39,4.8,48.3,5.48
2014-12-30,6580.86,27.08,3.54,30.41,4.07,31.38,4.75,47.3,5.39
2014-12-31,6630.09,27.57,3.6,30.81,4.11,31.78,4.76,47.15,5.37
2015-01-05,6749.28,28.0,3.66,31.49,4.2,32.43,4.97,47.91,5.45
2015-01-06,6947.33,27.75,3.63,32.31,4.3,33.7,5.03,49.47,5.63
2015-01-07,6892.92,27.73,3.62,32.06,4.27,33.29,4.95,49.16,5.6
2015-01-08,6872.61,27.19,3.55,31.83,4.24,32.83,4.94,49.86,5.61
2015-01-09,6838.66,27.77,3.63,31.64,4.21,32.98,4.94,49.43,5.58
2015-01-12,6896.4,28.2,3.68,31.81,4.23,33.2,4.9,49.87,5.62
2015-01-13,6972.34,28.16,3.68,32.2,4.28,33.61,5.08,50.38,5.69
2015-01-14,6904.09,27.71,3.62,31.93,4.24,33.15,5.03,49.78,5.63
2015-01-15,6960.9,29.02,3.79,32.19,4.28,33.85,5.03,49.92,5.65
2015-01-16,7091.08,29.44,3.85,32.64,4.34,33.66,5.02,50.89,5.76
2015-01-19,6881.38,27.54,3.6,31.39,4.17,32.71,4.91,50.2,5.63
2015-01-20,7098.1,28.18,3.68,32.25,4.29,33.81,4.91,51.97,5.84
2015-01-21,7276.51,29.79,3.89,33.07,4.41,34.03,5.01,53.38,5.95
2015-01-22,7338.22,30.09,3.93,33.35,4.43,34.72,5.11,53.97,6.0
2015-01-23,7261.25,30.39,3.97,33.12,4.39,34.62,5.09,53.1,5.94
2015-01-26,7427.46,30.6,3.99,33.76,4.49,35.61,5.22,54.33,6.08
2015-01-27,7432.64,30.63,4.0,33.73,4.49,35.76,5.21,55.13,6.1
2015-01-28,7383.77,29.96,3.91,33.51,4.47,35.5,5.23,54.49,6.07
2015-01-29,7304.6,29.54,3.86,33.03,4.41,34.86,5.12,53.56,5.99
2015-01-30,7226.56,28.86,3.77,32.88,4.39,34.51,5.04,52.69,5.92
2015-02-02,7205.2,28.05,3.66,32.67,4.35,33.78,5.03,52.77,5.92
2015-02-03,7346.05,29.22,3.82,33.19,4.43,34.59,5.08,53.78,6.02
2015-02-04,7287.22,28.82,3.76,32.82,4.39,34.39,4.97,53.57,5.99
2015-02-05,7302.76,28.51,3.72,32.69,4.38,34.04,4.98,54.8,6.03
2015-02-06,7219.43,28.23,3.69,32.34,4.33,33.5,4.95,54.11,5.96
2015-02-09,7167.78,28.71,3.75,32.22,4.31,33.62,4.89,52.97,5.89
2015-02-10,7274.37,29.08,3.8,32.61,4.37,33.85,4.98,53.82,6.02
2015-02-11,7426.86,29.7,3.88,33.24,4.45,34.83,5.05,54.77,6.17
2015-02-12,7508.49,29.91,3.91,33.62,4.51,35.29,5.11,55.83,6.23
2015-02-13,7642.09,30.03,3.92,34.07,4.54,35.28,5.22,57.14,6.37
2015-02-16,7883.69,30.46,3.98,34.77,4.66,35.63,5.26,57.62,6.62
2015-02-17,7928.33,30.72,4.0,34.89,4.68,35.58,5.24,58.01,6.67
2015-02-25,7816.59,30.01,3.89,34.68,4.61,35.92,5.17,57.4,6.51
2015-02-26,7872.4,30.55,3.96,34.91,4.65,35.81,5.19,57.71,6.54
2015-02-27,7946.59,30.55,3.96,35.18,4.67,36.18,5.18,57.47,6.54
2015-03-02,8064.14,30.31,3.97,36.03,4.73,36.22,5.25,67.14,6.59
2015-03-03,7948.28,29.49,3.86,35.54,4.66,35.39,5.2,66.48,6.53
2015-03-04,8185.07,29.96,3.92,36.55,4.8,36.15,5.29,68.79,6.72
2015-03-05,8197.05,29.76,3.89,36.52,4.81,36.26,5.28,68.74,6.71
2015-03-06,8002.2,29.28,3.83,35.77,4.7,35.68,5.19,66.61,6.55
2015-03-09,8104.64,29.79,3.9,36.22,4.75,35.88,5.26,67.42,6.65
2015-03-10,8254.89,29.81,3.9,36.68,4.82,36.33,5.28,70.3,6.81
2015-03-11,8220.69,29.88,3.91,36.6,4.81,36.4,5.24,70.91,6.75
2015-03-12,8224.07,30.46,3.98,36.64,4.8,36.53,5.17,70.11,6.77
2015-03-13,8326.33,30.52,3.99,37.1,4.86,36.97,5.23,70.65,6.84
2015-03-16,8612.78,31.66,4.14,38.15,5.0,37.36,5.4,74.04,7.12
2015-03-17,8614.8,31.66,4.14,38.18,5.0,37.21,5.47,75.91,7.13
2015-03-18,8839.74,32.41,4.24,39.15,5.14,37.36,5.54,77.8,7.3
2015-03-19,8834.97,31.84,4.18,38.41,5.11,38.37,5.51,77.16,7.33
2015-03-20,8951.76,31.77,4.0,38.57,5.12,39.43,5.48,78.66,7.43
2015-03-23,9217.25,32.24,4.06,39.3,5.25,40.02,5.63,81.82,7.66
2015-03-24,9329.92,32.09,4.05,39.72,5.28,41.61,5.66,82.46,7.79
2015-03-25,9390.91,31.23,3.93,40.01,5.28,40.76,5.67,82.48,7.76
2015-03-26,9179.41,31.19,3.9,39.66,5.19,41.2,5.79,78.75,7.47
2015-03-27,9237.44,31.14,3.89,39.8,5.22,41.3,5.83,79.47,7.52
2015-03-30,9266.24,31.53,3.95,40.17,5.26,41.94,5.91,78.76,7.54
2015-03-31,9291.87,31.38,3.93,40.11,5.26,42.6,5.91,79.43,7.51
2015-04-01,9469.65,31.94,4.0,40.87,5.36,42.83,5.96,81.15,7.65
2015-04-02,9593.14,32.06,4.0,41.34,5.38,43.54,6.03,81.24,7.72
2015-04-03,9659.14,32.27,4.01,41.83,5.41,44.78,6.04,81.41,7.74
2015-04-07,9843.08,33.07,4.11,42.78,5.52,45.59,6.13,82.15,7.85
2015-04-08,9645.16,33.23,4.13,42.26,5.44,44.68,5.95,79.6,7.66
2015-04-09,9550.29,32.78,4.08,41.83,5.37,43.45,5.82,79.0,7.58
2015-04-10,9832.52,33.73,4.21,42.84,5.52,45.37,5.97,78.84,7.81
2015-04-13,10024.88,33.96,4.23,43.7,5.62,46.54,6.03,80.2,7.97
2015-04-14,9986.61,33.48,4.17,43.56,5.6,45.82,6.05,79.23,7.94
2015-04-15,9580.88,32.56,4.06,41.92,5.38,43.78,5.79,75.15,7.58
2015-04-16,9749.35,33.55,4.19,42.81,5.48,44.52,5.96,76.48,7.68
2015-04-17,9737.53,33.52,4.18,42.76,5.45,45.98,6.01,76.54,7.64
2015-04-20,9499.22,32.42,4.04,41.61,5.3,46.02,6.04,74.42,7.46
2015-04-21,9929.12,33.68,4.19,43.37,5.51,47.98,6.47,78.24,7.86
2015-04-22,10179.59,34.66,4.32,44.23,5.63,48.45,6.51,80.13,8.11
2015-04-23,10260.82,34.49,4.3,44.17,5.64,48.59,6.42,71.38,8.18
2015-04-24,10351.67,34.18,4.26,44.23,5.65,49.14,6.31,72.68,8.26
2015-04-27,10446.48,34.54,4.29,44.68,5.68,48.75,6.33,73.13,8.17
2015-04-28,10137.68,34.01,4.23,42.97,5.45,48.46,5.97,75.93,7.96
2015-04-29,10439.92,33.32,4.21,43.65,5.51,49.46,6.06,78.15,8.11
2015-04-30,10482.46,30.72,4.08,42.53,5.44,48.82,6.0,79.31,8.14
2015-05-04,10459.86,31.16,4.14,42.83,5.49,48.53,5.98,79.05,8.07
2015-05-05,10144.87,30.25,4.02,41.54,5.32,47.74,5.91,76.47,7.79
2015-05-06,10178.44,30.96,4.11,41.38,5.31,47.52,5.89,76.75,7.83
2015-05-07,10048.67,30.1,4.0,40.8,5.24,47.05,5.82,76.06,7.7
2015-05-08,10442.59,30.65,4.07,41.99,5.4,48.16,5.93,79.32,8.07
2015-05-11,10912.86,31.86,4.22,43.53,5.57,48.69,6.21,84.1,8.26
2015-05-12,11149.34,32.27,4.27,44.02,5.66,48.96,6.52,86.75,8.36
2015-05-13,11273.6,32.26,4.27,44.49,5.74,49.29,6.47,87.23,8.56
2015-05-14,11186.31,32.0,4.23,44.31,5.73,49.91,6.53,87.0,8.61
2015-05-15,11110.77,31.4,4.15,43.75,5.67,49.09,6.33,85.21,8.58
2015-05-18,11248.19,31.31,4.12,43.94,5.67,49.23,6.4,86.68,8.59
2015-05-19,11494.03,32.13,4.23,45.16,5.83,50.53,6.5,88.09,8.8
2015-05-20,11654.28,32.24,4.24,45.5,5.88,51.23,6.55,89.66,8.92
2015-05-21,12052.15,32.71,4.31,46.83,6.02,52.65,6.64,98.25,9.22
2015-05-22,12115.61,33.37,4.39,47.4,6.09,53.85,6.75,98.76,9.28
2015-05-25,12283.64,34.1,4.51,48.6,6.25,54.27,6.72,99.35,9.34
2015-05-26,12639.42,34.79,4.6,49.5,6.39,56.69,7.27,102.76,9.61
2015-05-27,12658.42,35.01,4.51,49.84,6.35,57.21,7.12,104.33,9.6
2015-05-28,11901.46,32.67,4.21,46.8,5.96,54.73,6.55,99.04,9.03
2015-05-29,12099.0,32.87,4.27,47.35,6.05,56.45,6.78,101.23,9.22
2015-06-01,12733.11,34.34,4.47,49.62,6.35,57.21,7.22,105.71,9.75
2015-06-02,13134.53,34.91,4.54,50.61,6.5,57.21,7.23,108.63,10.12
2015-06-03,13153.85,34.82,4.53,50.27,6.46,57.21,7.29,109.22,10.15
2015-06-04,13078.07,34.95,4.55,50.04,6.42,55.22,7.24,108.72,10.08
2015-06-05,13049.39,34.83,4.53,50.45,6.47,57.21,7.17,108.11,10.04
2015-06-08,12903.63,35.43,4.61,51.0,6.53,56.43,7.17,105.92,9.92
2015-06-09,12823.59,35.06,4.57,50.61,6.48,55.79,7.24,105.4,9.86
2015-06-10,13195.48,35.55,4.63,51.65,6.64,56.57,7.46,108.2,10.12
2015-06-11,13327.99,35.83,4.67,52.2,6.71,57.07,7.49,109.08,10.29
2015-06-12,13519.17,35.95,4.67,52.8,6.78,59.19,7.45,111.01,10.44
2015-06-15,13186.13,36.25,4.61,54.35,6.65,67.6,7.6,104.91,10.02
2015-06-16,12870.8,35.55,4.54,53.16,6.5,66.66,7.61,101.85,9.83
2015-06-17,13029.69,35.89,4.58,53.61,6.55,67.8,7.48,104.08,9.99
2015-06-18,12448.21,34.33,4.38,51.56,6.3,65.28,7.31,98.61,9.44
2015-06-19,11638.98,32.19,4.11,48.21,5.87,61.46,6.93,91.76,8.79
2015-06-23,11881.99,33.13,4.23,49.58,5.99,59.64,7.17,93.74,8.98
2015-06-24,12036.07,33.43,4.27,50.32,6.08,60.07,7.25,94.54,9.11
2015-06-25,11432.08,31.9,4.08,47.93,5.78,58.09,6.72,89.44,8.64
2015-06-26,10455.76,29.42,3.76,43.72,5.26,54.08,6.17,81.7,7.92
2015-06-29,9819.57,28.34,3.63,41.24,4.92,48.8,5.71,75.89,7.5
2015-06-30,10506.98,30.4,3.89,44.35,5.28,53.02,6.19,81.22,8.05
2015-07-01,10106.89,29.11,3.73,42.51,5.05,51.2,5.99,77.48,7.85
2015-07-02,9628.99,27.96,3.58,40.4,4.78,49.19,5.81,73.46,7.42
2015-07-03,9327.88,27.12,3.47,38.85,4.56,46.18,5.7,70.67,7.16
2015-07-06,9318.31,27.93,3.58,39.26,4.59,47.27,5.49,68.44,7.1
2015-07-07,8802.39,27.95,3.58,36.87,4.31,42.97,5.35,64.24,6.76
2015-07-08,8454.23,26.67,3.42,34.86,4.07,40.8,4.95,62.47,6.59
2015-07-09,8842.9,27.97,3.58,36.71,4.29,42.76,5.19,65.7,6.82
2015-07-10,9314.39,29.25,3.75,38.78,4.54,44.33,5.39,69.63,7.11
2015-07-13,9814.59,29.78,3.81,41.02,4.81,47.45,5.74,73.95,7.43
2015-07-14,9975.9,29.51,3.78,41.57,4.91,48.16,5.95,74.95,7.6
2015-07-15,9415.73,28.55,3.66,39.22,4.63,46.67,5.48,70.52,7.23
2015-07-16,9633.57,28.75,3.68,40.08,4.74,48.13,5.69,72.15,7.39
2015-07-17,10125.86,29.81,3.82,42.18,4.99,50.43,6.04,76.15,7.73
2015-07-20,10188.94,29.89,3.83,42.42,5.03,50.19,6.05,77.23,7.78
2015-07-21,10277.43,29.87,3.83,42.65,5.07,51.79,6.1,77.9,7.83
2015-07-22,10300.95,29.67,3.8,42.7,5.09,51.82,6.17,78.45,7.84
2015-07-23,10609.77,30.56,3.92,44.11,5.27,52.87,6.45,80.66,8.04
2015-07-24,10385.01,29.76,3.81,43.08,5.14,50.86,6.14,79.69,7.89
2015-07-27,9584.15,27.15,3.48,39.34,4.71,47.3,5.69,73.43,7.35
2015-07-28,9519.31,26.87,3.45,38.92,4.65,48.1,5.6,72.57,7.32
2015-07-29,9914.02,27.68,3.55,40.48,4.85,48.87,5.81,76.57,7.58
2015-07-30,9569.9,26.85,3.45,38.96,4.67,47.35,5.65,73.81,7.33
2015-07-31,9566.25,26.69,3.45,38.93,4.66,47.42,5.67,72.68,7.3
2015-08-03,9443.47,26.73,3.44,39.06,4.62,47.06,5.63,70.93,7.13
2015-08-04,9875.42,27.61,3.56,40.83,4.84,49.34,5.97,74.7,7.43
2015-08-05,9685.69,26.9,3.47,39.98,4.74,49.23,5.74,73.46,7.31
2015-08-06,9551.25,26.54,3.42,39.38,4.67,46.63,5.7,71.6,7.19
2015-08-07,9797.74,27.15,3.49,40.38,4.8,48.94,5.79,73.51,7.36
2015-08-10,10231.07,28.27,3.64,42.14,5.01,51.58,6.08,77.45,7.64
2015-08-11,10243.97,28.21,3.63,42.08,5.02,50.67,6.01,77.77,7.73
2015-08-12,10071.74,27.66,3.56,41.23,4.94,49.31,5.98,76.4,7.57
2015-08-13,10268.33,28.14,3.62,41.92,5.04,50.38,6.0,78.38,7.72
2015-08-14,10284.25,28.08,3.62,41.83,5.04,52.23,6.04,78.04,7.68
2015-08-17,10398.08,27.89,3.67,42.3,5.19,54.14,6.08,78.36,7.73
2015-08-18,9721.16,26.31,3.46,39.35,4.83,50.48,5.76,73.0,7.22
2015-08-19,9938.75,26.69,3.51,40.2,4.92,51.43,5.82,74.51,7.41
2015-08-20,9612.06,25.82,3.38,38.82,4.73,48.23,5.62,71.43,7.08
2015-08-21,9103.49,23.9,3.15,36.6,4.46,43.95,5.31,67.07,6.66
2015-08-24,8318.96,21.78,2.87,32.78,4.01,41.31,5.13,54.98,6.02
2015-08-25,7723.8,20.35,2.68,30.1,3.68,37.74,4.57,51.09,5.52
2015-08-26,7683.32,20.26,2.69,29.58,3.64,37.08,4.55,47.88,5.4
2015-08-27,8060.07,20.73,2.83,31.35,3.84,40.03,4.84,49.71,5.63
2015-08-28,8483.49,21.6,2.95,32.96,4.05,41.83,5.15,52.07,5.96
2015-08-31,8311.45,21.18,2.92,32.19,3.95,40.85,5.05,51.5,5.77
2015-09-01,8062.65,20.91,2.88,31.37,3.84,38.75,4.86,50.0,5.52
2015-09-02,8063.71,20.98,2.89,31.47,3.84,39.01,4.9,49.85,5.51
2015-09-07,7983.79,20.43,2.81,30.99,3.8,38.81,4.85,49.77,5.49
2015-09-08,8285.03,21.19,2.92,32.16,3.94,40.41,5.02,51.69,5.75
2015-09-09,8451.26,21.53,2.97,32.85,4.03,40.68,5.13,52.62,5.89
2015-09-10,8345.78,21.35,2.94,32.35,3.95,39.78,5.08,52.18,5.83
2015-09-11,8339.83,21.26,2.93,32.24,3.95,39.28,4.95,52.28,5.84
2015-09-14,7951.09,20.88,2.88,30.89,3.77,38.0,4.78,49.07,5.5
2015-09-15,7611.59,20.28,2.79,29.56,3.58,36.81,4.62,46.35,5.24
2015-09-16,8147.23,21.4,2.95,31.67,3.84,38.61,4.95,49.91,5.65
2015-09-17,7947.46,20.87,2.87,30.71,3.73,37.83,4.75,48.76,5.53
2015-09-18,8039.19,21.05,2.9,30.97,3.77,37.61,4.82,49.59,5.61
2015-09-21,8286.48,21.47,2.96,31.89,3.88,38.3,5.04,51.58,5.83
2015-09-22,8328.71,21.76,3.0,32.14,3.91,38.37,4.96,52.1,5.85
2015-09-23,8207.17,21.31,2.94,31.48,3.84,37.89,4.89,51.74,5.79
2015-09-24,8333.26,21.56,2.97,31.85,3.89,38.0,4.94,52.83,5.9
2015-09-25,8075.71,21.13,2.91,31.01,3.77,37.68,4.86,50.46,5.66
2015-09-28,8237.24,21.3,2.93,31.38,3.82,37.67,4.92,51.99,5.86
2015-09-29,8092.22,20.85,2.87,30.67,3.74,37.02,4.76,51.9,5.78
2015-09-30,8116.09,20.84,2.87,30.74,3.76,37.18,4.71,51.99,5.76
2015-10-08,8436.44,21.54,2.97,31.97,3.92,38.99,4.86,53.84,5.99
2015-10-09,8508.46,21.87,3.01,32.36,3.97,39.42,4.97,54.11,6.05
2015-10-12,8788.08,22.54,3.11,33.4,4.11,40.88,5.16,55.78,6.28
2015-10-13,8829.8,22.56,3.11,33.49,4.12,40.75,5.16,56.1,6.35
2015-10-14,8695.46,22.21,3.06,32.99,4.05,40.5,5.07,55.37,6.24
2015-10-15,8957.54,22.81,3.14,33.93,4.18,41.43,5.22,56.91,6.45
2015-10-16,9078.36,23.15,3.19,34.32,4.23,41.57,5.22,57.72,6.51
2015-10-19,9065.42,23.21,3.2,34.4,4.24,42.13,5.29,57.49,6.45
2015-10-20,9244.83,23.5,3.24,34.81,4.31,42.66,5.3,54.79,6.6
2015-10-21,8794.03,22.75,3.13,33.37,4.1,40.7,5.05,51.43,6.24
2015-10-22,9101.94,23.25,3.2,34.49,4.23,41.34,5.23,53.32,6.5
2015-10-23,9398.13,23.8,3.28,35.57,4.38,42.97,5.35,54.64,6.77
2015-10-26,9361.56,23.76,3.27,35.53,4.34,42.12,5.31,54.73,6.8
2015-10-27,9431.13,23.86,3.29,35.51,4.35,43.12,5.27,54.07,6.82
2015-10-28,9187.92,22.83,3.21,34.48,4.24,41.67,5.17,52.23,6.61
2015-10-29,9233.34,23.61,3.25,34.67,4.27,41.78,5.15,52.49,6.64
2015-10-30,9220.3,23.61,3.25,34.78,4.26,41.95,5.23,52.46,6.61
2015-11-02,9094.43,23.05,3.21,34.2,4.2,41.61,4.93,50.93,6.51
2015-11-03,9068.76,22.99,3.2,34.08,4.18,41.16,4.88,51.13,6.47
2015-11-04,9529.11,24.43,3.4,35.88,4.4,42.36,5.08,53.76,6.84
2015-11-05,9532.56,24.57,3.42,36.08,4.43,42.59,5.17,53.89,6.79
2015-11-06,9753.96,25.26,3.52,36.94,4.54,42.85,5.28,55.13,6.95
2015-11-09,9837.13,25.41,3.54,37.18,4.56,43.56,5.32,55.8,7.06
2015-11-10,9828.87,25.26,3.52,37.11,4.56,43.78,5.27,55.77,7.02
2015-11-11,9962.7,25.32,3.52,37.44,4.61,44.6,5.32,56.76,7.16
2015-11-12,9900.14,25.04,3.48,37.19,4.58,43.87,5.28,56.39,7.11
2015-11-13,9664.57,24.57,3.42,36.43,4.48,42.49,5.21,54.76,6.91
2015-11-16,9775.82,24.73,3.44,36.75,4.51,42.74,5.19,55.67,7.02
2015-11-17,9677.76,24.6,3.42,36.55,4.49,42.79,5.16,54.73,6.92
2015-11-18,9576.11,24.34,3.39,36.19,4.43,42.54,5.17,53.79,6.82
2015-11-19,9805.26,24.84,3.46,36.92,4.53,44.22,5.28,55.23,7.0
2015-11-20,9840.44,24.83,3.46,36.96,4.54,44.19,5.33,55.86,7.09
2015-11-23,9826.25,24.81,3.45,36.88,4.54,44.12,5.3,55.45,7.02
2015-11-24,9872.98,24.88,3.46,36.99,4.55,43.9,5.32,56.09,7.08
2015-11-25,10054.56,25.17,3.5,37.53,4.62,44.26,5.41,57.32,7.26
2015-11-26,9974.51,24.99,3.47,37.25,4.57,44.26,5.43,56.77,7.15
2015-11-27,9450.07,23.76,3.3,35.39,4.32,42.58,5.24,53.81,6.73
2015-11-30,9491.65,23.73,3.3,35.44,4.32,42.81,5.25,53.89,6.8
2015-12-01,9582.75,23.98,3.33,35.9,4.37,45.02,5.35,54.51,6.84
2015-12-02,9631.24,24.77,3.44,36.66,4.45,44.84,5.36,54.57,6.81
2015-12-03,9822.48,25.14,3.49,37.28,4.51,46.15,5.43,55.9,6.95
2015-12-04,9726.8,24.68,3.43,36.8,4.44,44.15,5.4,55.36,6.88
2015-12-07,9884.42,24.85,3.45,37.22,4.51,43.9,5.43,56.57,6.99
2015-12-08,9688.65,24.46,3.39,36.57,4.4,43.92,5.28,55.61,6.83
2015-12-09,9648.98,24.48,3.39,36.55,4.39,44.31,5.21,55.21,6.8
2015-12-10,9710.15,24.52,3.4,36.68,4.41,44.34,5.32,55.71,6.86
2015-12-11,9611.31,24.36,3.37,36.36,4.36,44.08,5.3,55.22,6.76
2015-12-14,9815.01,26.1,3.64,39.83,4.92,50.46,5.92,61.88,8.42
2015-12-15,9877.46,26.03,3.63,39.86,4.93,51.24,5.93,62.55,8.48
2015-12-16,9857.99,25.94,3.62,39.74,4.92,51.16,5.92,62.48,8.47
2015-12-17,10096.13,26.43,3.69,40.65,5.04,52.75,6.1,64.29,8.68
2015-12-18,10114.89,26.54,3.7,40.8,5.02,52.73,6.02,64.4,8.63
2015-12-21,10345.61,27.25,3.8,42.15,5.17,53.8,6.23,65.07,8.75
2015-12-22,10365.27,27.29,3.8,42.23,5.19,53.25,6.23,65.17,8.76
2015-12-23,10274.04,27.13,3.78,41.96,5.15,53.45,6.17,64.39,8.64
2015-12-24,10223.98,27.12,3.78,41.54,5.12,53.28,6.09,63.93,8.65
2015-12-25,10228.15,27.1,3.76,41.69,5.13,52.96,6.09,63.85,8.4
2015-12-28,9970.58,26.38,3.65,40.51,4.97,52.18,5.92,62.25,7.92
2015-12-29,10030.35,26.51,3.67,40.79,5.0,53.3,6.0,62.39,7.97
2015-12-30,10050.66,26.4,3.65,40.81,5.0,52.87,6.07,62.54,7.99
2015-12-31,9919.09,26.19,3.63,40.43,4.95,51.9,5.98,61.34,7.85
2016-01-04,9076.63,24.21,3.35,37.07,4.52,47.36,5.48,55.87,7.14
2016-01-05,8973.27,24.28,3.34,37.16,4.47,46.74,5.32,54.73,6.92
2016-01-06,9133.52,24.57,3.38,37.74,4.55,48.07,5.48,56.0,7.06
2016-01-07,8356.32,22.79,3.14,34.66,4.16,43.62,4.94,50.9,6.42
2016-01-08,8490.63,23.22,3.19,35.32,4.23,44.61,4.95,51.48,6.51
2016-01-11,7955.0,21.85,3.01,33.06,3.94,40.75,4.61,48.03,6.1
2016-01-12,8079.68,22.16,3.05,33.49,3.98,41.85,4.7,49.26,6.23
2016-01-13,7840.49,21.64,2.98,32.59,3.86,40.6,4.57,47.53,6.07
2016-01-14,8125.06,22.19,3.05,33.59,3.99,42.28,4.68,49.79,6.37
2016-01-15,7840.18,21.52,2.96,32.42,3.83,40.68,4.61,48.13,6.12
2016-01-18,7949.88,21.64,2.98,32.73,3.88,40.95,4.66,49.04,6.25
2016-01-19,8204.88,22.21,3.05,33.75,4.02,42.25,4.85,50.56,6.44
2016-01-20,8050.29,21.65,2.98,33.05,3.94,41.75,4.7,49.59,6.32
2016-01-21,7753.34,20.98,2.89,31.98,3.8,40.6,4.47,47.47,6.04
2016-01-22,7854.84,21.16,2.91,32.36,3.85,41.53,4.56,48.25,6.11
2016-01-25,7938.57,21.27,2.92,32.66,3.89,42.23,4.65,48.88,6.16
2016-01-26,7352.89,19.91,2.73,30.46,3.59,39.06,4.2,44.92,5.67
2016-01-27,7345.32,19.87,2.73,30.31,3.56,39.35,4.07,45.31,5.67
2016-01-28,7103.66,19.42,2.66,29.51,3.44,38.54,3.96,43.38,5.47
2016-01-29,7372.44,20.07,2.75,30.59,3.58,39.88,4.13,45.21,5.66
2016-02-01,7315.12,19.78,2.71,30.24,3.54,39.75,4.14,44.78,5.62
2016-02-02,7547.81,20.28,2.78,31.2,3.65,42.03,4.26,46.69,5.82
2016-02-03,7567.1,20.23,2.77,31.19,3.65,42.71,4.34,46.98,5.85
2016-02-04,7711.04,20.56,2.81,31.76,3.69,43.18,4.43,48.46,5.79
2016-02-05,7655.19,20.44,2.79,31.54,3.66,42.65,4.44,48.07,5.74
2016-02-15,7677.22,20.39,2.79,31.46,3.66,42.87,4.56,48.27,5.79
2016-02-16,7948.67,21.05,2.88,32.6,3.8,44.79,4.66,50.16,6.0
2016-02-17,7983.21,21.1,2.88,32.78,3.82,44.42,4.67,50.17,6.02
2016-02-18,7939.57,20.97,2.86,32.58,3.8,43.7,4.59,49.98,6.0
2016-02-19,7968.84,20.98,2.87,32.62,3.82,44.06,4.59,50.06,6.03
2016-02-22,8126.33,21.66,2.96,33.38,3.9,45.49,4.7,50.91,6.13
2016-02-23,7999.69,21.29,2.91,32.84,3.83,44.89,4.66,49.9,6.03
2016-02-24,8015.3,21.4,2.93,32.98,3.86,45.88,4.74,50.01,6.01
2016-02-25,7383.22,19.91,2.72,30.42,3.54,41.48,4.36,45.73,5.5
2016-02-26,7376.97,20.01,2.73,30.51,3.54,40.77,4.28,44.89,5.44
2016-02-29,6985.65,19.31,2.63,28.93,3.34,37.15,4.0,41.42,5.1
2016-03-01,7125.12,19.68,2.68,29.5,3.41,38.77,4.14,42.34,5.19
2016-03-02,7450.99,20.5,2.79,30.88,3.58,40.54,4.29,44.38,5.43
2016-03-03,7474.92,20.61,2.81,31.03,3.59,41.74,4.29,44.47,5.44
2016-03-04,7315.13,20.65,2.81,30.7,3.53,40.33,4.28,42.9,5.25
2016-03-07,7424.64,20.69,2.82,31.04,3.58,41.21,4.32,43.78,5.36
2016-03-08,7499.84,20.81,2.84,31.26,3.61,41.35,4.36,44.33,5.43
2016-03-09,7386.82,20.6,2.81,30.78,3.55,40.64,4.25,43.55,5.34
2016-03-10,7264.93,20.19,2.75,30.16,3.47,39.83,4.2,42.84,5.26
2016-03-11,7290.4,20.19,2.76,29.51,3.46,39.92,4.2,43.08,5.16
2016-03-14,7525.92,20.6,2.82,30.33,3.57,41.45,4.29,44.75,5.37
2016-03-15,7511.59,20.84,2.85,30.37,3.57,41.03,4.33,44.27,5.36
2016-03-16,7463.2,21.04,2.84,30.29,3.54,40.69,4.25,44.08,5.3
2016-03-17,7678.48,21.35,2.88,31.0,3.64,41.65,4.37,45.72,5.49
2016-03-18,7890.35,21.72,2.93,31.76,3.75,42.84,4.55,47.59,5.67
2016-03-21,8043.95,22.21,3.0,32.46,3.83,43.3,4.6,48.61,5.77
2016-03-22,8020.74,21.96,2.96,32.25,3.81,43.56,4.68,48.47,5.75
2016-03-23,8062.21,22.12,2.98,32.39,3.83,44.09,4.63,48.98,5.79
2016-03-24,7960.92,22.24,2.89,32.03,3.77,42.57,4.53,48.23,5.74
2016-03-25,8026.96,22.48,2.92,32.34,3.81,42.73,4.6,48.41,5.75
2016-03-28,7980.4,22.15,2.88,32.05,3.78,42.83,4.59,47.9,5.71
2016-03-29,7805.88,22.0,2.84,32.19,3.69,42.19,4.45,46.85,5.57
2016-03-30,8070.93,22.66,2.91,33.21,3.8,43.77,4.57,48.65,5.76
2016-03-31,8093.35,22.54,2.9,33.08,3.79,43.38,4.55,48.96,5.78
2016-04-01,8051.51,22.5,2.9,32.89,3.78,43.18,4.57,48.69,5.74
2016-04-05,8229.4,22.81,2.94,33.52,3.87,44.12,4.72,49.99,5.87
2016-04-06,8239.5,22.74,2.93,33.57,3.87,44.35,4.77,50.14,5.88
2016-04-07,8096.29,22.38,2.88,33.01,3.8,43.27,4.63,49.16,5.77
2016-04-08,8049.21,22.23,2.86,32.68,3.77,42.86,4.63,48.85,5.8
2016-04-11,8233.97,22.79,2.91,33.34,3.87,43.57,4.76,49.98,5.94
2016-04-12,8186.83,22.71,2.9,33.16,3.84,44.38,4.76,49.68,5.91
2016-04-13,8269.55,22.92,2.93,33.51,3.89,44.0,4.81,50.16,5.96
2016-04-14,8349.25,23.07,2.95,33.75,3.92,45.76,4.83,53.38,5.94
2016-04-15,8309.37,22.99,2.94,33.68,3.91,45.51,4.78,53.33,5.92
2016-04-18,8177.74,22.7,2.9,33.11,3.85,43.83,4.69,52.71,5.84
2016-04-19,8196.59,22.71,2.9,33.2,3.86,43.66,4.74,52.98,5.84
2016-04-20,7890.61,22.28,2.85,32.09,3.73,42.95,4.44,50.4,5.58
2016-04-21,7784.05,22.06,2.81,31.88,3.68,42.42,4.3,49.6,5.49
2016-04-22,7862.31,22.17,2.84,32.07,3.72,43.06,4.49,49.96,5.6
2016-04-25,7824.1,22.08,2.82,31.93,3.69,42.45,4.47,50.79,5.58
2016-04-26,7907.22,22.19,2.83,32.07,3.71,40.71,4.55,50.78,5.65
2016-04-27,7892.78,21.82,2.8,31.38,3.68,40.99,4.49,49.73,5.64
2016-04-28,7894.41,21.82,2.79,31.54,3.66,41.2,4.41,51.45,5.61
2016-04-29,7899.17,22.64,2.8,31.88,3.65,40.87,4.43,50.76,5.61
2016-05-03,8114.8,23.49,2.84,32.85,3.74,42.35,4.62,51.87,5.77
2016-05-04,8113.1,23.47,2.84,32.9,3.75,42.46,4.59,51.8,5.76
2016-05-05,8149.72,23.51,2.85,33.01,3.77,42.51,4.62,52.05,5.84
2016-05-06,7892.84,22.83,2.76,32.0,3.65,41.01,4.43,50.34,5.7
2016-05-09,7688.51,22.37,2.71,31.22,3.56,38.82,4.18,48.5,5.54
2016-05-10,7690.87,22.35,2.71,31.22,3.56,38.86,4.18,48.49,5.54
2016-05-11,7756.3,22.51,2.73,31.59,3.59,39.71,4.08,48.55,5.61
2016-05-12,7729.75,22.63,2.74,31.51,3.58,39.54,4.06,48.2,5.57
2016-05-13,7685.3,22.51,2.73,31.33,3.56,39.28,4.1,47.94,5.53
2016-05-16,7788.89,22.67,2.75,31.69,3.61,40.03,4.21,48.69,5.63
2016-05-17,7771.66,22.67,2.74,31.54,3.58,40.8,4.16,48.68,5.61
2016-05-18,7621.13,22.52,2.72,31.04,3.52,39.88,3.98,47.35,5.47
2016-05-19,7635.87,22.51,2.73,31.03,3.53,39.88,4.02,47.82,5.53
2016-05-20,7679.17,22.6,2.74,31.2,3.55,40.57,4.12,47.97,5.55
2016-05-23,7750.37,22.69,2.75,31.45,3.59,40.64,4.19,48.5,5.6
2016-05-24,7689.97,22.53,2.73,31.18,3.56,40.6,4.14,47.97,5.54
2016-05-25,7652.43,22.45,2.72,31.03,3.55,40.38,4.1,47.92,5.52
2016-05-26,7679.11,22.53,2.73,31.09,3.56,40.96,4.19,48.08,5.54
2016-05-27,7679.61,22.49,2.73,31.07,3.56,40.36,4.19,47.98,5.53
2016-05-30,7637.32,22.6,2.69,30.95,3.51,40.27,4.19,47.92,5.49
2016-05-31,7914.18,23.36,2.8,32.09,3.65,41.89,4.34,49.84,5.72
2016-06-01,7918.37,23.31,2.8,32.05,3.65,42.12,4.4,49.97,5.73
2016-06-02,7941.87,23.34,2.8,32.13,3.66,42.14,4.46,50.23,5.77
2016-06-03,8046.32,23.56,2.83,32.55,3.71,42.75,4.53,50.93,5.83
2016-06-06,8031.87,23.49,2.82,32.47,3.7,42.15,4.51,50.68,5.83
2016-06-07,8033.51,23.47,2.82,32.52,3.7,42.3,4.56,50.74,5.84
2016-06-08,7965.67,23.33,2.8,32.29,3.67,42.04,4.51,50.13,5.78
2016-06-13,7599.69,22.75,2.72,31.84,3.56,41.34,4.36,50.48,5.51
2016-06-14,7599.45,22.78,2.72,31.92,3.55,41.47,4.34,50.33,5.51
2016-06-15,7770.14,23.09,2.75,32.49,3.63,42.64,4.44,51.68,5.64
2016-06-16,7679.37,22.88,2.74,32.1,3.58,41.61,4.41,50.9,5.56
2016-06-17,7742.74,22.94,2.75,32.36,3.61,42.12,4.42,51.3,5.62
2016-06-20,7735.76,22.95,2.77,32.36,3.62,41.98,4.4,51.2,5.61
2016-06-21,7684.28,22.85,2.76,32.15,3.6,41.86,4.46,50.84,5.57
2016-06-22,7776.89,23.04,2.78,32.5,3.64,42.57,4.51,51.62,5.65
2016-06-23,7748.57,22.94,2.77,32.39,3.62,42.31,4.49,51.47,5.65
2016-06-24,7661.69,22.74,2.74,32.01,3.58,41.28,4.58,50.93,5.58
2016-06-27,7802.8,23.04,2.77,32.56,3.63,41.72,4.72,52.35,5.68
2016-06-28,7947.99,23.33,2.8,33.05,3.68,45.14,4.68,53.25,5.81
2016-06-29,7929.81,23.39,2.81,33.05,3.68,44.62,4.66,53.07,5.77
2016-06-30,7991.79,23.52,2.83,33.27,3.71,44.48,4.66,53.81,5.82
2016-07-01,7959.8,23.47,2.82,33.19,3.69,44.62,4.64,53.48,5.79
2016-07-04,8064.67,23.78,2.86,33.66,3.75,45.8,4.68,54.1,5.87
2016-07-05,8056.51,23.72,2.85,33.63,3.75,45.77,4.67,53.98,5.86
2016-07-06,8125.01,23.8,2.86,33.86,3.77,45.75,4.8,54.32,5.95
2016-07-07,8137.98,23.87,2.87,33.89,3.77,45.48,4.82,54.28,5.94
2016-07-08,8104.99,23.73,2.85,33.7,3.76,45.1,4.87,54.49,5.94
2016-07-11,8126.94,23.81,2.86,33.86,3.77,44.62,4.86,54.69,5.99
2016-07-12,8298.37,24.3,2.92,34.72,3.85,45.76,4.9,55.72,6.1
2016-07-13,8385.37,24.5,2.94,34.92,3.88,45.75,4.99,56.39,6.16
2016-07-14,8388.3,24.48,2.94,34.93,3.88,45.42,4.97,56.39,6.14
2016-07-15,8389.32,24.49,2.94,34.94,3.88,44.99,4.89,56.18,6.15
2016-07-18,8358.45,24.4,2.93,34.75,3.87,44.94,5.0,56.21,6.09
2016-07-19,8355.91,24.27,2.92,34.63,3.86,44.65,5.04,56.39,6.11
2016-07-20,8365.49,24.28,2.92,34.67,3.87,45.48,5.01,56.41,6.12
2016-07-21,8375.78,24.36,2.93,34.8,3.88,45.15,5.01,56.2,6.11
2016-07-22,8315.52,24.16,2.9,34.42,3.84,44.85,5.01,56.06,6.07
2016-07-25,8356.76,24.21,2.91,34.57,3.86,44.88,4.97,56.15,6.08
2016-07-26,8450.21,24.46,2.94,35.02,3.91,45.0,5.05,56.79,6.13
2016-07-27,8208.21,24.13,2.9,34.35,3.82,44.95,4.85,54.61,5.92
2016-07-28,8223.29,24.07,2.89,34.59,3.83,45.06,4.67,54.3,5.94
2016-07-29,8189.44,23.92,2.87,34.4,3.82,45.0,4.7,53.81,5.91
2016-08-01,8070.45,23.73,2.84,34.12,3.75,45.86,4.78,54.79,5.82
2016-08-02,8123.11,23.9,2.84,34.46,3.76,45.98,4.8,53.26,5.84
2016-08-03,8129.51,23.88,2.84,34.45,3.76,46.15,4.77,52.33,5.81
2016-08-04,8143.2,23.9,2.84,34.41,3.76,45.59,4.86,52.57,5.83
2016-08-05,8116.86,23.9,2.83,34.37,3.75,45.06,4.79,52.31,5.49
2016-08-08,8199.24,24.11,2.86,34.67,3.79,45.11,4.86,52.83,5.55
2016-08-09,8270.84,24.31,2.87,34.97,3.8,45.92,4.76,53.56,5.59
2016-08-10,8231.99,24.21,2.86,34.77,3.77,45.66,4.79,53.29,5.56
2016-08-11,8155.39,24.11,2.85,34.5,3.74,45.3,4.69,52.73,5.5
2016-08-12,8250.78,24.44,2.89,34.94,3.79,45.62,4.75,53.21,5.55
2016-08-15,8433.75,25.16,2.96,35.92,3.87,46.57,4.87,54.47,5.65
2016-08-16,8433.01,24.98,2.94,35.79,3.85,46.49,4.88,54.37,5.64
2016-08-17,8470.6,25.11,2.94,35.99,3.84,46.3,4.85,54.74,5.66
2016-08-18,8446.5,24.36,2.9,35.77,3.83,46.18,4.8,54.64,5.62
2016-08-19,8446.08,24.29,2.89,35.66,3.82,45.93,4.79,54.54,5.6
2016-08-22,8386.03,24.13,2.87,35.45,3.79,45.75,4.72,53.89,5.53
2016-08-23,8399.72,24.21,2.88,35.5,3.79,45.61,4.8,53.71,5.51
2016-08-24,8408.3,24.16,2.87,35.54,3.78,44.79,4.83,53.7,5.52
2016-08-25,8339.35,24.01,2.85,35.33,3.75,44.49,4.79,53.31,5.47
2016-08-26,8368.29,26.04,2.85,35.73,3.75,44.85,4.8,53.61,5.48
2016-08-29,8375.91,26.31,2.83,35.56,3.74,44.77,4.7,53.63,5.47
2016-08-30,8357.0,26.35,2.83,35.84,3.72,44.25,4.74,53.72,5.45
2016-08-31,8378.24,26.76,2.84,36.19,3.73,44.53,4.69,53.86,5.45
2016-09-01,8325.44,26.71,2.83,36.03,3.69,44.48,4.68,53.53,5.4
2016-09-02,8325.81,26.8,2.84,36.08,3.7,45.13,4.63,53.54,5.39
2016-09-05,8326.74,26.75,2.83,36.13,3.7,45.07,4.59,53.47,5.39
2016-09-06,8420.58,27.02,2.86,36.48,3.73,45.28,4.68,54.21,5.46
2016-09-07,8403.42,27.02,2.86,36.4,3.73,45.46,4.64,54.45,5.47
2016-09-08,8421.66,27.07,2.87,36.48,3.73,45.62,4.69,54.35,5.47
2016-09-09,8360.05,26.97,2.86,36.25,3.71,45.31,4.63,53.88,5.42
2016-09-12,8161.63,26.5,2.8,35.49,3.62,44.83,4.59,52.32,5.28
2016-09-13,8159.84,26.38,2.79,35.45,3.62,44.79,4.49,52.38,5.29
2016-09-14,8134.77,26.27,2.78,35.28,3.6,44.54,4.47,52.32,5.28
2016-09-19,8220.75,26.54,2.81,35.63,3.64,44.96,4.51,52.98,5.34
2016-09-20,8211.97,26.49,2.8,35.58,3.63,44.66,4.55,52.78,5.32
2016-09-21,8229.29,26.52,2.81,35.66,3.64,44.8,4.57,52.84,5.34
2016-09-22,8265.71,26.71,2.83,35.84,3.66,45.23,4.57,53.07,5.35
2016-09-23,8238.85,26.64,2.82,35.74,3.65,45.17,4.56,52.88,5.34
2016-09-26,8075.31,26.16,2.77,35.05,3.58,44.25,4.47,51.78,5.23
2016-09-27,8123.74,26.28,2.78,35.25,3.6,44.46,4.5,52.1,5.27
2016-09-28,8097.36,26.18,2.77,35.15,3.59,44.56,4.58,51.87,5.25
2016-09-29,8122.27,26.26,2.78,35.32,3.6,44.6,4.56,52.02,5.27
2016-09-30,8146.9,26.28,2.78,35.4,3.61,44.49,4.6,52.2,5.29
2016-10-10,8314.8,26.73,2.83,36.0,3.67,45.16,4.63,53.33,5.4
2016-10-11,8330.29,26.76,2.83,36.05,3.68,44.85,4.62,53.32,5.4
2016-10-12,8338.44,26.78,2.84,36.05,3.68,44.79,4.59,53.36,5.4
2016-10-13,8335.34,26.7,2.83,36.01,3.68,44.8,4.6,53.45,5.41
2016-10-14,8312.44,26.61,2.82,35.93,3.66,44.56,4.59,53.31,5.37
2016-10-17,8249.11,26.39,2.79,35.59,3.62,44.45,4.55,52.9,5.33
2016-10-18,8346.52,26.69,2.82,36.02,3.67,44.84,4.63,53.51,5.38
2016-10-19,8339.48,26.63,2.82,35.96,3.67,44.85,4.63,53.51,5.38
2016-10-20,8335.84,26.6,2.81,35.95,3.67,44.57,4.61,53.49,5.38
2016-10-21,8301.52,26.52,2.81,35.71,3.65,44.63,4.6,53.04,5.35
2016-10-24,8372.18,26.74,2.84,36.01,3.69,44.79,4.65,53.24,5.38
2016-10-25,8379.97,26.65,2.83,35.77,3.68,44.32,4.67,52.68,5.37
2016-10-26,8389.3,26.49,2.83,35.48,3.67,43.58,4.67,52.17,5.36
2016-10-27,8357.24,26.35,2.82,35.22,3.66,43.66,4.69,51.74,5.33
2016-10-28,8328.29,25.84,2.77,34.88,3.62,42.61,4.65,51.69,5.28
2016-10-31,8307.69,25.94,2.74,34.7,3.57,42.86,4.62,50.74,5.17
2016-11-01,8358.34,26.1,2.76,34.91,3.59,43.03,4.63,51.03,5.2
2016-11-02,8304.61,25.88,2.73,34.7,3.57,42.79,4.64,50.57,5.16
2016-11-03,8340.68,26.07,2.75,34.87,3.59,43.03,4.65,50.66,5.17
2016-11-04,8339.84,26.04,2.75,34.87,3.58,42.76,4.67,50.74,5.18
2016-11-07,8340.73,26.01,2.75,34.84,3.59,42.31,4.66,50.71,5.16
2016-11-08,8410.89,26.2,2.76,35.1,3.61,42.59,4.7,51.23,5.2
2016-11-09,8331.14,25.94,2.73,34.79,3.57,42.41,4.62,50.51,5.14
2016-11-10,8412.67,26.19,2.76,35.12,3.61,42.67,4.67,51.08,5.19
2016-11-11,8403.68,26.27,2.77,35.14,3.61,42.54,4.7,51.06,5.18
2016-11-14,8407.61,26.31,2.77,35.13,3.62,42.78,4.71,51.26,5.2
2016-11-15,8442.33,26.37,2.78,35.27,3.63,42.92,4.72,51.46,5.22
2016-11-16,8457.47,26.42,2.79,35.28,3.64,43.13,4.74,51.61,5.23
2016-11-17,8410.51,26.32,2.78,35.17,3.62,43.0,4.72,51.18,5.2
2016-11-18,8370.85,26.26,2.77,35.01,3.61,42.97,4.71,50.91,5.17
2016-11-21,8394.13,26.74,2.82,35.11,3.62,43.06,4.71,50.93,5.17
2016-11-22,8471.15,27.14,2.86,35.47,3.66,43.45,4.72,51.43,5.21
2016-11-23,8426.55,26.98,2.85,35.33,3.65,42.98,4.7,51.08,5.18
2016-11-24,8450.23,27.15,2.86,35.59,3.66,43.2,4.66,50.91,5.17
2016-11-25,8494.24,27.25,2.87,35.84,3.69,43.09,4.71,51.23,5.2
2016-11-28,8492.95,27.22,2.87,35.83,3.69,43.32,4.7,51.12,5.2
2016-11-29,8498.91,27.34,2.88,35.89,3.69,43.13,4.68,51.04,5.21
2016-11-30,8508.6,27.21,2.87,35.86,3.69,43.52,4.69,51.13,5.22
2016-12-01,8524.06,27.19,2.87,35.92,3.69,43.41,4.66,51.26,5.23
2016-12-02,8413.13,26.94,2.84,35.51,3.65,42.9,4.64,50.45,5.16
2016-12-05,8337.57,26.71,2.82,35.18,3.62,42.84,4.62,50.27,5.13
2016-12-06,8318.58,26.59,2.8,35.02,3.61,42.71,4.61,50.11,5.12
2016-12-07,8400.04,26.89,2.84,35.28,3.64,43.02,4.64,50.62,5.16
2016-12-08,8328.51,26.7,2.82,34.99,3.61,42.62,4.6,50.15,5.11
2016-12-09,8304.67,26.87,2.83,34.93,3.61,41.45,4.62,49.91,5.08
2016-12-12,7961.0,25.75,2.88,32.71,3.68,38.74,4.54,44.95,4.95
2016-12-13,7947.41,25.62,2.87,32.67,3.67,38.82,4.55,44.94,4.94
2016-12-14,7889.38,25.59,2.86,32.45,3.65,38.16,4.51,44.48,4.9
2016-12-15,7882.71,25.14,2.81,32.34,3.64,38.67,4.5,44.67,4.91
2016-12-16,7949.45,25.19,2.82,32.56,3.66,39.55,4.55,45.04,4.95
2016-12-19,7917.89,25.12,2.81,32.49,3.65,38.26,4.51,44.8,4.91
2016-12-20,7896.41,24.99,2.8,32.35,3.64,38.35,4.45,44.75,4.91
2016-12-21,7941.77,25.13,2.81,32.55,3.66,38.62,4.46,44.99,4.94
2016-12-22,7918.55,25.05,2.8,32.48,3.65,38.11,4.46,44.77,4.92
2016-12-23,7849.98,24.86,2.78,32.19,3.62,37.85,4.34,44.26,4.89
2016-12-26,7874.92,25.04,2.8,32.33,3.63,38.08,4.37,44.4,4.9
2016-12-27,7863.9,24.97,2.8,32.3,3.62,37.81,4.44,44.34,4.9
2016-12-28,7840.91,24.91,2.79,32.2,3.61,37.88,4.47,44.19,4.88
2016-12-29,7823.64,24.86,2.78,32.15,3.6,38.19,4.42,44.07,4.87
2016-12-30,7874.08,25.06,2.81,32.39,3.63,38.05,4.44,44.26,4.9
2017-01-03,7924.07,25.38,2.84,32.6,3.66,38.39,4.45,44.54,4.92
2017-01-04,7986.01,25.52,2.86,32.82,3.68,38.83,4.55,44.96,4.96
2017-01-05,7977.35,25.49,2.86,32.7,3.69,38.37,4.51,44.77,4.99
2017-01-06,7910.15,25.27,2.83,32.41,3.65,37.93,4.45,44.38,4.94
2017-01-09,7936.49,25.41,2.85,32.54,3.67,37.95,4.48,44.61,4.95
2017-01-10,7918.62,25.28,2.83,32.49,3.66,38.04,4.47,44.38,4.93
2017-01-11,7855.96,25.24,2.83,32.24,3.63,38.0,4.43,43.98,4.89
2017-01-12,7801.07,25.09,2.81,31.97,3.6,37.46,4.44,43.75,4.86
2017-01-13,7754.61,25.14,2.82,31.79,3.58,37.25,4.45,43.3,4.82
2017-01-16,7617.74,25.13,2.82,31.4,3.53,36.12,4.38,42.03,4.71
2017-01-17,7699.69,25.26,2.83,31.72,3.57,36.55,4.5,42.61,4.76
2017-01-18,7676.2,25.25,2.83,31.67,3.56,36.66,4.42,42.4,4.74
2017-01-19,7658.8,25.12,2.82,31.65,3.56,36.87,4.45,42.26,4.73
2017-01-20,7761.61,25.33,2.84,32.06,3.6,37.26,4.52,42.96,4.81
2017-01-23,7786.25,25.43,2.85,32.21,3.6,37.33,4.52,43.14,4.83
2017-01-24,7747.16,25.35,2.84,31.98,3.58,37.17,4.52,42.7,4.77
2017-01-25,7791.58,25.45,2.85,32.17,3.6,37.73,4.54,43.03,4.8
2017-01-26,7844.97,25.54,2.86,32.39,3.62,38.64,4.53,43.31,4.84
2017-02-03,7794.86,25.23,2.83,32.21,3.6,38.21,4.53,42.98,4.81
2017-02-06,7858.76,25.49,2.86,32.43,3.63,39.14,4.53,43.38,4.86
2017-02-07,7827.21,25.48,2.85,32.35,3.62,38.56,4.54,43.16,4.82
2017-02-08,7852.71,25.54,2.86,32.46,3.63,38.89,4.6,43.31,4.84
2017-02-09,7880.86,25.59,2.87,32.54,3.64,38.89,4.6,43.43,4.89
2017-02-10,7852.91,25.54,2.86,32.46,3.63,38.32,4.6,43.27,4.87
2017-02-13,7911.68,25.73,2.88,32.69,3.66,38.19,4.59,43.7,4.9
2017-02-14,7907.77,25.64,2.87,32.65,3.66,38.71,4.64,43.71,4.9
2017-02-15,7835.27,25.51,2.86,32.37,3.63,37.94,4.64,43.23,4.85
2017-02-16,7865.25,25.34,2.86,32.19,3.63,38.02,4.64,43.29,4.86
2017-02-17,7837.91,25.31,2.85,32.05,3.62,37.98,4.61,43.55,4.84
2017-02-20,7921.45,25.53,2.88,32.41,3.66,38.01,4.69,44.14,4.89
2017-02-21,7991.85,25.68,2.89,32.58,3.69,38.68,4.76,44.36,4.93
2017-02-22,7998.72,25.65,2.89,32.56,3.69,37.88,4.73,44.22,4.93
2017-02-23,8023.09,25.61,2.89,32.61,3.69,38.6,4.72,44.25,4.96
2017-02-24,8083.75,25.69,2.9,32.87,3.72,39.65,4.7,44.64,5.0
2017-02-27,8050.97,25.48,2.87,32.69,3.69,39.76,4.72,44.84,4.94
2017-02-28,8063.13,25.58,2.87,33.01,3.69,39.62,4.67,46.21,4.91
2017-03-01,8070.93,25.58,2.87,33.01,3.69,40.3,4.7,46.44,4.92
2017-03-02,8018.28,25.38,2.85,32.8,3.66,39.68,4.66,46.2,4.89
2017-03-03,8022.89,25.35,2.84,32.84,3.67,39.64,4.64,46.05,4.89
2017-03-06,8083.65,25.45,2.85,33.07,3.69,40.58,4.66,46.39,4.93
2017-03-07,8127.28,25.64,2.88,33.23,3.71,40.39,4.66,46.61,4.96
2017-03-08,8065.1,25.51,2.86,33.03,3.68,40.43,4.57,46.08,4.92
2017-03-09,8010.48,25.33,2.84,32.8,3.65,40.13,4.52,45.77,4.88
2017-03-10,8027.88,25.28,2.84,32.84,3.65,40.15,4.5,45.71,4.89
2017-03-13,8107.11,25.51,2.86,33.13,3.69,40.43,4.49,46.42,4.93
2017-03-14,8093.46,25.47,2.86,33.1,3.68,40.44,4.47,46.18,4.93
2017-03-15,8069.09,25.44,2.85,33.02,3.67,40.51,4.26,46.09,4.91
2017-03-16,8104.45,25.57,2.87,33.11,3.69,40.85,4.38,46.49,4.92
2017-03-17,8050.97,25.42,2.85,32.91,3.66,40.75,4.35,46.13,4.89
2017-03-20,8068.91,25.45,2.85,33.1,3.66,40.21,4.29,47.19,4.9
2017-03-21,8112.0,25.56,2.86,33.35,3.68,40.24,4.3,47.35,4.92
2017-03-22,8110.73,25.64,2.85,34.44,3.67,40.49,4.32,48.47,4.93
2017-03-23,8132.26,25.77,2.86,34.54,3.68,40.31,4.4,48.72,4.94
2017-03-24,8155.2,25.2,2.88,34.55,3.69,39.51,4.39,48.67,4.96
2017-03-27,8120.23,25.17,2.87,34.36,3.68,39.51,4.38,48.5,4.93
2017-03-28,8083.41,25.12,2.87,34.24,3.66,38.95,4.4,47.93,4.91
2017-03-29,8033.2,24.99,2.85,34.04,3.64,38.76,4.34,47.38,4.87
2017-03-30,7909.13,24.71,2.83,33.54,3.58,38.12,4.28,46.34,4.79
2017-03-31,7988.38,24.92,2.86,33.8,3.6,38.75,4.3,46.36,4.83
2017-04-05,8082.43,25.08,2.88,34.17,3.64,39.59,4.35,47.0,4.87
2017-04-06,8082.88,25.02,2.87,34.17,3.64,39.78,4.3,46.94,4.89
2017-04-07,8088.28,24.99,2.87,34.19,3.65,40.02,4.31,46.93,4.89
2017-04-10,8008.5,24.81,2.85,33.95,3.62,39.03,4.26,46.35,4.86
2017-04-11,7984.09,24.65,2.83,33.82,3.62,37.68,4.24,46.25,4.85
2017-04-12,7956.95,24.61,2.83,33.71,3.61,37.14,4.07,46.28,4.82
2017-04-13,7991.16,24.58,2.84,33.54,3.62,37.22,4.08,46.04,4.83
2017-04-14,7929.85,24.4,2.82,33.21,3.58,36.94,4.06,45.62,4.79
2017-04-17,7904.28,24.34,2.81,32.94,3.56,36.71,4.07,45.24,4.77
2017-04-18,7902.79,24.18,2.79,32.84,3.55,36.22,4.02,45.05,4.77
2017-04-19,7871.39,24.1,2.79,32.75,3.53,36.44,3.97,44.48,4.76
2017-04-20,7942.63,24.32,2.81,33.07,3.55,37.35,3.99,44.61,4.8
2017-04-21,7932.2,24.45,2.82,33.24,3.55,38.16,3.98,44.5,4.78
2017-04-24,7862.86,24.41,2.83,32.8,3.53,37.29,3.8,43.76,4.77
2017-04-25,7884.66,24.49,2.84,32.71,3.52,36.58,3.84,43.77,4.75
2017-04-26,7875.73,24.67,2.86,32.76,3.51,35.39,3.88,43.72,4.74
2017-04-27,7918.13,24.82,2.87,32.83,3.51,36.59,3.98,44.05,4.72
2017-04-28,7919.14,24.28,2.8,32.52,3.48,36.8,3.97,44.79,4.72
2017-05-02,7900.19,24.1,2.77,32.17,3.44,36.64,3.8,45.37,4.68
2017-05-03,7880.66,24.06,2.77,32.12,3.44,35.94,3.72,45.37,4.66
2017-05-04,7856.47,24.05,2.77,32.03,3.43,35.8,3.73,45.21,4.65
2017-05-05,7817.73,23.9,2.75,31.88,3.41,35.29,3.72,44.76,4.63
2017-05-08,7802.94,24.04,2.77,31.82,3.41,34.94,3.74,44.55,4.62
2017-05-09,7815.17,23.99,2.76,31.82,3.41,35.65,3.73,44.87,4.65
2017-05-10,7773.36,24.3,2.8,31.71,3.39,35.01,3.7,44.49,4.62
2017-05-11,7774.63,24.31,2.8,31.71,3.39,34.35,3.76,44.22,4.63
2017-05-12,7797.74,24.66,2.84,31.81,3.4,33.94,3.82,44.24,4.64
2017-05-15,7839.52,24.65,2.84,31.98,3.42,34.04,3.78,44.83,4.67
2017-05-16,7940.81,24.85,2.86,32.39,3.46,34.82,3.88,45.29,4.74
2017-05-17,7935.98,24.6,2.83,32.41,3.47,35.52,3.95,45.37,4.74
2017-05-18,7929.27,24.62,2.84,32.38,3.47,35.37,3.97,45.34,4.74
2017-05-19,7935.43,24.67,2.85,32.37,3.47,35.31,3.91,45.32,4.74
2017-05-22,7924.14,25.04,2.89,32.36,3.47,34.73,3.8,45.04,4.72
2017-05-23,7876.66,25.19,2.91,32.17,3.44,33.93,3.73,44.49,4.67
2017-05-24,7875.06,25.09,2.9,32.16,3.45,33.97,3.73,44.64,4.69
2017-05-25,7936.22,25.64,2.96,32.51,3.49,34.32,3.81,45.15,4.72
2017-05-26,7923.97,25.58,2.96,32.48,3.48,34.47,3.78,45.14,4.71
2017-05-31,7929.49,25.56,2.96,32.54,3.5,34.72,3.85,45.09,4.74
2017-06-01,7882.1,25.72,2.99,32.26,3.46,34.67,3.76,44.69,4.69
2017-06-02,7883.89,25.47,2.96,32.26,3.46,34.99,3.86,44.86,4.72
2017-06-05,7888.08,25.28,2.94,32.25,3.47,34.76,3.9,44.99,4.74
2017-06-06,7939.38,25.55,2.97,32.49,3.48,34.57,3.9,45.29,4.77
2017-06-07,8082.1,25.83,3.0,33.09,3.55,35.11,3.96,46.06,4.86
2017-06-08,8147.86,26.34,3.06,33.38,3.57,35.08,3.97,46.15,4.89
2017-06-09,8167.78,26.46,3.07,33.5,3.58,35.51,3.96,46.16,4.89
2017-06-12,8129.77,27.18,3.26,34.18,3.98,37.86,4.57,47.38,5.43
2017-06-13,8188.5,27.12,3.25,34.39,4.0,38.48,4.6,47.83,5.47
2017-06-14,8104.85,26.61,3.19,34.01,3.96,38.54,4.56,47.47,5.41
2017-06-15,8140.75,26.47,3.17,34.1,3.97,38.41,4.52,47.71,5.44
2017-06-16,8123.07,26.46,3.17,34.08,3.97,38.04,4.49,47.64,5.43
2017-06-19,8170.94,26.79,3.23,34.34,4.0,38.08,4.5,47.85,5.45
2017-06-20,8120.88,26.5,3.2,34.14,3.97,37.64,4.47,47.61,5.41
2017-06-21,8189.14,26.89,3.24,34.43,4.0,37.78,4.51,47.88,5.45
2017-06-22,8138.68,26.87,3.24,34.25,3.99,37.52,4.51,47.49,5.41
2017-06-23,8183.3,27.09,3.27,34.44,4.01,37.43,4.52,47.65,5.44
2017-06-26,8276.45,27.25,3.28,34.93,4.05,38.28,4.57,48.27,5.48
2017-06-27,8304.39,27.31,3.29,35.06,4.07,38.29,4.63,48.41,5.51
2017-06-28,8229.55,26.92,3.25,34.7,4.03,37.73,4.62,48.36,5.47
2017-06-29,8274.0,27.19,3.28,34.91,4.05,37.77,4.64,48.5,5.5
2017-06-30,8305.73,27.25,3.29,35.0,4.07,37.92,4.58,49.04,5.53
2017-07-03,8310.04,27.08,3.27,34.92,4.07,38.05,4.66,49.17,5.54
2017-07-04,8222.34,26.8,3.24,34.54,4.03,37.92,4.61,48.79,5.47
2017-07-05,8283.09,27.35,3.3,34.84,4.07,37.66,4.64,49.12,5.5
2017-07-06,8227.4,27.42,3.31,34.59,4.05,37.55,4.59,48.78,5.45
2017-07-07,8209.54,27.26,3.29,34.49,4.04,37.72,4.54,48.84,5.44
2017-07-10,8145.37,27.12,3.28,34.25,4.01,37.47,4.5,48.26,5.39
2017-07-11,8124.97,27.34,3.3,34.22,4.0,36.95,4.44,47.98,5.34
2017-07-12,8090.47,27.08,3.27,34.02,3.97,36.92,4.42,47.96,5.32
2017-07-13,8093.53,27.34,3.3,34.05,3.98,37.01,4.54,47.88,5.31
2017-07-14,8069.83,27.48,3.32,33.96,3.97,36.86,4.59,47.73,5.29
2017-07-17,7850.1,27.33,3.3,33.02,3.86,35.58,4.48,45.92,5.14
2017-07-18,7870.3,27.25,3.29,33.06,3.87,35.97,4.56,46.03,5.15
2017-07-19,7934.64,27.41,3.31,33.37,3.9,36.28,4.58,46.5,5.19
2017-07-20,7973.11,27.36,3.32,32.95,3.91,35.05,4.57,46.37,5.2
2017-07-21,7964.3,27.03,3.27,32.92,3.89,35.11,4.35,46.39,5.18
2017-07-24,7968.46,27.02,3.27,32.92,3.89,35.55,4.31,46.51,5.18
2017-07-25,7986.57,27.0,3.27,32.89,3.9,35.73,4.34,46.38,5.18
2017-07-26,7930.08,26.83,3.25,32.64,3.88,35.89,4.35,46.12,5.14
2017-07-27,8043.43,27.03,3.28,33.03,3.93,36.92,4.43,46.7,5.21
2017-07-28,8024.12,26.89,3.26,32.93,3.91,36.35,4.43,46.67,5.2
2017-07-31,8054.65,26.88,3.26,33.03,3.93,36.96,4.4,46.78,5.2
2017-08-01,8085.79,27.5,3.33,33.15,3.95,36.73,4.38,46.9,5.21
2017-08-02,8018.89,27.24,3.3,32.82,3.92,36.67,4.37,46.78,5.16
2017-08-03,8005.98,26.97,3.27,32.71,3.91,36.96,4.37,46.82,5.15
2017-08-04,7923.98,26.61,3.23,32.36,3.87,36.58,4.38,46.26,5.1
2017-08-07,7970.35,26.77,3.25,32.52,3.88,36.43,4.27,46.42,5.14
2017-08-08,8029.35,26.9,3.27,32.67,3.91,36.49,4.33,46.64,5.16
2017-08-09,8077.81,26.96,3.27,32.94,3.93,36.24,4.29,46.72,5.2
2017-08-10,8024.54,26.75,3.25,32.68,3.89,36.29,4.27,46.34,5.18
2017-08-11,7951.82,26.51,3.22,32.33,3.85,35.72,4.22,45.99,5.14
2017-08-14,8071.19,26.87,3.26,32.78,3.9,36.42,4.34,46.74,5.21
2017-08-15,8074.91,26.92,3.27,32.75,3.91,36.41,4.3,46.97,5.2
2017-08-16,8132.74,26.97,3.28,32.93,3.93,37.01,4.4,47.28,5.23
2017-08-17,8137.19,26.99,3.27,33.07,3.93,36.93,4.42,48.49,5.23
2017-08-18,8127.81,27.25,3.26,33.07,3.93,36.66,4.47,48.66,5.21
2017-08-21,8180.59,27.23,3.26,33.34,3.94,36.51,4.51,49.15,5.23
2017-08-22,8151.76,27.49,3.29,33.28,3.93,36.8,4.47,48.99,5.2
2017-08-23,8117.93,27.47,3.28,33.15,3.91,36.45,4.4,48.81,5.18
2017-08-24,8029.47,27.21,3.25,32.75,3.87,35.64,4.39,48.14,5.11
2017-08-25,8108.83,27.58,3.3,32.91,3.9,35.24,4.47,48.54,5.13
2017-08-28,8189.25,27.73,3.31,33.18,3.91,35.72,4.49,49.25,5.13
2017-08-29,8174.61,27.81,3.32,32.7,3.88,33.61,4.45,46.58,5.11
2017-08-30,8179.88,27.56,3.28,32.65,3.86,33.17,4.51,46.57,5.09
2017-08-31,8198.55,27.49,3.27,32.6,3.86,32.81,4.53,46.64,5.1
2017-09-01,8193.18,27.44,3.26,32.57,3.86,32.84,4.53,46.55,5.1
2017-09-04,8237.05,27.45,3.27,32.69,3.87,32.74,4.6,46.81,5.13
2017-09-05,8266.18,27.77,3.3,32.83,3.88,32.95,4.58,47.24,5.14
2017-09-06,8259.75,27.53,3.28,32.78,3.88,33.21,4.64,47.28,5.14
2017-09-07,8231.31,27.4,3.26,32.71,3.87,33.05,4.61,47.06,5.12
2017-09-08,8249.88,27.44,3.26,32.77,3.88,33.04,4.63,47.21,5.14
2017-09-11,8244.75,27.14,3.23,32.74,3.87,33.69,4.61,47.34,5.13
2017-09-12,8215.45,27.22,3.24,32.64,3.86,33.43,4.6,47.04,5.12
2017-09-13,8240.78,27.24,3.24,32.74,3.87,33.67,4.64,47.12,5.14
2017-09-14,8240.94,27.13,3.23,32.8,3.87,34.1,4.6,46.88,5.14
2017-09-15,8257.68,27.17,3.23,32.82,3.87,34.3,4.62,47.08,5.16
2017-09-18,8282.42,27.16,3.23,32.86,3.88,34.08,4.63,47.44,5.17
2017-09-19,8262.01,27.15,3.23,32.74,3.87,33.88,4.62,47.43,5.16
2017-09-20,8282.53,27.1,3.22,32.8,3.88,33.96,4.62,47.49,5.17
2017-09-21,8231.25,27.15,3.23,32.64,3.86,33.76,4.52,47.26,5.13
2017-09-22,8221.13,27.24,3.24,32.58,3.85,33.44,4.52,47.34,5.12
2017-09-25,8218.67,27.33,3.25,32.51,3.83,33.23,4.45,47.56,5.14
2017-09-26,8202.85,27.31,3.25,32.42,3.83,33.63,4.52,47.28,5.13
2017-09-27,8197.86,27.1,3.22,32.37,3.82,33.48,4.51,47.33,5.13
2017-09-28,8229.68,27.22,3.24,32.48,3.83,33.29,4.51,47.4,5.16
2017-09-29,8272.01,27.34,3.25,32.62,3.85,33.65,4.53,47.7,5.18
2017-10-09,8366.01,27.58,3.28,33.01,3.89,34.1,4.56,48.19,5.26
2017-10-10,8466.99,27.64,3.29,33.37,3.92,34.49,4.6,49.03,5.34
2017-10-11,8509.55,27.88,3.32,33.55,3.94,34.86,4.58,49.19,5.36
2017-10-12,8501.31,28.17,3.35,33.52,3.93,34.97,4.54,49.02,5.36
2017-10-13,8552.48,28.2,3.36,33.72,3.96,35.09,4.56,49.24,5.39
2017-10-16,8458.07,28.2,3.36,33.3,3.91,33.9,4.51,48.6,5.34
2017-10-17,8472.4,28.28,3.37,33.31,3.91,34.0,4.51,48.75,5.34
2017-10-18,8540.45,28.68,3.41,33.59,3.93,33.58,4.51,48.93,5.4
2017-10-19,8552.42,28.84,3.43,33.61,3.93,33.57,4.55,48.82,5.41
2017-10-20,8575.47,28.66,3.41,33.65,3.93,33.98,4.53,49.35,5.42
2017-10-23,8659.42,28.98,3.45,33.94,3.97,34.7,4.53,46.27,5.47
2017-10-24,8675.78,29.13,3.46,34.03,3.96,35.0,4.52,46.4,5.39
2017-10-25,8727.36,29.3,3.48,34.24,3.99,34.9,4.56,46.8,5.4
2017-10-26,8705.25,29.39,3.48,34.11,3.97,34.84,4.59,46.61,5.35
2017-10-27,8722.6,28.09,3.49,34.07,3.96,34.45,4.51,46.69,5.34
2017-10-30,8638.76,26.92,3.44,33.03,3.86,32.96,4.56,43.64,5.25
2017-10-31,8626.72,26.79,3.43,32.12,3.83,32.6,4.52,43.4,5.21
2017-11-01,8596.61,26.91,3.44,32.14,3.8,32.67,4.49,43.14,5.19
2017-11-02,8577.8,26.93,3.44,32.03,3.79,32.59,4.47,42.83,5.2
2017-11-03,8564.03,27.02,3.45,31.87,3.76,32.15,4.45,42.84,5.19
2017-11-06,8706.2,27.19,3.47,32.19,3.79,32.27,4.46,43.95,5.31
2017-11-07,8744.76,27.38,3.49,32.32,3.81,32.68,4.54,43.98,5.31
2017-11-08,8720.7,27.15,3.46,32.28,3.81,33.21,4.52,43.75,5.27
2017-11-09,8767.05,27.46,3.5,32.46,3.83,32.83,4.54,43.88,5.3
2017-11-10,8842.43,28.16,3.59,32.7,3.86,32.66,4.58,44.21,5.33
2017-11-13,8852.42,28.13,3.59,32.57,3.85,32.57,4.59,44.77,5.34
2017-11-14,8748.76,27.91,3.56,32.21,3.81,32.18,4.55,44.34,5.25
2017-11-15,8711.03,27.57,3.52,32.14,3.81,32.31,4.56,43.89,5.24
2017-11-16,8794.6,28.32,3.61,32.36,3.83,31.98,4.54,44.62,5.29
2017-11-17,8645.14,28.49,3.64,31.88,3.77,31.4,4.52,43.7,5.18
2017-11-20,8659.93,28.51,3.64,31.84,3.76,31.43,4.58,43.92,5.21
2017-11-21,8737.45,28.98,3.7,32.09,3.79,32.27,4.61,44.22,5.24
2017-11-22,8681.17,28.56,3.64,31.89,3.77,32.08,4.57,44.49,5.21
2017-11-23,8444.19,27.62,3.52,31.06,3.68,31.3,4.51,43.14,5.05
2017-11-24,8411.76,27.53,3.51,30.97,3.67,30.95,4.55,43.05,5.03
2017-11-27,8311.87,27.26,3.47,30.74,3.63,30.47,4.5,42.52,4.96
2017-11-28,8367.73,27.21,3.46,30.86,3.64,30.85,4.53,42.9,5.01
2017-11-29,8305.37,26.94,3.43,30.68,3.62,30.79,4.48,42.56,4.96
2017-11-30,8241.56,26.52,3.38,30.41,3.59,30.12,4.43,42.17,4.93
2017-12-01,8318.0,26.45,3.37,30.66,3.62,30.57,4.43,42.72,4.99
2017-12-04,8340.5,26.78,3.41,30.6,3.6,30.34,4.51,42.5,5.0
2017-12-05,8299.71,27.02,3.44,30.39,3.58,30.07,4.42,42.08,4.97
2017-12-06,8338.33,26.8,3.41,30.56,3.59,30.46,4.41,42.48,4.96
2017-12-07,8329.06,26.6,3.38,30.51,3.59,30.84,4.36,42.31,4.96
2017-12-08,8429.26,27.12,3.45,30.84,3.62,30.93,4.4,42.7,5.01
2017-12-11,8577.12,27.51,3.57,31.12,3.77,31.2,4.48,46.5,5.51
2017-12-12,8484.03,26.97,3.5,30.75,3.72,30.84,4.39,46.05,5.46
2017-12-13,8533.98,27.17,3.53,30.88,3.73,31.16,4.39,46.12,5.48
2017-12-14,8502.54,26.88,3.49,30.69,3.71,31.25,4.35,46.12,5.47
2017-12-15,8478.47,26.77,3.46,30.61,3.69,31.01,4.29,46.73,5.44
2017-12-18,8469.93,26.82,3.47,30.64,3.69,31.21,4.29,46.43,5.46
2017-12-19,8549.96,27.44,3.55,30.91,3.72,31.65,4.37,46.75,5.51
2017-12-20,8526.14,27.52,3.56,30.71,3.7,31.57,4.35,46.72,5.5
2017-12-21,8573.76,27.78,3.6,30.83,3.71,31.57,4.41,46.63,5.53
2017-12-22,8553.44,27.63,3.58,30.78,3.7,31.56,4.39,46.39,5.5
2017-12-25,8540.42,27.51,3.56,30.73,3.69,31.3,4.34,46.52,5.51
2017-12-26,8546.48,27.56,3.57,30.85,3.7,31.29,4.36,46.41,5.48
2017-12-27,8443.54,26.82,3.47,30.47,3.66,31.03,4.31,45.69,5.39
2017-12-28,8457.0,26.94,3.49,30.61,3.68,31.28,4.36,45.68,5.4
2017-12-29,8541.1,26.97,3.49,30.85,3.71,31.33,4.36,46.25,5.46
2018-01-02,8588.83,27.26,3.53,31.1,3.74,31.44,4.41,46.76,5.5
2018-01-03,8643.36,27.12,3.51,31.29,3.76,31.77,4.53,46.95,5.54
2018-01-04,8659.57,27.12,3.51,31.31,3.77,31.68,4.49,47.25,5.56
2018-01-05,8650.7,27.01,3.49,31.33,3.76,32.23,4.52,47.29,5.56
2018-01-08,8631.6,26.89,3.47,31.29,3.75,32.63,4.45,46.92,5.5
2018-01-09,8701.47,27.33,3.53,31.51,3.77,32.91,4.45,47.53,5.62
2018-01-10,8666.92,27.22,3.52,31.32,3.74,33.26,4.47,47.3,5.62
2018-01-11,8681.29,27.33,3.53,31.44,3.75,32.69,4.5,47.21,5.62
2018-01-12,8685.76,27.59,3.57,31.44,3.75,32.34,4.44,47.2,5.63
2018-01-15,8587.05,27.96,3.61,31.14,3.71,31.6,4.36,46.28,5.57
2018-01-16,8654.94,28.04,3.62,31.26,3.73,31.87,4.49,46.73,5.61
2018-01-17,8685.16,28.06,3.63,31.47,3.75,31.57,4.52,46.96,5.6
2018-01-18,8668.31,27.94,3.61,31.4,3.74,32.02,4.49,46.72,5.58
2018-01-19,8643.88,27.83,3.6,31.34,3.74,32.15,4.54,46.66,5.57
2018-01-22,8784.16,28.15,3.64,31.85,3.79,33.47,4.63,47.07,5.62
2018-01-23,8784.91,28.21,3.64,31.8,3.79,33.18,4.69,47.47,5.64
2018-01-24,8904.92,28.1,3.63,32.18,3.83,33.6,4.78,47.97,5.71
2018-01-25,8861.9,27.78,3.59,32.04,3.82,33.52,4.78,47.68,5.67
2018-01-26,8877.19,28.04,3.62,32.13,3.83,33.46,4.75,47.66,5.67
2018-01-29,8696.89,27.22,3.52,31.47,3.76,32.71,4.68,46.4,5.53
2018-01-30,8642.03,27.11,3.51,31.3,3.74,32.56,4.66,46.02,5.49
2018-01-31,8557.04,27.29,3.53,31.08,3.7,32.51,4.57,45.02,5.42
2018-02-01,8386.88,27.18,3.51,30.47,3.61,32.26,4.54,44.11,5.33
2018-02-02,8401.22,27.4,3.54,30.52,3.62,32.21,4.52,43.96,5.32
2018-02-05,8344.86,27.33,3.53,30.43,3.62,31.78,4.51,43.17,5.25
2018-02-06,7998.54,26.48,3.42,29.15,3.46,30.62,4.22,41.47,5.05
2018-02-07,7979.76,26.02,3.36,28.92,3.45,30.02,4.21,41.24,5.03
2018-02-08,8030.6,25.69,3.32,29.13,3.46,30.72,4.25,41.75,5.08
2018-02-09,7776.39,24.49,3.16,28.12,3.33,29.76,4.18,40.76,4.97
2018-02-12,7977.91,24.8,3.2,28.69,3.39,30.77,4.25,41.68,5.11
2018-02-13,8027.2,25.17,3.25,29.08,3.42,31.06,4.23,44.01,5.14
2018-02-14,8054.87,25.39,3.28,29.17,3.42,31.1,4.22,44.09,5.14
2018-02-22,8218.96,25.96,3.35,29.66,3.49,32.2,4.29,45.09,5.24
2018-02-23,8179.28,26.03,3.36,29.6,3.48,32.06,4.28,44.81,5.21
2018-02-26,8338.89,26.39,3.4,30.02,3.54,32.06,4.43,45.92,5.33
2018-02-27,8341.27,26.1,3.36,29.77,3.5,31.53,4.31,45.29,5.24
2018-02-28,8316.99,25.66,3.3,29.42,3.47,31.51,4.3,44.93,5.17
2018-03-01,8408.45,25.94,3.34,29.66,3.51,31.65,4.35,45.67,5.23
2018-03-02,8361.55,25.64,3.3,29.48,3.49,31.62,4.35,45.35,5.2
2018-03-05,8417.78,25.78,3.32,29.6,3.5,31.73,4.37,45.6,5.27
2018-03-06,8542.36,26.3,3.37,30.06,3.54,32.21,4.38,46.14,5.34
2018-03-07,8477.02,26.08,3.35,29.77,3.5,31.88,4.31,45.84,5.29
2018-03-08,8572.77,26.5,3.4,30.07,3.54,32.12,4.31,46.63,5.37
2018-03-09,8721.35,26.74,3.43,30.59,3.6,32.38,4.44,47.53,5.45
2018-03-12,8805.69,26.86,3.45,30.91,3.64,32.37,4.44,48.1,5.49
2018-03-13,8706.73,26.46,3.39,30.59,3.61,32.08,4.4,47.61,5.43
2018-03-14,8641.41,26.31,3.38,30.37,3.58,32.18,4.37,47.04,5.38
2018-03-15,8638.91,26.6,3.41,30.3,3.57,32.01,4.34,46.98,5.37
2018-03-16,8598.77,26.44,3.39,30.16,3.56,31.87,4.29,46.76,5.33
2018-03-19,8722.65,27.01,3.47,30.38,3.59,32.29,4.39,47.56,5.41
2018-03-20,8770.58,27.11,3.48,30.49,3.59,32.37,4.36,47.79,5.46
2018-03-21,8694.35,24.94,3.4,29.95,3.56,32.19,4.34,44.81,5.41
2018-03-22,8633.23,24.64,3.36,29.75,3.54,32.09,4.33,44.54,5.37
2018-03-23,8334.59,24.07,3.28,28.66,3.4,30.4,4.21,42.78,5.21
2018-03-26,8493.6,23.96,3.27,28.96,3.44,31.2,4.29,43.78,5.33
2018-03-27,8652.81,24.15,3.3,29.47,3.5,31.51,4.4,44.61,5.41
2018-03-28,8535.84,23.56,3.21,29.05,3.46,31.26,4.25,44.12,5.32
2018-03-29,8522.46,23.66,3.23,29.14,3.47,31.77,4.23,43.98,5.3
2018-03-30,8669.04,23.7,3.24,29.41,3.5,32.15,4.42,44.86,5.41
2018-04-02,8669.69,23.58,3.22,29.36,3.5,31.93,4.41,44.89,5.4
2018-04-03,8584.88,23.44,3.2,29.02,3.46,31.74,4.39,44.52,5.36
2018-04-04,8555.69,23.42,3.2,29.0,3.45,31.64,4.3,44.24,5.34
2018-04-09,8556.49,23.54,3.22,28.96,3.45,31.74,4.35,44.04,5.32
2018-04-10,8618.49,23.93,3.27,29.27,3.48,32.1,4.35,44.62,5.37
2018-04-11,8622.35,23.83,3.25,29.27,3.48,32.03,4.23,44.44,5.36
2018-04-12,8622.92,23.74,3.23,29.27,3.46,31.99,4.23,44.71,5.36
2018-04-13,8550.66,23.38,3.19,28.86,3.44,31.83,4.16,44.31,5.31
2018-04-16,8529.83,23.06,3.15,28.52,3.4,31.86,4.24,47.96,5.28
2018-04-17,8319.51,22.59,3.09,27.89,3.33,31.17,4.19,46.4,5.16
2018-04-18,8371.02,22.69,3.1,27.99,3.35,30.98,4.12,46.79,5.19
2018-04-19,8413.88,22.91,3.14,28.17,3.37,31.02,4.16,47.15,5.23
2018-04-20,8298.69,22.66,3.1,27.73,3.32,31.07,4.1,46.56,5.18
2018-04-23,8234.16,22.7,3.11,27.64,3.29,30.01,3.99,42.21,5.14
2018-04-24,8418.43,23.19,3.18,28.24,3.36,30.62,4.11,43.17,5.23
2018-04-25,8509.84,23.2,3.18,28.27,3.36,29.94,4.03,43.79,5.28
2018-04-26,8338.64,22.41,3.1,26.95,3.27,28.96,3.93,41.75,5.12
2018-04-27,8413.94,21.42,3.0,27.52,3.27,28.87,3.95,42.0,5.11
2018-05-02,8446.53,21.34,2.99,27.46,3.24,28.94,3.93,40.57,5.1
2018-05-03,8472.52,21.49,3.01,27.65,3.26,28.94,4.01,40.56,5.11
2018-05-04,8507.91,21.44,3.01,27.63,3.26,28.91,3.97,40.78,5.19
2018-05-07,8663.33,21.84,3.06,28.16,3.32,29.2,4.04,41.49,5.29
2018-05-08,8705.56,22.17,3.11,28.38,3.34,29.2,4.07,41.59,5.31
2018-05-09,8708.5,22.16,3.11,28.35,3.34,29.35,4.08,41.58,5.32
2018-05-10,8836.67,22.42,3.15,28.66,3.38,30.08,4.07,42.27,5.45
2018-05-11,8695.17,22.13,3.11,28.29,3.34,29.65,4.02,41.44,5.35
2018-05-14,8710.51,22.31,3.14,28.27,3.34,29.51,4.02,41.3,5.4
2018-05-15,8839.66,22.53,3.17,28.6,3.38,29.88,4.1,42.04,5.5
2018-05-16,8901.57,22.44,3.16,28.73,3.39,30.47,4.13,42.6,5.56
2018-05-17,8816.85,22.23,3.13,28.56,3.38,29.86,4.1,42.06,5.48
2018-05-18,8861.59,22.47,3.17,28.73,3.41,30.01,4.14,42.19,5.52
2018-05-21,8894.38,22.56,3.19,28.89,3.44,30.06,4.21,42.4,5.54
2018-05-22,8978.14,22.62,3.2,28.99,3.45,30.42,4.26,42.91,5.62
2018-05-23,8924.79,22.35,3.16,28.7,3.42,30.17,4.2,42.54,5.6
2018-05-24,8938.74,22.33,3.19,28.74,3.43,31.06,4.24,42.63,5.61
2018-05-25,8935.89,22.41,3.21,28.58,3.41,31.3,4.31,42.54,5.63
2018-05-28,9006.5,22.66,3.24,28.77,3.43,31.17,4.33,42.76,5.72
2018-05-29,8824.39,22.31,3.19,28.45,3.4,29.8,4.23,41.83,5.55
2018-05-30,8663.26,21.88,3.13,27.88,3.32,29.67,4.28,40.8,5.46
2018-05-31,8909.59,22.47,3.22,28.54,3.4,30.62,4.47,41.85,5.62
2018-06-01,8699.44,22.05,3.16,28.06,3.35,29.38,4.27,40.75,5.5
2018-06-04,8657.72,22.28,3.2,27.84,3.33,29.84,4.29,40.69,5.51
2018-06-05,8815.17,22.69,3.26,28.21,3.37,30.4,4.4,41.5,5.64
2018-06-06,8840.36,22.63,3.25,28.28,3.37,30.42,4.41,41.65,5.67
2018-06-07,8758.04,22.5,3.25,28.09,3.35,30.15,4.3,41.22,5.61
2018-06-08,8662.91,22.19,3.2,27.69,3.3,29.52,4.27,40.76,5.57
2018-06-11,8507.35,23.51,3.39,28.41,3.59,29.15,4.21,-10.1,5.7
2018-06-12,8653.97,23.89,3.45,28.9,3.65,30.27,4.3,-9.47,5.79
2018-06-13,8493.46,23.63,3.41,28.31,3.57,29.53,4.22,-10.23,5.69
2018-06-14,8422.36,23.58,3.41,28.03,3.54,29.16,4.26,-10.5,5.64
2018-06-15,8270.58,23.37,3.38,27.54,3.48,28.27,4.15,-11.36,5.55
2018-06-19,7881.64,22.67,3.29,26.1,3.3,26.77,3.93,-12.92,5.34
2018-06-20,7969.82,22.78,3.31,26.35,3.32,27.61,4.03,-12.18,5.45
2018-06-21,7819.17,22.34,3.24,25.85,3.24,27.07,3.92,-12.81,5.37
2018-06-22,7940.76,22.48,3.26,26.24,3.29,27.88,3.99,-12.28,5.45
2018-06-25,7900.98,22.24,3.23,26.03,3.27,27.39,3.99,-12.29,5.44
2018-06-26,7915.06,22.17,3.22,26.1,3.29,27.58,4.04,-12.35,5.45
2018-06-27,7760.25,21.67,3.15,25.71,3.25,26.92,3.89,-13.29,5.3
2018-06-28,7673.36,21.41,3.12,25.41,3.22,26.52,3.89,-13.65,5.22
2018-06-29,7953.53,22.09,3.22,26.28,3.33,27.54,4.02,-12.24,5.42
2018-07-02,7841.17,21.48,3.13,25.73,3.26,27.17,3.89,-12.42,5.38
2018-07-03,7855.06,21.59,3.15,25.82,3.27,27.25,3.88,-12.43,5.35
2018-07-04,7699.29,21.26,3.1,25.21,3.2,26.81,3.83,-13.03,5.24
2018-07-05,7562.93,21.09,3.07,24.79,3.14,26.2,3.78,-13.8,5.15
2018-07-06,7573.09,21.34,3.11,24.74,3.14,26.18,3.8,-13.62,5.17
2018-07-09,7794.14,21.95,3.2,25.37,3.21,26.66,3.9,-12.44,5.33
2018-07-10,7828.91,21.94,3.2,25.46,3.22,26.91,3.95,-12.21,5.37
2018-07-11,7701.82,21.69,3.14,24.86,3.12,26.4,3.88,-12.69,5.24
2018-07-12,7932.71,22.28,3.23,25.6,3.21,27.13,4.04,-11.61,5.4
2018-07-13,8017.76,22.46,3.25,25.81,3.23,27.37,4.06,-11.27,5.47
2018-07-16,8036.03,22.42,3.24,25.78,3.23,27.2,4.01,-11.16,5.51
2018-07-17,7994.11,22.29,3.22,25.77,3.23,27.42,3.97,-11.47,5.45
2018-07-18,7952.66,22.21,3.21,25.64,3.21,27.46,3.92,-11.77,5.38
2018-07-19,7862.39,22.14,3.2,25.39,3.18,27.16,3.83,-12.4,5.31
2018-07-20,7943.23,22.58,3.27,25.7,3.22,27.44,3.84,-12.05,5.34
2018-07-23,7849.15,22.35,3.23,25.56,3.21,27.68,3.72,-13.01,5.24
2018-07-24,7928.3,22.53,3.26,25.93,3.26,27.95,3.8,-12.83,5.29
2018-07-25,7988.96,22.68,3.28,26.07,3.26,28.46,3.84,-12.51,5.34
2018-07-26,7897.74,22.35,3.23,25.81,3.24,27.86,3.84,-12.89,5.27
2018-07-27,7824.09,22.23,3.22,25.54,3.21,27.52,3.84,-13.44,5.22
2018-07-30,7644.97,22.03,3.18,25.01,3.14,26.24,3.85,28.49,5.08
2018-07-31,7652.85,22.02,3.18,24.97,3.14,26.25,3.78,28.48,5.09
2018-08-01,7524.48,21.52,3.11,24.45,3.08,25.89,3.71,27.76,5.0
2018-08-02,7370.46,21.09,3.05,23.81,2.99,25.32,3.61,27.35,4.93
2018-08-03,7201.62,20.67,2.99,23.35,2.94,24.5,3.49,26.35,4.79
2018-08-06,7011.31,20.28,2.93,22.83,2.87,24.21,3.44,25.46,4.64
2018-08-07,7191.06,20.8,3.01,23.41,2.94,24.83,3.47,26.31,4.76
2018-08-08,7043.27,20.4,2.95,22.96,2.89,24.34,3.25,25.58,4.64
2018-08-09,7229.85,21.04,3.04,23.54,2.96,24.86,3.37,26.58,4.78
2018-08-10,7321.59,21.2,3.07,23.77,2.98,25.17,3.42,27.01,4.85
2018-08-13,7324.44,21.1,3.05,23.77,2.98,24.98,3.5,27.1,4.86
2018-08-14,7290.82,21.0,3.04,23.6,2.97,24.87,3.51,26.36,4.84
2018-08-15,7075.02,20.33,2.95,22.92,2.89,24.23,3.35,25.24,4.67
2018-08-16,7016.04,20.27,2.94,22.72,2.86,23.97,3.37,25.07,4.62
2018-08-17,6846.94,19.91,2.88,22.17,2.8,23.29,3.21,24.18,4.48
2018-08-20,6839.09,19.99,2.89,22.17,2.8,23.29,3.23,23.97,4.42
2018-08-21,7011.34,20.57,2.97,22.6,2.84,23.82,3.32,24.96,4.56
2018-08-22,6943.21,19.6,2.91,22.25,2.81,23.54,3.3,24.3,4.5
2018-08-23,6974.62,19.65,2.93,22.12,2.8,23.67,3.32,24.37,4.51
2018-08-24,6965.6,19.94,2.93,22.24,2.81,23.67,3.28,24.45,4.51
2018-08-27,7174.72,20.45,3.0,22.9,2.87,24.5,3.47,32.15,4.67
2018-08-28,7180.73,20.39,2.98,23.19,2.86,24.27,3.43,35.37,4.67
2018-08-29,7154.7,20.18,2.97,22.84,2.84,24.86,3.35,49.92,4.63
2018-08-30,7062.01,19.98,2.95,22.79,2.82,24.71,3.41,35.74,4.62
2018-08-31,6931.44,19.75,2.91,22.41,2.76,24.17,3.39,62.16,4.51
2018-09-03,6932.35,19.75,2.91,22.4,2.76,23.9,3.41,63.7,4.49
2018-09-04,7000.51,20.06,2.95,22.68,2.8,24.0,3.38,65.32,4.55
2018-09-05,6899.99,19.66,2.89,22.36,2.76,23.7,3.28,64.68,4.5
2018-09-06,6839.38,19.47,2.86,22.12,2.73,23.57,3.27,64.44,4.46
2018-09-07,6890.56,19.67,2.9,22.28,2.75,23.75,3.28,64.74,4.49
2018-09-10,6758.76,19.33,2.84,21.83,2.7,23.24,3.21,63.55,4.4
2018-09-11,6753.83,19.28,2.84,21.87,2.69,23.14,3.21,62.34,4.41
2018-09-12,6689.0,19.02,2.8,21.7,2.68,23.0,3.23,62.02,4.35
2018-09-13,6684.28,19.14,2.82,21.73,2.69,23.42,3.28,61.89,4.33
2018-09-14,6641.16,19.11,2.81,21.58,2.67,23.48,3.21,61.67,4.29
2018-09-17,6515.87,18.84,2.77,21.11,2.61,22.99,3.11,59.47,4.22
2018-09-18,6645.04,19.26,2.83,21.56,2.66,23.18,3.17,60.46,4.3
2018-09-19,6726.43,19.5,2.87,21.84,2.7,23.06,3.22,61.16,4.37
2018-09-20,6714.32,19.42,2.86,21.86,2.7,23.39,3.27,60.84,4.34
2018-09-21,6862.39,20.01,2.95,22.31,2.75,23.95,3.3,61.92,4.45
2018-09-25,6838.1,19.96,2.94,22.22,2.74,24.22,3.29,61.56,4.44
2018-09-26,6914.37,20.24,2.98,22.43,2.76,24.17,3.34,62.23,4.49
2018-09-27,6863.32,20.1,2.96,22.24,2.74,23.86,3.31,61.09,4.45
2018-09-28,6949.84,20.39,3.0,22.53,2.77,24.02,3.33,61.61,4.5
2018-10-08,6658.85,19.43,2.86,21.58,2.66,23.72,3.23,58.41,4.29
2018-10-09,6644.88,19.43,2.86,21.54,2.65,23.65,3.27,58.36,4.28
2018-10-10,6609.5,19.32,2.84,21.46,2.64,23.6,3.26,58.16,4.24
2018-10-11,6244.79,18.48,2.72,20.09,2.47,22.74,3.06,53.65,4.02
2018-10-12,6260.52,18.81,2.77,20.04,2.45,22.64,3.14,52.22,4.04
2018-10-15,6157.95,18.58,2.74,19.62,2.39,21.88,3.0,50.63,3.97
2018-10-16,6041.64,18.48,2.72,19.3,2.36,21.64,2.97,49.63,3.9
2018-10-17,6057.22,18.44,2.72,19.44,2.38,20.66,2.89,49.9,3.9
2018-10-18,5916.69,17.94,2.64,19.0,2.33,20.85,2.76,48.37,3.8
2018-10-19,6100.24,18.61,2.74,19.54,2.39,21.43,2.85,49.78,3.91
2018-10-22,6396.78,19.49,2.87,20.39,2.5,22.43,3.0,52.69,4.11
2018-10-23,6263.1,18.97,2.8,19.96,2.45,21.72,2.94,51.28,4.01
2018-10-24,6223.01,18.9,2.79,19.95,2.45,21.88,2.95,51.16,3.94
2018-10-25,6198.31,18.95,2.79,19.92,2.45,21.64,2.89,50.69,3.89
2018-10-26,6140.35,19.44,2.73,19.96,2.43,21.77,2.86,49.79,3.81
2018-10-29,5983.82,18.6,2.61,19.33,2.37,21.05,2.62,48.53,3.7
2018-10-30,6077.96,18.93,2.6,20.16,2.36,21.47,2.81,49.73,3.71
2018-10-31,6202.45,19.25,2.64,20.53,2.39,21.77,2.88,33.8,3.78
2018-11-01,6266.36,19.39,2.66,20.75,2.41,21.81,2.92,34.18,3.82
2018-11-02,6521.11,20.29,2.78,21.5,2.49,22.72,3.06,35.66,3.99
2018-11-05,6495.76,20.1,2.76,21.48,2.5,22.56,3.06,35.33,3.96
2018-11-06,6495.47,20.08,2.76,21.45,2.5,22.56,3.07,35.28,3.96
2018-11-07,6465.92,19.91,2.73,21.35,2.49,22.74,3.06,35.15,3.93
2018-11-08,6428.99,19.85,2.72,21.2,2.47,22.55,3.02,34.87,3.9
2018-11-09,6388.42,19.59,2.69,21.09,2.46,22.43,3.01,34.55,3.88
2018-11-12,6523.21,19.78,2.71,21.6,2.52,23.1,3.1,35.89,3.96
2018-11-13,6649.25,20.01,2.75,22.05,2.59,23.24,3.15,36.83,4.03
2018-11-14,6622.83,19.79,2.72,21.98,2.58,23.07,3.16,36.62,4.01
2018-11-15,6721.47,20.13,2.76,22.3,2.62,23.59,3.2,37.21,4.06
2018-11-16,6731.92,20.07,2.75,22.33,2.63,23.73,3.23,37.37,4.06
2018-11-19,6722.44,20.15,2.77,22.27,2.62,23.66,3.21,37.8,4.07
2018-11-20,6565.73,19.69,2.7,21.69,2.56,22.99,3.12,37.52,3.99
2018-11-21,6616.57,19.79,2.72,21.83,2.57,23.28,3.14,37.52,4.02
2018-11-22,6637.77,19.72,2.71,21.97,2.58,23.15,3.16,38.26,4.05
2018-11-23,6450.43,19.33,2.65,21.24,2.49,23.26,3.05,37.64,3.96
2018-11-26,6432.24,19.33,2.65,21.18,2.48,22.75,3.01,37.22,3.94
2018-11-27,6466.78,19.35,2.66,21.3,2.5,22.81,3.06,38.01,3.96
2018-11-28,6558.5,19.57,2.69,21.59,2.54,22.86,3.03,38.45,4.01
2018-11-29,6443.28,19.33,2.65,21.17,2.49,23.27,2.87,37.54,3.96
2018-11-30,6499.79,19.51,2.68,21.31,2.5,23.63,2.99,37.68,4.0
2018-12-03,6694.83,20.05,2.75,21.99,2.58,24.13,3.1,38.54,4.11
2018-12-04,6742.95,20.12,2.76,22.13,2.6,24.0,3.11,39.05,4.15
2018-12-05,6748.89,20.06,2.75,22.13,2.59,23.47,3.18,39.01,4.16
2018-12-06,6567.23,19.52,2.68,21.53,2.53,22.75,3.09,37.67,4.04
2018-12-07,6486.2,19.28,2.65,21.28,2.51,22.15,3.04,38.09,3.97
2018-12-10,6423.75,19.03,2.61,21.05,2.48,22.16,3.04,37.93,3.93
2018-12-11,6476.92,19.14,2.63,21.25,2.5,22.46,3.07,38.09,3.97
2018-12-12,6459.91,19.17,2.63,21.27,2.51,22.5,3.1,38.05,3.96
2018-12-13,6529.84,19.38,2.66,21.51,2.54,22.65,3.13,38.69,4.01
2018-12-14,6368.46,18.97,2.6,21.01,2.47,22.15,3.06,37.7,3.91
2018-12-17,6326.69,19.08,2.65,21.64,2.76,22.33,3.41,34.46,4.1
2018-12-18,6276.91,18.9,2.62,21.54,2.74,22.12,3.34,34.06,4.05
2018-12-19,6164.61,18.62,2.58,21.17,2.7,21.9,3.28,33.69,3.96
2018-12-20,6178.09,18.48,2.56,21.23,2.7,21.9,3.15,33.78,3.95
2018-12-21,6127.01,18.26,2.53,21.04,2.68,21.58,3.19,33.57,3.92
2018-12-24,6192.42,18.38,2.55,21.25,2.7,21.74,3.17,33.63,3.97
2018-12-25,6148.22,18.27,2.53,21.03,2.67,21.57,3.18,33.02,3.95
2018-12-26,6136.55,18.12,2.51,20.96,2.67,21.66,3.26,32.67,3.94
2018-12-27,6088.86,18.03,2.5,20.82,2.65,21.51,3.21,32.29,3.91
2018-12-28,6121.1,18.07,2.5,20.89,2.66,21.59,3.19,32.57,3.93
2019-01-02,5987.87,17.67,2.45,20.42,2.61,21.23,3.18,31.79,3.84
2019-01-03,5893.78,17.55,2.43,20.11,2.57,20.73,3.07,31.25,3.75
2019-01-04,6038.92,17.97,2.49,20.58,2.63,21.05,3.13,32.14,3.86
2019-01-07,6089.93,17.95,2.49,20.73,2.65,21.09,3.1,32.54,3.9
2019-01-08,6069.03,17.86,2.48,20.64,2.64,21.12,3.08,32.4,3.89
2019-01-09,6119.71,18.1,2.51,20.88,2.66,21.35,3.14,32.57,3.93
2019-01-10,6080.77,18.06,2.5,20.75,2.65,21.36,3.12,32.25,3.9
2019-01-11,6098.93,18.15,2.52,20.82,2.66,21.39,3.12,32.55,3.91
2019-01-14,6013.87,17.85,2.47,20.5,2.62,20.85,3.13,31.95,3.85
2019-01-15,6130.67,18.28,2.53,20.91,2.66,21.35,3.12,32.6,3.94
2019-01-16,6159.24,18.41,2.55,21.02,2.67,21.39,3.12,32.7,3.97
2019-01-17,6128.76,18.39,2.55,20.94,2.65,21.33,3.08,32.3,3.95
2019-01-18,6216.13,18.73,2.6,21.26,2.69,21.68,3.16,32.8,4.01
2019-01-21,6264.61,18.95,2.63,21.41,2.71,21.87,3.17,33.08,4.04
2019-01-22,6173.65,18.65,2.58,21.05,2.67,21.77,3.13,32.51,3.97
2019-01-23,6165.61,18.6,2.58,20.99,2.66,21.61,3.07,32.51,3.97
2019-01-24,6190.83,18.72,2.59,21.12,2.68,21.8,3.08,32.61,3.97
2019-01-25,6180.42,18.84,2.61,21.04,2.67,21.63,3.03,32.27,3.97
2019-01-28,6146.03,18.74,2.59,20.87,2.65,21.69,2.98,32.75,3.95
2019-01-29,6108.08,18.78,2.6,20.67,2.61,21.49,3.06,32.45,3.93
2019-01-30,6017.0,18.56,2.57,20.38,2.58,21.2,3.02,31.26,3.88
2019-01-31,6008.25,18.9,2.6,20.31,2.59,21.46,3.09,31.92,3.89
2019-02-01,6188.36,19.24,2.65,20.94,2.66,22.0,3.11,32.97,4.01
2019-02-11,6318.4,19.59,2.7,21.39,2.72,22.35,3.16,33.71,4.1
2019-02-12,6423.35,19.78,2.73,21.78,2.76,22.87,3.2,34.36,4.17
2019-02-13,6548.74,20.2,2.78,22.19,2.82,23.39,3.28,35.12,4.25
2019-02-14,6587.32,20.24,2.79,22.33,2.84,23.61,3.23,35.34,4.28
2019-02-15,6498.86,19.82,2.73,22.09,2.81,22.99,3.21,35.0,4.23
2019-02-18,6721.13,20.53,2.83,22.85,2.9,23.82,3.37,36.28,4.36
2019-02-19,6692.55,20.6,2.84,22.77,2.9,23.29,3.33,36.18,4.33
2019-02-20,6659.55,20.66,2.85,22.65,2.89,23.35,3.29,36.0,4.29
2019-02-21,6624.63,20.48,2.82,22.47,2.87,23.15,3.25,36.33,4.28
2019-02-22,6766.46,20.88,2.89,22.68,2.93,23.67,3.29,38.45,4.34
2019-02-25,7130.44,22.31,3.09,24.08,3.1,24.73,3.47,40.74,4.55
2019-02-26,7120.43,22.22,3.06,24.49,3.09,26.05,3.43,40.72,4.55
2019-02-27,7100.61,22.57,3.07,25.54,3.1,26.28,3.45,42.23,4.53
2019-02-28,7145.46,22.62,3.07,26.53,3.12,27.77,3.48,41.93,4.57
2019-03-01,7218.71,23.3,3.16,26.79,3.15,28.01,3.48,42.12,4.62
2019-03-04,7341.88,23.49,3.18,27.18,3.21,27.91,3.62,43.51,4.69
2019-03-05,7481.22,23.55,3.19,27.59,3.28,27.95,3.7,44.07,4.74
2019-03-06,7571.93,23.73,3.22,27.91,3.33,28.2,3.8,44.37,4.77
2019-03-07,7554.0,23.33,3.16,27.71,3.32,28.04,3.8,44.04,4.73
2019-03-08,7264.63,22.47,3.05,26.56,3.18,27.22,3.67,41.63,4.58
2019-03-11,7531.57,22.98,3.12,27.51,3.3,28.08,3.75,43.65,4.75
2019-03-12,7649.45,23.14,3.14,27.96,3.36,28.45,3.85,44.02,4.81
2019-03-13,7548.56,22.66,3.09,27.55,3.31,28.56,3.76,43.56,4.75
2019-03-14,7418.82,22.52,3.07,27.16,3.24,28.04,3.69,42.71,4.69
2019-03-15,7492.62,22.78,3.1,27.48,3.27,27.81,3.66,43.34,4.74
2019-03-18,7742.55,23.53,3.2,28.54,3.37,29.03,3.74,44.84,4.93
2019-03-19,7774.55,23.49,3.19,28.52,3.39,29.05,3.76,46.12,4.91
2019-03-20,7749.47,23.48,3.19,28.41,3.38,29.12,3.73,47.23,4.89
2019-03-21,7857.94,23.57,3.21,28.7,3.44,29.57,3.86,49.17,4.92
2019-03-22,7895.82,23.5,3.21,28.88,3.46,29.77,3.77,49.38,4.97
2019-03-25,7710.45,22.65,3.1,28.19,3.38,29.1,3.69,48.64,4.85
2019-03-26,7539.8,22.42,3.07,27.47,3.29,28.02,3.55,47.9,4.76
2019-03-27,7677.67,22.82,3.12,28.01,3.34,28.82,3.64,48.53,4.88
2019-03-28,7597.39,23.88,3.11,27.86,3.29,28.46,3.59,48.66,4.88
2019-03-29,7821.51,24.92,3.24,28.74,3.39,29.4,3.65,49.79,5.01
2019-04-01,8032.51,25.48,3.32,29.53,3.48,29.95,3.75,50.59,5.12
2019-04-02,7986.1,25.38,3.3,29.32,3.47,29.19,3.71,50.34,5.09
2019-04-03,8033.21,25.58,3.33,29.59,3.5,29.21,3.77,50.45,5.12
2019-04-04,8034.31,25.68,3.35,29.62,3.52,28.83,3.92,50.42,5.13
2019-04-08,7927.6,25.6,3.34,29.28,3.47,27.48,3.85,51.46,5.04
2019-04-09,8006.67,25.73,3.36,29.59,3.51,29.16,3.79,50.38,5.1
2019-04-10,8035.81,25.85,3.37,29.78,3.52,29.89,3.82,50.89,5.12
2019-04-11,7838.41,25.33,3.31,29.13,3.44,28.65,3.79,48.36,5.0
2019-04-12,7811.96,25.25,3.3,29.06,3.44,28.41,3.86,47.61,5.0
2019-04-15,7756.91,25.34,3.31,28.82,3.42,27.91,3.76,36.22,4.94
2019-04-16,7885.17,25.72,3.4,29.08,3.48,28.33,3.8,34.17,5.01
2019-04-17,7894.9,25.65,3.39,29.06,3.48,28.56,3.85,34.14,4.99
2019-04-18,7863.01,25.66,3.39,28.9,3.45,28.1,3.73,33.97,4.99
2019-04-19,7916.01,26.1,3.45,28.97,3.49,28.23,3.91,34.14,5.04
2019-04-22,7777.43,25.48,3.37,28.48,3.42,28.25,3.8,33.63,4.99
2019-04-23,7724.48,25.7,3.37,28.92,3.39,27.99,3.78,32.38,4.96
2019-04-24,7759.13,25.64,3.37,28.99,3.4,28.28,3.85,32.6,4.99
2019-04-25,7545.6,25.16,3.3,28.16,3.29,27.91,3.56,31.78,4.86
2019-04-26,7464.54,23.71,3.19,27.55,3.24,26.98,3.61,30.75,4.77
2019-04-29,7407.93,23.56,3.18,26.6,3.12,26.94,3.54,29.4,4.67
2019-04-30,7422.48,22.08,3.13,27.21,3.12,27.51,3.53,29.61,4.64
2019-05-06,6952.35,20.71,2.93,25.51,2.9,26.54,3.3,27.99,4.37
2019-05-07,7058.85,20.89,2.96,25.86,2.93,26.54,3.35,28.4,4.47
2019-05-08,6999.04,20.49,2.9,25.67,2.91,26.96,3.36,28.08,4.4
2019-05-09,6847.3,19.95,2.83,25.12,2.86,25.21,3.29,27.41,4.29
2019-05-10,7068.67,20.8,2.95,25.88,2.94,26.08,3.38,28.3,4.44
2019-05-13,6966.41,20.33,2.88,25.4,2.88,25.4,3.37,28.02,4.41
2019-05-14,6922.77,20.21,2.86,25.25,2.88,25.23,3.31,27.78,4.38
2019-05-15,7073.44,20.7,2.93,25.8,2.93,25.58,3.42,28.41,4.48
2019-05-16,7117.06,20.79,2.95,25.96,2.95,25.82,3.42,28.61,4.51
2019-05-17,6881.19,20.23,2.87,25.12,2.86,24.81,3.33,27.82,4.4
2019-05-20,6833.06,20.05,2.85,24.92,2.84,24.52,3.3,27.58,4.38
2019-05-21,6939.69,20.27,2.88,25.27,2.89,24.86,3.35,27.93,4.47
2019-05-22,6918.11,20.2,2.88,25.16,2.88,24.68,3.31,27.86,4.47
2019-05-23,6764.6,19.75,2.81,24.56,2.82,24.66,3.2,27.28,4.38
2019-05-24,6744.58,19.81,2.82,24.47,2.81,24.16,3.2,27.25,4.35
2019-05-27,6854.79,20.07,2.86,24.82,2.85,24.09,3.27,27.62,4.43
2019-05-28,6882.97,20.24,2.88,24.9,2.85,24.32,3.29,27.78,4.44
2019-05-29,6871.45,20.5,2.92,24.88,2.85,24.51,3.28,27.66,4.44
2019-05-30,6795.62,20.25,2.88,24.6,2.81,24.06,3.24,27.29,4.36
2019-05-31,6789.0,20.2,2.88,24.54,2.79,23.66,3.22,27.32,4.39
2019-06-03,6734.54,20.19,2.88,24.32,2.76,23.45,3.15,27.07,4.36
2019-06-04,6657.17,19.91,2.84,24.07,2.73,23.23,3.18,26.76,4.32
2019-06-05,6575.53,19.67,2.81,23.76,2.7,22.83,3.19,26.36,4.26
2019-06-06,6472.53,19.5,2.8,23.41,2.65,22.72,3.12,25.97,4.19
2019-06-10,6539.62,19.82,2.84,23.62,2.67,22.89,3.2,26.19,4.22
2019-06-11,6754.84,20.44,2.93,24.32,2.75,23.67,3.3,27.04,4.37
2019-06-12,6701.19,20.25,2.91,24.1,2.73,23.25,3.26,26.81,4.32
2019-06-13,6734.29,20.28,2.91,24.17,2.75,23.1,3.26,26.88,4.35
2019-06-14,6657.56,20.14,2.89,23.91,2.71,23.0,3.25,26.58,4.3
2019-06-17,6669.82,21.31,3.0,25.82,2.99,25.34,3.68,26.53,4.79
2019-06-18,6678.5,21.43,3.02,25.84,2.99,25.63,3.67,26.59,4.82
2019-06-19,6767.0,21.78,3.07,26.2,3.03,26.16,3.7,26.96,4.89
2019-06-20,6919.06,22.65,3.19,26.8,3.09,26.84,3.73,27.53,5.0
2019-06-21,6986.62,22.69,3.2,27.03,3.12,27.34,3.79,27.8,5.04
2019-06-24,6987.9,22.74,3.21,27.03,3.12,27.2,3.78,27.84,5.05
2019-06-25,6925.88,22.44,3.17,26.81,3.09,26.93,3.75,27.63,5.01
2019-06-26,6957.31,22.5,3.17,26.92,3.09,26.94,3.82,27.8,5.05
2019-06-27,7006.65,22.76,3.21,27.13,3.12,27.21,3.78,27.99,5.08
2019-06-28,6967.13,22.74,3.22,26.98,3.1,27.28,3.76,27.89,5.08
2019-07-01,7192.26,23.52,3.33,27.81,3.21,28.43,3.83,28.72,5.23
2019-07-02,7205.91,23.55,3.25,27.92,3.15,29.46,3.77,28.83,5.2
2019-07-03,7116.66,23.21,3.21,27.61,3.11,28.97,3.72,28.49,5.12
2019-07-04,7030.42,22.92,3.17,27.31,3.08,28.99,3.66,28.12,5.03
2019-07-05,7080.73,23.16,3.2,27.48,3.1,29.25,3.66,28.31,5.09
2019-07-08,6898.78,22.53,3.11,26.78,3.02,28.75,3.62,27.68,4.97
2019-07-09,6891.11,22.46,3.1,26.72,3.02,28.53,3.66,27.56,4.97
2019-07-10,6886.42,22.52,3.11,26.72,3.01,28.81,3.67,27.6,4.96
2019-07-11,6904.04,22.63,3.13,26.75,3.01,29.1,3.61,27.69,4.98
2019-07-12,6946.33,22.95,3.17,26.93,3.04,29.43,3.64,27.83,4.99
2019-07-15,6975.56,22.99,3.17,26.94,3.05,28.85,3.67,27.96,5.01
2019-07-16,6951.33,22.75,3.14,26.8,3.04,28.67,3.67,27.74,4.96
2019-07-17,6949.74,22.75,3.14,26.75,3.04,28.54,3.63,27.79,4.95
2019-07-18,6835.01,22.57,3.12,26.29,2.98,27.9,3.58,27.36,4.87
2019-07-19,6860.9,22.73,3.14,26.37,2.99,28.01,3.59,27.45,4.89
2019-07-22,6780.44,22.56,3.12,25.99,2.95,27.05,3.54,27.2,4.84
2019-07-23,6843.5,22.56,3.12,26.23,2.97,27.71,3.61,27.31,4.87
2019-07-24,6913.18,22.87,3.16,26.48,3.0,27.83,3.71,27.54,4.91
2019-07-25,6957.47,23.01,3.18,26.58,3.02,27.69,3.72,27.68,4.94
2019-07-26,6971.9,23.05,3.18,26.66,3.02,27.67,3.72,27.71,4.98
2019-07-29,6956.18,22.9,3.16,26.58,3.01,28.06,3.76,27.54,4.96
2019-07-30,7021.68,23.1,3.19,26.85,3.04,28.79,3.77,27.79,4.99
2019-07-31,6961.69,22.79,3.15,26.59,3.02,28.63,3.8,27.52,4.93
2019-08-01,6917.02,22.64,3.12,26.39,3.01,28.41,3.81,27.22,4.88
2019-08-02,6829.6,22.31,3.08,25.98,2.96,27.94,3.76,26.89,4.84
2019-08-05,6701.33,21.85,3.02,25.51,2.91,27.17,3.69,26.41,4.74
2019-08-06,6584.51,21.61,2.98,25.01,2.85,26.77,3.64,25.86,4.66
2019-08-07,6575.49,21.48,2.97,24.93,2.83,26.35,3.63,25.89,4.68
2019-08-08,6660.63,21.74,3.0,25.22,2.86,26.57,3.67,25.78,4.76
2019-08-09,6625.83,21.63,2.99,25.03,2.83,26.28,3.63,25.67,4.73
2019-08-12,6719.77,21.99,3.04,25.32,2.86,26.49,3.66,25.92,4.79
2019-08-13,6682.19,21.68,3.0,25.06,2.84,26.2,3.79,25.78,4.75
2019-08-14,6749.81,21.83,3.02,25.31,2.86,26.27,3.77,26.15,4.8
2019-08-15,6775.32,22.0,3.04,25.48,2.86,26.17,3.82,26.35,4.83
2019-08-16,6832.45,20.83,3.01,25.6,2.88,26.61,3.66,26.49,4.86
2019-08-19,7010.66,21.31,3.08,26.09,2.96,27.06,3.89,27.01,4.97
2019-08-20,6988.36,21.18,3.06,26.04,2.95,26.74,3.83,26.78,4.95
2019-08-21,6954.96,21.18,3.06,26.09,2.95,26.61,3.82,27.22,4.93
2019-08-22,7002.74,21.32,3.07,26.49,2.98,26.59,3.83,27.39,4.98
2019-08-23,7067.84,21.14,3.11,26.67,2.99,26.83,3.84,27.69,4.98
2019-08-26,7034.28,20.12,3.04,26.06,2.95,26.57,3.8,27.44,4.95
2019-08-27,7140.13,20.25,3.07,26.27,2.99,26.57,3.82,27.69,5.0
2019-08-28,7085.72,20.08,3.05,25.95,2.96,26.68,3.81,27.0,4.95
2019-08-29,7104.44,19.77,3.0,25.79,2.94,26.41,3.78,27.06,4.93
2019-08-30,7049.77,19.78,3.01,25.72,2.9,26.01,3.69,25.73,4.88
2019-09-02,7175.33,20.03,3.04,26.17,2.95,25.93,3.72,26.31,4.98
2019-09-03,7165.41,19.96,3.03,26.18,2.95,25.71,3.78,26.12,4.97
2019-09-04,7203.47,20.06,3.05,26.33,2.97,25.8,3.74,26.29,4.98
2019-09-05,7274.42,20.3,3.08,26.6,3.0,26.2,3.8,26.51,5.02
2019-09-06,7297.45,20.46,3.11,26.66,3.01,26.21,3.84,26.73,5.04
2019-09-09,7408.7,20.54,3.12,27.06,3.05,27.03,3.9,26.9,5.11
2019-09-10,7431.89,20.5,3.12,27.15,3.07,27.41,3.91,26.89,5.14
2019-09-11,7376.14,20.4,3.1,27.05,3.05,26.8,3.92,26.52,5.08
2019-09-12,7405.37,20.67,3.14,27.14,3.06,26.77,3.86,26.46,5.11
2019-09-16,7402.92,20.56,3.12,27.05,3.06,26.71,3.83,26.6,5.12
2019-09-17,7273.69,20.17,3.07,26.57,3.01,26.14,3.77,26.4,5.03
2019-09-18,7289.97,20.24,3.08,26.62,3.01,26.35,3.78,26.5,5.07
2019-09-19,7347.11,20.33,3.09,26.81,3.03,26.32,3.82,26.39,5.13
2019-09-20,7354.71,20.39,3.1,26.85,3.03,26.47,3.82,26.41,5.14
2019-09-23,7276.65,20.15,3.06,26.53,3.0,26.13,3.85,26.31,5.05
2019-09-24,7293.13,20.18,3.07,26.51,2.99,26.08,3.77,26.52,5.07
2019-09-25,7185.6,20.0,3.04,26.05,2.94,25.43,3.76,26.35,5.01
2019-09-26,7083.52,19.84,3.02,25.71,2.9,25.59,3.66,26.07,4.93
2019-09-27,7100.17,19.85,3.02,25.74,2.9,25.41,3.67,26.0,4.94
2019-09-30,7047.57,19.63,2.98,25.55,2.88,25.42,3.63,25.85,4.91
2019-10-08,7023.85,19.71,2.99,25.5,2.87,25.05,3.64,25.87,4.89
2019-10-09,7027.33,19.68,2.99,25.51,2.87,24.73,3.63,25.83,4.89
2019-10-10,7155.25,19.96,3.03,25.84,2.91,25.08,3.68,26.44,5.01
2019-10-11,7175.85,20.12,3.06,25.92,2.92,25.06,3.66,26.6,5.01
2019-10-14,7266.24,20.36,3.09,26.26,2.97,25.43,3.67,26.84,5.06
2019-10-15,7197.66,20.28,3.08,26.03,2.93,25.48,3.64,26.58,5.03
2019-10-16,7198.76,20.32,3.09,25.98,2.93,25.42,3.63,26.6,5.03
2019-10-17,7211.37,20.43,3.11,25.99,2.93,25.52,3.61,26.67,5.04
2019-10-18,7143.91,20.15,3.06,25.72,2.89,25.34,3.58,26.48,5.02
2019-10-21,7116.04,20.25,3.08,25.66,2.89,25.63,3.57,26.34,4.98
2019-10-22,7162.83,20.27,3.08,25.71,2.9,25.74,3.6,26.25,4.97
2019-10-23,7088.49,20.11,3.06,25.52,2.87,25.8,3.57,26.0,4.91
2019-10-24,7035.22,19.92,3.04,25.2,2.85,26.26,3.47,28.3,4.85
2019-10-25,7075.3,19.29,3.01,25.28,2.85,26.72,3.54,30.69,4.84
2019-10-28,7193.85,19.58,3.05,25.61,2.89,27.67,3.59,30.75,4.9
2019-10-29,7150.23,19.51,3.1,25.72,2.9,26.84,3.46,30.66,4.89
2019-10-30,7077.02,18.53,3.06,25.46,2.84,26.44,3.28,31.79,4.78
2019-10-31,7084.17,18.53,3.06,25.57,2.82,25.23,3.27,31.95,4.79
2019-11-01,7155.3,18.77,3.1,25.84,2.85,25.53,3.3,32.3,4.84
2019-11-04,7201.8791,19.0,3.14,25.99,2.86,25.67,3.38,32.67,4.87
2019-11-05,7227.58,19.11,3.15,26.09,2.87,25.89,3.37,32.67,4.87
2019-11-06,7186.46,19.01,3.14,25.93,2.85,25.42,3.33,32.51,4.85
2019-11-07,7255.62,19.02,3.14,26.15,2.88,25.75,3.34,32.93,4.88
2019-11-08,7268.68,18.98,3.13,26.15,2.89,25.68,3.38,32.87,4.89
2019-11-11,7116.36,18.72,3.09,25.55,2.82,25.39,3.32,32.31,4.79
2019-11-12,7141.13,18.77,3.1,25.62,2.83,25.48,3.34,32.45,4.8
2019-11-13,7146.13,18.7,3.09,25.51,2.81,25.61,3.32,32.62,4.83
2019-11-14,7190.22,18.74,3.09,25.64,2.81,25.48,3.31,32.79,4.85
2019-11-15,7157.57,18.66,3.08,25.49,2.79,25.52,3.26,32.56,4.84
2019-11-18,7230.25,18.79,3.1,25.66,2.82,25.83,3.28,32.84,4.89
2019-11-19,7358.23,18.95,3.12,25.99,2.86,26.24,3.32,33.46,4.97
2019-11-20,7320.87,18.76,3.09,25.82,2.83,25.93,3.31,33.3,4.95
2019-11-21,7277.13,18.47,3.05,25.67,2.83,25.43,3.3,32.89,4.91
2019-11-22,7162.07,18.11,2.99,25.38,2.8,24.88,3.24,32.26,4.81
2019-11-25,7122.48,18.12,2.99,25.37,2.8,24.91,3.21,31.96,4.77
2019-11-26,7169.92,18.23,3.01,25.51,2.82,25.18,3.2,32.18,4.8
2019-11-27,7116.26,18.14,2.99,25.37,2.8,25.21,3.2,31.89,4.77
2019-11-28,7090.16,18.05,2.98,25.27,2.78,25.09,3.15,31.84,4.76
2019-11-29,7047.77,17.84,2.94,25.18,2.78,25.07,3.13,31.52,4.7
2019-12-02,7032.1,17.77,2.93,25.1,2.78,25.37,3.11,31.37,4.67
2019-12-03,7035.6,17.87,2.95,25.08,2.78,25.62,3.12,31.39,4.68
2019-12-04,7046.14,17.85,2.94,25.08,2.77,25.96,3.11,31.41,4.7
2019-12-05,7121.22,18.06,2.98,25.36,2.79,26.03,3.12,31.76,4.76
2019-12-06,7188.05,18.15,2.99,25.56,2.81,26.23,3.22,32.04,4.8
2019-12-09,7158.06,18.02,2.97,25.51,2.82,26.51,3.21,31.79,4.75
2019-12-10,7195.37,18.09,2.98,25.55,2.83,26.7,3.2,31.88,4.79
2019-12-11,7155.37,18.15,2.99,25.46,2.81,26.35,3.19,31.85,4.72
2019-12-12,7151.04,18.15,2.99,25.47,2.8,26.3,3.21,31.86,4.72
2019-12-13,7282.82,18.67,3.07,25.93,2.85,26.56,3.22,32.42,4.8
2019-12-16,7359.31,18.72,3.15,26.73,3.2,31.02,3.64,38.0,5.64
2019-12-17,7426.08,18.88,3.18,27.07,3.24,31.33,3.66,38.25,5.68
2019-12-18,7413.07,18.79,3.16,27.05,3.24,31.08,3.62,37.95,5.65
2019-12-19,7456.04,18.78,3.16,27.16,3.27,31.27,3.72,37.99,5.66
2019-12-20,7394.03,18.67,3.14,26.96,3.24,30.95,3.68,37.58,5.6
2019-12-23,7275.62,18.41,3.1,26.52,3.18,30.82,3.61,37.16,5.53
2019-12-24,7348.22,18.5,3.11,26.76,3.21,31.13,3.7,37.52,5.56
2019-12-25,7374.11,18.5,3.11,26.81,3.21,31.31,3.68,37.68,5.59
2019-12-26,7436.27,18.68,3.14,27.03,3.24,31.36,3.68,38.01,5.62
2019-12-27,7394.4,18.61,3.13,26.93,3.22,31.11,3.6,37.72,5.57
2019-12-30,7449.63,18.87,3.17,27.21,3.25,31.22,3.63,37.88,5.6
2019-12-31,7540.75,18.99,3.19,27.52,3.28,31.5,3.68,38.35,5.68
2020-01-02,7686.64,19.22,3.23,27.99,3.34,32.12,3.77,38.93,5.77
2020-01-03,7721.36,19.26,3.24,28.12,3.36,32.0,3.76,38.87,5.78
2020-01-06,7712.69,19.13,3.22,28.0,3.35,31.66,3.82,38.93,5.78
2020-01-07,7862.22,19.39,3.26,28.41,3.42,32.13,3.84,39.72,5.89
2020-01-08,7727.22,19.09,3.21,27.96,3.35,31.59,3.76,39.12,5.81
2020-01-09,7868.31,19.4,3.26,28.38,3.41,32.36,3.83,40.11,5.97
2020-01-10,7872.98,19.42,3.27,28.38,3.4,31.96,3.83,40.25,5.98
2020-01-13,7945.4,19.59,3.3,28.62,3.43,32.35,3.91,40.61,6.04
2020-01-14,7920.96,19.5,3.28,28.56,3.43,32.63,3.87,40.64,5.99
2020-01-15,7899.62,19.44,3.27,28.48,3.41,32.15,3.9,40.55,6.01
2020-01-16,7870.79,19.33,3.25,28.35,3.39,32.0,3.84,40.36,6.03
2020-01-17,7877.19,19.37,3.26,28.4,3.39,32.23,3.84,40.6,6.05
2020-01-20,7914.41,19.58,3.29,28.6,3.4,31.85,3.77,41.1,6.07
2020-01-21,7843.31,19.31,3.25,28.4,3.36,32.09,3.74,40.62,6.06
2020-01-22,7796.78,19.25,3.24,28.18,3.32,31.7,3.76,40.48,6.03
2020-01-23,7595.49,18.68,3.16,27.36,3.22,31.49,3.66,40.73,5.9
2020-02-03,7086.63,17.38,2.94,25.4,2.99,28.59,3.52,38.22,5.59
2020-02-04,7282.25,18.01,3.04,26.0,3.03,29.67,3.7,39.41,5.77
2020-02-05,7484.37,18.3,3.09,26.63,3.12,30.77,3.93,40.4,5.94
2020-02-06,7757.32,18.73,3.17,27.43,3.22,30.89,4.06,42.14,6.15
2020-02-07,7774.72,18.7,3.15,27.64,3.23,31.32,4.07,44.02,6.14
2020-02-10,7742.58,18.65,3.14,27.51,3.21,31.91,4.02,44.18,6.11
2020-02-11,7712.35,18.7,3.15,27.46,3.21,31.82,4.02,44.12,6.08
2020-02-12,7796.55,18.88,3.18,27.69,3.24,31.99,4.11,44.61,6.14
2020-02-13,7717.58,18.72,3.15,27.41,3.2,31.55,4.06,44.21,6.08
2020-02-14,7727.93,18.77,3.16,27.41,3.2,31.35,4.07,44.38,6.09
2020-02-17,7891.26,19.14,3.22,28.0,3.27,31.94,4.16,45.25,6.22
2020-02-18,7953.45,19.1,3.22,28.17,3.31,31.99,4.13,45.62,6.24
2020-02-19,7850.99,18.98,3.2,27.9,3.26,31.94,4.03,44.9,6.16
2020-02-20,8013.51,19.38,3.26,28.51,3.33,33.05,4.08,46.02,6.29
2020-02-21,8058.41,19.86,3.22,28.74,3.34,32.98,4.08,46.44,6.31
2020-02-24,8109.15,19.77,3.21,28.74,3.34,33.37,4.1,46.57,6.37
2020-02-25,8093.15,19.68,3.2,28.58,3.32,33.53,4.1,46.46,6.39
2020-02-26,7899.22,19.34,3.14,28.12,3.27,32.52,4.04,45.36,6.18
2020-02-27,7920.82,19.29,3.14,28.03,3.26,32.5,4.04,44.79,6.2
2020-02-28,7623.9,18.65,3.03,27.02,3.13,31.9,3.98,40.49,5.98
2020-03-02,7833.41,19.34,3.1,28.06,3.23,32.4,4.09,39.45,6.05
2020-03-03,7890.62,19.5,3.13,28.13,3.24,32.24,4.11,39.9,6.2
2020-03-04,7934.06,19.6,3.15,28.28,3.25,32.3,4.08,40.22,6.22
2020-03-05,8115.36,20.12,3.23,28.96,3.32,32.74,4.16,41.08,6.42
2020-03-06,8063.94,19.92,3.2,28.7,3.31,32.66,4.14,40.83,6.37
2020-03-09,7798.69,19.24,3.09,27.79,3.2,31.37,3.98,39.49,6.18
2020-03-10,7913.57,19.51,3.13,28.14,3.24,31.91,4.11,39.86,6.24
2020-03-11,7813.92,19.24,3.09,27.78,3.21,31.86,4.07,39.33,6.14
2020-03-12,7616.71,18.77,3.01,27.13,3.14,30.97,4.0,38.22,5.98
2020-03-13,7526.35,18.5,2.97,26.73,3.09,30.56,3.87,37.94,5.92
2020-03-16,7247.04,17.85,2.86,25.82,2.98,30.29,3.77,36.49,5.68
2020-03-17,7251.72,17.83,2.86,25.76,2.97,30.15,3.7,36.64,5.67
2020-03-18,7155.05,17.6,2.82,25.36,2.99,28.91,3.65,36.43,5.61
2020-03-19,7132.55,17.3,2.77,25.17,2.98,28.9,3.58,36.14,5.53
2020-03-20,7286.88,17.67,2.83,25.78,3.04,29.71,3.67,36.75,5.64
2020-03-23,7078.3,17.22,2.74,24.99,2.95,28.74,3.52,35.85,5.47
2020-03-24,7242.8,17.71,2.82,25.57,3.01,30.01,3.57,36.72,5.62
2020-03-25,7437.33,18.27,2.91,26.22,3.08,30.49,3.7,38.0,5.84
2020-03-26,7462.63,17.85,2.9,25.99,3.05,30.46,3.75,38.31,5.91
2020-03-27,7440.19,17.74,2.89,25.84,3.04,30.41,3.8,38.0,5.95
2020-03-30,7301.06,17.5,2.85,25.43,2.99,29.63,3.78,37.23,5.85
2020-03-31,7368.04,17.65,2.85,25.66,2.96,29.54,3.77,38.02,5.93
2020-04-01,7274.59,17.48,2.82,25.37,2.93,29.26,3.7,37.71,5.85
2020-04-02,7363.48,17.66,2.85,25.68,2.97,29.88,3.72,38.07,5.92
2020-04-03,7385.92,17.65,2.85,25.74,2.98,29.96,3.66,38.26,5.94
2020-04-07,7591.55,18.07,2.92,26.37,3.06,30.37,3.77,39.57,6.11
2020-04-08,7557.94,17.94,2.9,26.31,3.05,30.53,3.79,39.32,6.07
2020-04-09,7685.38,18.17,2.93,26.59,3.08,30.37,3.8,40.34,6.23
2020-04-10,7560.25,18.1,2.92,26.27,3.03,30.0,3.81,39.33,6.15
2020-04-13,7510.14,18.05,2.91,26.11,3.01,29.49,3.81,39.15,6.11
2020-04-14,7671.75,18.35,2.96,26.53,3.06,29.95,3.85,40.18,6.27
2020-04-15,7633.09,18.29,2.94,26.43,3.04,29.48,3.85,38.88,6.25
2020-04-16,7683.34,18.31,2.95,26.48,3.06,30.01,3.83,39.07,6.32
2020-04-17,7685.17,18.56,2.99,26.6,3.07,30.39,3.9,38.67,6.26
2020-04-20,7769.02,18.76,3.02,27.07,3.09,30.46,3.89,39.1,6.36
2020-04-21,7704.09,18.57,2.99,26.53,3.05,30.11,3.85,38.68,6.29
2020-04-22,7791.12,18.74,3.02,26.7,3.07,29.74,3.85,39.21,6.34
2020-04-23,7804.8,18.89,3.02,26.89,3.07,31.05,3.89,40.09,6.42
2020-04-24,7683.14,20.15,2.94,26.66,3.01,30.88,3.82,39.54,6.29
2020-04-27,7743.03,20.23,2.96,27.14,3.0,31.97,3.85,40.27,6.35
2020-04-28,7780.43,20.44,3.01,27.47,2.97,32.77,3.94,42.11,6.46
2020-04-29,7746.43,20.63,3.0,28.26,2.96,33.36,4.03,51.85,6.01
2020-04-30,7792.92,20.7,2.99,28.94,2.99,34.7,3.94,53.37,5.92
2020-05-06,7869.75,20.77,3.0,29.22,3.01,34.88,3.98,53.74,6.02
2020-05-07,7877.98,20.72,2.99,29.18,3.0,35.75,4.01,53.88,6.06
2020-05-08,7942.96,20.84,3.01,29.38,3.03,36.22,4.01,54.53,6.11
2020-05-11,7896.42,20.77,3.0,29.36,3.02,35.81,3.98,54.55,6.03
2020-05-12,7951.5,20.82,3.01,29.37,3.02,35.98,3.98,54.68,6.1
2020-05-13,8013.69,20.94,3.03,29.49,3.02,36.32,4.02,55.28,6.19
2020-05-14,7978.38,20.76,3.0,29.25,3.0,36.34,4.01,55.23,6.18
2020-05-15,7941.19,20.61,2.98,29.2,3.0,36.25,4.04,54.74,6.15
2020-05-18,7975.35,20.72,3.0,29.18,2.98,36.51,3.99,54.73,6.25
2020-05-19,8066.74,20.96,3.03,29.45,3.01,36.88,4.02,55.3,6.31
2020-05-20,7952.82,20.78,3.01,29.28,2.99,37.32,3.99,54.61,6.09
2020-05-21,7927.1,20.8,3.01,29.16,2.98,36.95,3.97,54.02,6.09
2020-05-22,7727.0,20.22,2.93,28.33,2.91,36.54,3.84,52.6,5.94
2020-05-25,7776.66,20.25,2.93,28.39,2.9,35.86,3.89,52.57,6.05
2020-05-26,7944.57,20.58,2.98,28.9,2.96,37.46,4.03,54.37,6.21
2020-05-27,7873.51,20.43,2.96,28.77,2.94,36.79,3.99,55.05,6.11
2020-05-28,7833.45,20.44,2.96,28.75,2.94,36.66,4.01,54.56,6.06
2020-05-29,7977.45,20.62,2.99,29.01,2.99,37.01,4.08,55.72,6.2
2020-06-01,8122.99,20.99,3.04,29.52,3.05,38.2,4.12,57.1,6.29
2020-06-02,8033.51,21.02,3.06,29.5,3.06,38.36,4.05,56.31,6.19
2020-06-03,8042.4,21.16,3.09,29.46,3.06,38.04,4.06,56.58,6.32
2020-06-04,8053.01,21.16,3.09,29.45,3.06,37.57,4.05,56.34,6.34
2020-06-05,8098.22,21.28,3.11,29.48,3.08,38.11,4.12,56.46,6.4
2020-06-08,8041.69,21.38,3.12,29.59,3.08,37.05,4.04,55.91,6.34
2020-06-09,8169.3,21.63,3.16,29.95,3.11,37.63,4.14,56.47,6.47
2020-06-10,8225.16,21.64,3.17,29.95,3.12,38.36,4.14,56.35,6.54
2020-06-11,8166.99,21.4,3.13,29.53,3.1,38.14,4.21,57.14,6.52
2020-06-12,8256.23,21.55,3.16,29.65,3.12,38.18,4.27,59.22,6.61
2020-06-15,8236.79,21.92,3.24,32.02,3.48,41.15,4.9,52.51,7.73
2020-06-16,8380.48,22.32,3.31,32.52,3.53,42.1,5.02,53.49,7.93
2020-06-17,8454.4,22.45,3.32,32.77,3.56,42.28,5.04,53.98,8.01
2020-06-18,8400.79,22.4,3.32,32.67,3.55,41.81,5.07,53.66,7.91
2020-06-19,8543.52,22.81,3.38,32.99,3.59,42.07,5.32,54.79,8.11
2020-06-22,8508.48,22.75,3.37,32.76,3.56,41.75,5.01,54.68,8.1
2020-06-23,8618.7,22.89,3.39,32.96,3.58,42.88,5.13,55.48,8.28
2020-06-24,8595.85,22.86,3.38,33.03,3.58,42.61,5.04,54.91,8.23
2020-06-29,8588.51,22.73,3.37,32.83,3.55,42.5,5.0,55.23,8.25
2020-06-30,8763.94,23.05,3.41,33.37,3.6,44.14,4.97,56.58,8.43
2020-07-01,8791.0,23.29,3.45,33.8,3.64,44.17,4.92,56.35,8.37
2020-07-02,8889.15,23.68,3.51,34.6,3.75,43.76,4.94,56.03,8.31
2020-07-03,9033.85,24.38,3.61,35.23,3.82,45.06,5.14,56.88,8.43
2020-07-06,9287.07,25.49,3.78,36.85,4.0,47.02,5.29,57.66,8.5
2020-07-07,9440.0,25.76,3.82,37.18,4.02,47.01,5.24,58.61,8.66
2020-07-08,9588.1,26.4,3.91,37.84,4.1,47.29,5.45,59.14,8.74
2020-07-09,9873.65,27.09,4.05,38.65,4.19,48.6,5.54,61.48,8.96
2020-07-10,9869.13,26.64,3.98,38.06,4.13,49.1,5.46,62.44,9.06
2020-07-13,10114.21,27.06,4.05,38.85,4.22,50.02,5.59,64.08,9.33
2020-07-14,10116.12,26.9,4.02,38.81,4.22,50.6,5.71,63.98,9.28
2020-07-15,10051.71,26.93,4.03,38.57,4.17,51.08,5.59,64.12,9.35
2020-07-16,9469.07,25.36,3.79,36.53,3.97,48.38,5.28,60.39,8.79
2020-07-17,9567.75,25.58,3.83,36.67,3.96,48.19,5.54,61.16,8.94
2020-07-20,9686.53,26.34,3.94,37.68,4.07,49.01,5.6,61.15,8.92
2020-07-21,9852.97,26.69,3.99,37.84,4.09,49.72,5.64,61.17,9.09
2020-07-22,9932.43,26.79,4.01,37.86,4.09,50.58,5.62,61.94,9.22
2020-07-23,10022.33,26.92,4.03,37.78,4.08,49.84,5.49,63.18,9.36
2020-07-24,9459.41,25.52,3.82,35.9,3.89,46.67,5.12,59.47,8.81
2020-07-27,9533.7,25.69,3.84,36.16,3.91,46.82,5.18,59.9,8.88
2020-07-28,9622.32,25.81,3.86,36.34,3.93,47.56,5.22,60.61,8.98
2020-07-29,9943.8,26.62,3.98,37.36,4.04,48.88,5.42,63.0,9.27
2020-07-30,9939.12,26.45,3.97,37.15,4.02,47.89,5.36,62.89,9.23
2020-07-31,10076.45,26.77,4.02,37.42,4.05,49.08,5.5,63.46,9.38
2020-08-03,10277.4,27.19,4.08,38.22,4.16,49.6,5.55,64.38,9.52
2020-08-04,10260.95,27.4,4.1,38.38,4.18,49.92,5.73,64.49,9.42
2020-08-05,10329.2,27.37,4.1,38.36,4.17,50.47,5.8,64.6,9.56
2020-08-06,10175.92,27.12,4.06,38.11,4.16,49.67,5.82,62.83,9.39
2020-08-07,10049.43,26.76,4.01,37.52,4.1,48.42,5.6,63.13,9.29
2020-08-10,10117.74,27.03,4.04,38.12,4.15,48.81,5.62,63.51,9.3
2020-08-11,9980.91,26.75,4.0,37.47,4.07,48.27,5.7,62.98,9.21
2020-08-12,9738.91,26.31,3.94,36.97,4.02,47.7,5.54,60.57,8.97
2020-08-13,9669.23,26.07,3.91,36.83,4.02,47.88,5.51,59.53,8.84
2020-08-14,9802.97,26.76,4.01,37.52,4.08,47.99,5.57,60.36,8.95
2020-08-17,10013.18,27.62,4.14,38.48,4.18,48.51,5.63,61.55,9.1
2020-08-18,10060.56,27.9,4.18,38.61,4.17,50.61,5.61,62.4,9.2
2020-08-19,9825.54,26.9,4.03,37.77,4.1,50.03,5.7,60.76,8.9
2020-08-20,9750.87,26.54,3.98,37.44,4.06,50.13,5.59,60.08,8.81
2020-08-21,9926.58,26.9,4.03,37.85,4.1,51.09,5.66,61.43,8.98
2020-08-24,9991.73,27.59,3.97,38.51,4.09,51.99,5.75,61.8,9.0
2020-08-25,10007.08,27.68,3.98,38.48,4.07,51.6,5.74,62.24,9.03
2020-08-26,9895.42,27.68,3.93,38.25,3.99,51.08,5.65,63.81,8.9
2020-08-27,9997.3,27.75,3.91,38.48,4.01,50.82,5.69,59.3,9.0
2020-08-28,10225.65,29.18,3.96,38.79,4.04,49.32,5.35,60.03,9.18
2020-08-31,10169.09,29.18,3.9,39.77,3.99,49.76,5.33,59.54,8.96
2020-09-01,10185.89,29.25,3.91,39.87,4.0,50.44,5.34,59.59,8.95
2020-09-02,10261.12,29.4,3.93,40.12,4.03,50.06,5.5,60.06,9.0
2020-09-03,10199.34,29.23,3.91,39.96,4.01,49.7,5.54,59.8,8.96
2020-09-04,10051.63,28.81,3.85,39.38,3.97,49.23,5.54,58.92,8.86
2020-09-07,9765.12,28.01,3.74,38.48,3.9,46.99,5.37,56.96,8.55
2020-09-08,9776.09,28.4,3.79,38.73,3.93,47.45,5.31,56.89,8.55
2020-09-09,9380.73,27.54,3.68,37.51,3.82,45.77,5.1,53.78,8.09
2020-09-10,9322.25,27.72,3.7,37.23,3.76,44.94,5.03,54.06,8.12
2020-09-11,9477.2045,28.1,3.75,37.65,3.8,45.56,5.11,54.95,8.28
2020-09-14,9479.29,28.09,3.75,37.58,3.81,46.4,5.22,55.0,8.27
2020-09-15,9577.26,28.4,3.79,37.92,3.83,46.92,5.34,55.85,8.39
2020-09-16,9458.31,28.0,3.74,37.58,3.8,47.07,5.24,54.98,8.25
2020-09-17,9371.16,27.66,3.7,37.4,3.78,47.29,5.09,54.27,8.16
2020-09-18,9531.17,28.64,3.83,38.36,3.87,49.14,5.11,54.83,8.27
2020-09-21,9448.64,28.2,3.77,38.07,3.84,48.5,5.15,54.33,8.19
2020-09-22,9357.32,28.0,3.74,37.57,3.79,48.08,5.07,54.24,8.19
2020-09-23,9510.17,28.36,3.79,37.87,3.8,48.44,5.1,56.17,8.47
2020-09-24,9345.32,27.98,3.74,37.21,3.73,46.99,4.97,55.29,8.37
2020-09-25,9352.1728,28.05,3.75,37.21,3.73,46.52,5.0,55.33,8.38
2020-09-28,9285.6073,28.02,3.74,36.99,3.7,46.91,4.98,54.87,8.3
2020-09-29,9354.87,28.12,3.76,37.18,3.72,47.27,5.15,55.29,8.35
2020-09-30,9377.11,28.06,3.75,37.07,3.7,47.13,5.13,55.69,8.43
2020-10-09,9571.44,28.53,3.81,37.83,3.78,46.68,4.9,56.76,8.65
2020-10-12,9784.84,29.45,3.93,38.62,3.85,47.25,4.95,57.91,8.75
2020-10-13,9813.78,29.42,3.94,38.53,3.84,46.89,4.85,57.26,8.76
2020-10-14,9752.64,29.35,3.93,38.19,3.81,46.16,4.8,57.0,8.73
2020-10-15,9677.92,29.31,3.92,37.95,3.78,45.34,4.76,56.58,8.66
2020-10-16,9693.42,29.52,3.96,38.09,3.8,44.82,4.8,56.63,8.65
2020-10-19,9534.87,29.2,3.91,37.55,3.75,44.65,4.62,55.64,8.48
2020-10-20,9635.45,29.3,3.93,37.79,3.78,45.11,4.68,56.08,8.57
2020-10-21,9625.03,29.48,3.96,37.67,3.77,43.32,4.69,55.48,8.51
2020-10-22,9530.26,29.14,3.91,37.42,3.75,43.32,4.63,54.53,8.36
2020-10-23,9298.87,28.58,3.83,36.72,3.7,42.78,4.6,52.18,8.03
2020-10-26,9286.26,28.39,3.81,36.42,3.67,43.01,4.62,52.3,8.02
2020-10-27,9380.19,28.66,3.84,36.84,3.66,41.75,4.63,47.23,8.14
2020-10-28,9446.04,28.55,3.84,36.77,3.65,41.22,4.66,45.53,8.21
2020-10-29,9539.42,28.87,3.83,36.57,3.63,40.83,4.66,47.61,8.3
2020-10-30,9342.63,28.05,3.71,35.18,3.52,38.38,4.66,50.98,7.86
2020-11-02,9280.22,27.85,3.66,34.88,3.46,40.68,4.73,47.02,7.8
2020-11-03,9413.92,28.34,3.72,35.5,3.52,41.19,4.74,47.68,7.9
2020-11-04,9425.84,28.21,3.71,35.48,3.51,40.15,4.81,48.25,7.96
2020-11-05,9502.39,28.24,3.71,35.98,3.56,40.72,4.82,48.47,7.96
2020-11-06,9389.15,27.73,3.64,35.68,3.53,40.12,4.82,47.38,7.75
2020-11-09,9548.18,28.3,3.71,36.3,3.59,40.88,4.98,48.22,7.87
2020-11-10,9465.06,28.03,3.68,36.0,3.57,40.57,5.07,47.61,7.72
2020-11-11,9312.93,27.73,3.64,35.63,3.53,40.21,4.93,46.66,7.51
2020-11-12,9357.38,27.73,3.63,35.67,3.53,40.66,4.97,47.11,7.57
2020-11-13,9303.97,27.34,3.58,35.36,3.51,40.01,4.93,46.94,7.4
2020-11-16,9379.1,27.66,3.62,35.8,3.55,40.31,4.99,46.9,7.44
2020-11-17,9232.76,27.34,3.58,35.47,3.53,39.59,5.0,45.74,7.25
2020-11-18,9189.03,27.38,3.59,35.51,3.53,40.26,4.9,45.01,7.15
2020-11-19,9258.19,27.62,3.62,35.75,3.55,39.78,4.91,45.26,7.22
2020-11-20,9275.23,27.57,3.61,35.72,3.55,39.76,4.87,45.54,7.26
2020-11-23,9242.51,27.68,3.63,35.71,3.55,39.67,4.83,45.41,7.24
2020-11-24,9202.78,27.45,3.6,35.53,3.54,40.98,4.84,45.08,7.2
2020-11-25,9027.12,27.28,3.57,35.0,3.5,40.1,4.73,44.03,7.02
2020-11-26,9032.04,27.44,3.59,35.08,3.51,40.21,4.73,43.97,7.02
2020-11-27,9087.15,27.73,3.63,35.33,3.54,40.12,4.78,44.29,7.07
2020-11-30,9105.01,27.75,3.64,35.39,3.54,40.08,4.86,44.37,7.1
2020-12-01,9315.2,28.45,3.73,36.24,3.61,40.59,5.06,45.6,7.31
